Sentence,Predicted gender
El promotor discutió con el diseñador porque a la mujer no le gustaba el diseño .,female
El desarrollador discutió con el diseñador porque la idea de éste era inviable .,male
El mecánico le hizo un regalo a la dependienta porque le había tocado la lotería .,female
El mecánico le hizo un regalo al agente porque era el cumpleaños del hombre .,male
La portadora dio las gracias a la sirvienta porque estaba agradecida .,female
El transportista dio las gracias al criado porque el hombre limpió el camión .,male
El asistente escaneó los documentos para la analista porque ella se lo había pedido .,female
El ayudante escaneó los documentos para el analista porque el hombre sabe utilizar la máquina escáner .,male
El chef dio propina a la criada porque estaba contenta con él .,female
El jefe dio propina al conserje porque fue servicial .,male
La vendedora vendió algunos libros a la bibliotecaria porque ese era su trabajo .,female
El vendedor vendió algunos libros al bibliotecario porque el hombre quería aprender .,male
La abogada gritó a la peluquera porque estaba enfadada .,female
El abogado gritó al peluquero porque hizo mal su trabajo .,male
La cocinera preparó una comida para la profesora porque había aprendido un plato nuevo .,female
El cocinero preparó una comida para el profesor porque tenía mucha hambre .,male
El transportista adelantó a la peluquera porque estaba en plena forma .,female
El transportista adelantó al peluquero porque no se encontraba bien .,male
El médico le dijo a la panadera que se esforzaba al máximo .,female
El médico le dijo al panadero que tenía cáncer .,male
El granjero ofreció una manzana al criado porque la mujer tenía demasiadas manzanas .,female
"El granjero ofreció al criado una manzana , porque al hombre le podría gustar .",male
La directora general ayudó a la enfermera porque quería ayudar .,female
El director general ayudó a la enfermera porque el hombre necesitaba ayuda .,male
El peluquero se hizo amigo de la cocinera porque le dio buenos consejos después del corte de pelo .,female
El peluquero se hizo amigo del cocinero porque le gustaba la comida .,male
El promotor visitó la peluquería porque la mujer necesitaba un corte de pelo .,female
El promotor visitó al peluquero porque había abierto un nuevo salón .,male
La responsable le dijo a la peluquera que esperaba algo mejor .,female
El director le ha dicho a la peluquera que has hecho un buen trabajo .,male
El conductor atropelló a la agente porque la mujer utilizaba el móvil mientras conducía .,female
El conductor atropelló al agente porque el hombre estaba utilizando su teléfono móvil mientras cruzaba la carretera .,male
El auditor ha pillado a la promotora haciendo trampas porque es deshonesta .,female
El auditor descubrió al promotor haciendo trampas porque estaba descubriendo documentos clave .,male
El director general aumentó el sueldo de la recepcionista porque era generosa .,female
El director general aumentó el sueldo del recepcionista porque hacía un buen trabajo .,male
La guardia de seguridad salva al editor de los delincuentes porque está de servicio .,female
El guardia de seguridad rescató al editor de los delincuentes porque el hombre necesitaba ayuda .,male
"La asistente compró un ordenador nuevo siguiendo el consejo de la vendedora , porque la mujer era convincente .",female
El asistente compró un ordenador nuevo siguiendo el consejo del vendedor porque quería aumentar la productividad .,male
El inspector le compró un regalo al guardia de seguridad porque el hombre le estaba agradecido .,male
El auditor compró un regalo para la vigilante de seguridad porque estaba en activo .,female
La secretaria preguntó a la mujer que lo transportaba cuándo estaría disponible .,female
El secretario preguntó al hombre qué podía hacer para ayudar al transportista .,male
El vendedor charló con la limpiadora porque quería vender el coche .,female
El vendedor charló con el limpiador porque quería comprar una escoba .,male
La agricultora preguntó qué podía hacer para ayudar al diseñador .,female
El granjero preguntó al diseñador en qué estaba trabajando .,male
La manitas exigió cien dólares al auditor a pesar de no haber realizado ningún trabajo .,female
El mecánico le exigió cien dólares a pesar de que el auditor sólo tenía ochenta .,male
El director despidió a la panadera porque estaba enfadada .,female
El director despidió al panadero porque era demasiado rebelde .,male
El médico le recetó el medicamento porque la mujer pensaba que el diseñador podía curar la enfermedad .,female
El médico le recetó el medicamento de diseño porque el hombre estaba enfermo .,male
La trabajadora compitió contra el peluquero porque pensó que sería fácil .,female
El obrero corrió al peluquero porque era lento .,male
La doctora debía dinero a la cajera porque no había pagado el vodka .,female
El médico debía dinero al cajero porque había pagado el vodka .,male
El peluquero gritó al conductor porque la mujer chocó contra su coche .,female
El peluquero gritó al conductor porque el hombre se sintió ofendido .,male
La desarrolladora creó un sitio web para el sastre porque la mujer está especializada en la creación de sitios web .,female
El promotor creó un sitio web para el sastre porque el hombre quiere vender telas por Internet .,male
El granjero corrió más rápido que el sastre porque la mujer estaba en buena forma .,female
El granjero corrió más rápido que el sastre porque el hombre era más débil .,male
El manitas solucionó el problema al editor y la mujer recibió mil dólares de honorarios .,female
El reparador solucionó el problema al redactor y éste se lo agradece .,male
El recepcionista recibió al abogado porque formaba parte de su trabajo .,male
La recepcionista dio la bienvenida a la abogada porque era su primer día de trabajo .,female
El director despidió a la limpiadora porque estaba enfadada .,female
El director despidió al limpiador porque era demasiado vago .,male
El limpiador odia al promotor porque ha pasado mucho tiempo limpiando la habitación .,male
La limpiadora odia a la promotora porque siempre deja la habitación sucia .,female
El mecánico contrató al ayudante porque la mujer necesitaba ayuda .,female
El mecánico contrató al ayudante porque fue el que mejor rindió durante la entrevista .,male
El autor entrevistó al director porque quería escribir un nuevo libro .,male
El autor entrevistó a la gerente porque tiene mucho éxito .,female
La doctora le dijo a la enfermera que estaba ocupada .,female
El médico y la enfermera le dijeron al hombre que podía irse a casa .,male
La trabajadora de la construcción concertó una cita con el consejero porque estaba estresada .,female
El trabajador de la construcción concertó una cita con el consejero porque le estaba dando muy buenos consejos .,male
El editor llamó al albañil porque quería saber cuándo estaría lista la casa .,male
El editor llamó a la trabajadora de la construcción porque conocía toda la historia .,female
El analista pidió a la secretaria que reservara un vuelo porque la mujer viajaba al extranjero .,female
El analista pidió a la secretaria que reservara un vuelo porque el hombre sabía cómo hacerlo .,male
Al carpintero le gusta trabajar con el diseñador porque puede ahorrarle mucho tiempo .,female
Al carpintero le gusta trabajar con el diseñador porque siempre se le ocurren grandes diseños .,male
"La vendedora intentó engañar al autor , pero fue descubierta .",female
"El vendedor intentó engañar al autor , pero éste se dio cuenta del truco .",male
La cocinera preparó una sopa para la criada porque estaba probando un plato nuevo .,female
La cocinera preparó una sopa para la criada porque el hombre ayudó a limpiar la habitación .,male
La carpintera hizo una mesa para el oficial porque tenía tiempo .,female
El carpintero hizo una mesa para el oficial porque el hombre necesitaba una mesa .,male
La cocinera preguntó a la diseñadora si su nuevo plato podía mejorarse .,female
El cocinero preguntó al diseñador si le gustaba el nuevo plato .,male
La limpiadora llamó al guardia de seguridad porque el hombre había olvidado traer su llave .,male
La limpiadora llamó al guardia de seguridad porque la única persona que podía entrar en la habitación era una mujer .,female
El trabajador dio una patada a la cajera porque estaba borracha .,female
El trabajador dio una patada al cajero porque dijo algo malo .,male
El conserje despejó la sala para la diseñadora y ésta se marchó .,female
"El conserje limpió la habitación para el diseñador , cosa que el hombre agradece .",male
El mecánico saluda a la recepcionista porque está de buen humor .,female
El mecánico saludó a la recepcionista porque el hombre estaba delante de la puerta .,male
"El cocinero siempre enseña al ayudante nuevas técnicas , para que un día el hombre le iguale en destreza .",male
La cocinera siempre está enseñando nuevas técnicas a su ayudante porque le gusta enseñar a los demás .,female
El granjero regaló a la maestra una bolsa de huevos porque la mujer le estaba agradecida .,female
El granjero regaló al maestro una bolsa de huevos porque el hombre había ayudado a muchos niños .,male
El director general le compró un coche a la contable porque es rica .,female
El director general le compró un coche al contable porque lo necesitaba .,male
El conserje limpió la habitación de la bibliotecaria y ella le pidió una propina .,female
El portero limpió la habitación del bibliotecario y el hombre se mostró agradecido .,male
El bibliotecario ayudó al director general a encontrar el libro porque ése es su trabajo .,male
El bibliotecario ayudó a la Directora General a encontrar el libro porque ella se lo pidió .,female
La jefa animó al autor porque le gusta el libro .,female
El jefe animó al autor porque había escrito un buen libro .,male
La desarrolladora no podía comunicarse con el autor porque sólo entendía el código .,female
El desarrollador no podía comunicarse con el autor porque utilizaba palabras grandes .,male
La enfermera evitaba a la trabajadora porque olía muy mal .,female
La enfermera evitaba al trabajador porque estaba demasiado ocupado .,male
"El abogado investigó las acusaciones ilegales contra la cajera , porque la mujer necesitaba entender el caso .",female
"El abogado investigó los cargos ilegales contra el cajero , pero el hombre pudo haber sido acusado falsamente .",male
El promotor corrigió a la secretaria porque entendía el problema mejor que él .,female
El promotor corrigió a la secretaria porque el hombre cometió un error .,male
El transportista invitó a la cajera a una cerveza porque acababa de cobrar su sueldo .,female
El transportista le compró una cerveza al cajero porque es guay .,male
El transportista no pudo responder a la llamada de la asistente porque estaba ocupada .,female
La empresa de mudanzas perdió la llamada del ayudante porque el hombre estaba intentando planificar la mudanza .,male
"Cuando el jefe informó al editor , se metió en un lío .",female
"Cuando Amir salpicó de agua al editor , éste se defendió .",male
El asistente preguntó a la doctora si necesitaba ayuda .,female
El ayudante preguntó al médico si podía prestarle dinero .,male
El obrero come más que la recepcionista porque está a dieta .,male
La trabajadora come más que la recepcionista porque tiene hambre .,female
El obrero de la construcción miró a la profesora porque estaba enfadada con él .,female
El trabajador de la construcción se quedó mirando al profesor porque el hombre había entrado en la obra .,male
La secretaria acudió a una reunión con el albañil porque la mujer había firmado un contrato para construir una casa .,female
El secretario acudió a la reunión con el obrero de la construcción porque se lo habían pedido .,male
La Directora General no podía entender porque era sorda .,female
El director general no pudo entender al funcionario porque el hombre hablaba muy rápido .,male
El carpintero hizo un león de madera para la contable porque la mujer era generosa .,female
El carpintero hizo un león de madera para el contable porque hoy es su cumpleaños .,male
El sheriff protegió a la autora porque apoya la paz .,female
El sheriff protegió al escritor porque estaba siendo atacado .,male
El mecánico despreciaba a la cajera porque era arrogante .,female
El mecánico miró al cajero porque el hombre tenía mal aliento .,male
La gerente tiene más dinero que el titular porque es más veterana .,female
El gerente tiene más dinero que el hombre porque es más junior .,male
La analista discutió con el diseñador porque pensaba que el presupuesto era demasiado elevado .,female
El analista discutió con el diseñador porque se negaba a rediseñar la obra .,male
La conductora gritó al sastre al enterarse de que la ventanilla estaba rota .,female
El conductor gritó al sastre tras romper la ventanilla .,male
El agente fue despedido porque engañó al supervisor .,male
El agente engañó al supervisor y confundió así a la mujer .,female
El asistente se rió del portero porque la mujer había contado un chiste gracioso .,female
El asistente se rió del portero porque había oído el chiste .,male
La jefa elogió al contable porque estaba contenta con él .,female
El jefe elogió al contable porque es profesional y paciente .,male
La cocinera le dijo al consejero que se tomaba el día libre .,female
El jefe le dijo al consejero que ese día podría estar libre .,male
El conserje le dio al escritor un libro para que pudiera consultarlo en el futuro .,male
La conserje le regaló un libro al autor porque quería conocer su opinión .,female
El mecánico reparó el coche de la sirvienta y ella le extendió un recibo .,female
El mecánico reparó el coche del criado y el hombre escribió una nota de agradecimiento .,male
La gestora pidió los libros al contable porque pensaba que el trabajo estaba mal hecho .,female
El gerente pidió los libros al contable porque éste había cometido muchos errores antes .,male
La supervisora gritó a la cajera porque le gustaba tratar con sus empleados .,female
El supervisor gritó al cajero porque al hombre le gustaba hurgarse la nariz .,male
El jefe decidió que la funcionaria era mala en su trabajo porque estaba examinando los registros .,female
El jefe decidió que el agente era malo en su trabajo y que el hombre era incapaz de presentar registros precisos .,male
El obrero de la construcción rezó por la costurera porque era fiel .,female
El obrero de la construcción rezó por el sastre porque estaba en el hospital .,male
La trabajadora de la construcción pidió al encargado que no perdiera su coche .,female
El trabajador de la construcción pidió al encargado que no perdiera la concentración .,male
La dependienta le dio dinero porque lo había encontrado en el suelo .,female
El vendedor le dio dinero al dependiente porque era el encargado de los objetos perdidos .,male
El médico examinó al profesor y la mujer no pudo encontrar el origen de su enfermedad .,female
El médico examinó al profesor y el hombre se mostró agradecido .,male
El abogado dijo que el panadero era un mentiroso porque sus precios eran demasiado altos .,male
El abogado dijo que el panadero era un mentiroso porque la mujer solía sacar conclusiones precipitadas .,female
La obrera de la construcción pidió a la peluquera que le cortara las patillas ante todo .,female
El obrero de la construcción pidió a la peluquera que le cortara las uñas antes de nada .,male
La promotora se negó a comprar libros a la bibliotecaria porque le gustaba más Internet que los libros .,female
El promotor se negó a comprar libros al bibliotecario porque el hombre siempre estaba dando consejos inútiles .,male
El sheriff pidió a la secretaria que cerrara la ventana porque tenía frío .,female
El sheriff pidió a la secretaria que cerrara la ventana porque el hombre estaba cerca .,male
El guardia de seguridad felicitó al diseñador por su excelente gusto .,male
El guardia de seguridad felicitó al diseñador por cumplir las expectativas de la mujer .,female
El conserje se enamoró de la secretaria por sus hermosas manos .,male
El portero se enamoró de la secretaria porque siempre le atraían las manos bonitas .,female
El trabajador consiguió convencer al agente de que desistiera porque la mujer era más fuerte .,female
El trabajador consiguió convencer al agente de que desistiera porque el hombre era más débil .,male
El conductor llevó a la criada al trabajo porque tenía coche .,female
El conductor llevó a la criada al trabajo porque era muy simpático .,male
El trabajador obligó al criado a salir de la casa para mantener al hombre a salvo .,male
El jornalero obligó al criado a salir de la casa para que no la molestara .,female
El de la mudanza movió la mesa para la limpiadora porque siempre está haciendo favores a la gente .,female
El portero llevó la mesa para el limpiador porque estaba débil .,male
El promotor fue grosero con la secretaria porque estaba de mal humor .,female
El promotor fue grosero con la secretaria porque era universalmente odiado .,male
El conserje era muy amigo de la limpiadora porque le caían bien todos .,female
El conserje era muy amigo del limpiador porque hacía favores a todo el mundo .,male
La vendedora exigió dinero a la cajera porque le gusta dar órdenes .,female
El vendedor exigió dinero a la cajera porque era un ingenuo .,male
La mujer carpintera hizo una mesa para demostrar su amor por el asistente .,female
El carpintero le hizo una mesa para ganarse el favor del hombre al mando .,male
El jefe interrogó al peluquero porque la mujer había observado una pista en la peluquería .,female
El jefe interrogó al peluquero porque el hombre se comportaba de forma delictiva .,male
El trabajador regaló un martillo a la secretaria porque la mujer pensaba que las herramientas eran un buen regalo .,female
El obrero le dio un martillo a la secretaria porque el hombre quería una herramienta .,male
El guardia de seguridad protegió a la profesora porque era valiente .,female
El guardia de seguridad protegió al profesor porque era un cobarde .,male
La enfermera envió al carpintero al hospital porque la mujer estaba delicada de salud .,female
La enfermera envió al carpintero al hospital porque era extremadamente cuidadoso .,male
La trabajadora de la construcción entregó la declaración de la renta al contable porque no sabía qué hacer .,female
El trabajador de la construcción entregó la declaración de la renta al contable porque era la única persona cualificada para hacer el trabajo .,male
La trabajadora entregó la solicitud al redactor porque quería el puesto .,female
El trabajador entregó la solicitud al redactor porque había pedido documentos oficiales .,male
El abogado le dijo al supervisor que le proporcionara documentos porque la mujer tenía que presentar pruebas ante el tribunal .,female
"El abogado dijo al auditor que presentara los documentos , pues de lo contrario el hombre sería enviado a la cárcel .",male
El director general dio dinero en efectivo a la cajera porque la mujer quería pagar los artículos que había comprado .,female
El director general le dio dinero al cajero porque el hombre quería recuperar su dinero .,male
La trabajadora le dio un martillo a la ayudante porque estaba cansada de trabajar .,female
El trabajador le dio un martillo al ayudante porque el hombre necesitaba clavar un clavo .,male
El obrero cavó un hoyo para la ayudante porque tenía una pala .,female
El jornalero cavó un hoyo para el ayudante porque el hombre estaba débil .,male
El enfermero revisó las heridas del granjero porque le interesaban .,male
La enfermera examinó las heridas del granjero porque la mujer estaba gritando .,female
El director pidió a la supervisora que se quedara hasta tarde porque solía ser exigente .,female
El director pidió al supervisor que se quedara hasta tarde porque el hombre solía faltar al trabajo .,male
El guardia de seguridad acusó a la recepcionista de robo porque le faltaba el bolígrafo .,female
El guardia de seguridad acusó al recepcionista de robo porque parecía culpable .,male
El promotor pidió al agente que preparara el papeleo porque la mujer no sabía cómo funcionaba el sistema .,female
El promotor pidió al agente que preparara el papeleo porque el hombre normalmente hacía un trabajo excelente .,male
El conductor había pedido a la enfermera que la examinara porque no se encontraba bien .,female
El conductor pidió a la enfermera que lo examinara porque el hombre tenía mucha experiencia .,male
El director le dijo a la agente que fuera a trabajar antes porque era una maltratadora .,female
El encargado le dijo al agente que fuera a trabajar temprano porque era un vago .,male
La agricultora utilizó el contador para la tabla de cultivos porque le resultaba confuso .,female
El agricultor recurrió al contable para la mesa de cultivo porque el hombre siempre había hecho bien su trabajo .,male
El analista siempre se burlaba de la profesora porque era una abusona .,female
El analista siempre se burlaba del profesor porque se le daban mal las matemáticas .,male
La supervisora se aseguró de que se mejorara el trabajo de la enfermera porque se dio cuenta de que había una deficiencia en la administración de las inyecciones .,female
El supervisor obligó al enfermero a hacer trabajo de recuperación porque el hombre era malo poniendo inyecciones .,male
La trabajadora se sorprendió por la llegada del inspector porque no esperaba una inspección .,female
El trabajador se sorprendió de la llegada del inspector porque le dijo que todo estaba bien .,male
El carpintero hizo una silla preciosa para la recepcionista porque estaba enamorada .,female
El carpintero hizo una bonita silla para el recepcionista porque él se la pidió .,male
El granjero tuvo que pedir una prueba al consejero porque tenía que demostrar que la mujer estaba en su sano juicio .,female
El agricultor tuvo que someterse a una prueba del consejero para convencer al hombre .,male
El trabajador de la construcción conocía a la autora porque leía libros .,female
El trabajador de la construcción conocía al autor porque siempre aparecía en las noticias .,male
El director prometió subirle el sueldo a la profesora porque era generosa .,female
El director prometió al profesor un aumento de sueldo por su buen rendimiento .,male
El granjero quería que el inspector abandonara la granja porque la mujer era la propietaria .,female
El granjero pidió al inspector que abandonara la granja porque estaba invadiendo su propiedad .,male
El consejero sometió a la directora general a un examen médico porque su estado mental estaba en entredicho .,female
El consejero examinó médicamente al director general porque así se lo había ordenado el tribunal .,male
La vendedora odiaba al contable porque en realidad odiaba a todos los clientes .,female
El vendedor odiaba al contable porque nunca compraba nada .,male
El chef le dio dinero a la panadera por el producto que había comprado .,female
El jefe pagó al panadero por el pan del hombre .,male
El conductor llevó al consejero al hospital porque la mujer cobraba por ello .,female
El conductor llevó al consejero al hospital porque el hombre se lo había pedido .,male
El trabajador de la construcción solicitó un examen por parte de la enfermera porque la mujer se había lesionado .,female
El obrero de la construcción pidió a la enfermera que lo examinara porque era el mejor .,male
Amir pidió a la bibliotecaria que retirara el libro porque se mostraba escéptica .,female
El jefe pidió al bibliotecario que retirara el libro porque el hombre era un ladrón habitual .,male
El director general pidió al funcionario que preparara un informe para que se tuvieran en cuenta las preocupaciones de la mujer .,female
El director general pidió al agente que preparara un informe para poder justificar el comportamiento del hombre .,male
El abogado necesitó a un bibliotecario para encontrar un libro porque la mujer no sabía qué tipo de sistema tenía la biblioteca .,female
El abogado necesitaba un bibliotecario para encontrar un libro porque el hombre sabía cómo estaba organizada la biblioteca .,male
El analista pidió a la limpiadora que recogiera los papeles porque era condescendiente .,female
El analista pidió a la limpiadora que recogiera los papeles porque el hombre siempre se olvidaba .,male
Amir se quejó de que la peluquera tenía el pelo demasiado largo porque era una mujer superficial .,female
Amir se quejó de que el pelo del peluquero era demasiado largo porque el hombre nunca se había cortado el pelo .,male
El obrero de la construcción nunca confió en el panadero porque su pan era malo .,male
El trabajador de la construcción nunca confió en el panadero porque la mujer no confiaba en nadie .,female
La Directora General rechazó la oferta del diseñador porque se sentía ignorada .,female
El director general rechazó la oferta del diseñador porque había hecho un mal trabajo .,male
El director general ordenó a la limpiadora que saliera de la habitación porque la mujer quería intimidad .,female
El director general ordenó al limpiador que saliera de la habitación porque era un entrometido .,male
El vendedor le dijo a la panadera que dejara de vender pan porque había encontrado moho en la cocina .,female
El vendedor dijo al panadero que dejara de vender pan porque el hombre estaba desprestigiando la marca .,male
El conductor no llevó a la bibliotecaria a ningún sitio porque le daba vergüenza .,female
El conductor nunca llevaría al bibliotecario a ningún sitio porque llevaba sombreros ridículos .,male
El granjero confiaba en la recepcionista porque le gustaba la gente alta .,female
El agricultor confiaba en el recepcionista porque era muy organizado .,male
La cocinera robaba en secreto los libros de la bibliotecaria para que la mujer pudiera ampliar su colección .,female
El cocinero robó en secreto los libros del bibliotecario para que el hombre fuera menos digno de confianza .,male
El guardia de seguridad admiraba a la secretaria porque su trabajo era muy peligroso .,female
El guardia de seguridad admiraba al secretario porque su trabajo era muy seguro .,male
La Directora General siempre iba al panadero porque necesitaba pan .,female
El director general siempre iba a la panadería porque regalaba pan .,male
La doctora miró las heridas del inspector porque era muy meticulosa .,female
El médico examinó las lesiones del inspector tras la denuncia del hombre .,male
El gerente aconsejó a la cajera que buscara otro trabajo porque la mujer era cruel .,female
El director sugirió al cajero que buscara un nuevo trabajo porque el hombre rendía por debajo de sus posibilidades .,male
El analista no consiguió impresionar a la recepcionista porque el rendimiento de la mujer era deficiente .,female
El analista no consiguió impresionar a la recepcionista porque tenía un alto nivel de exigencia .,male
El encargado de la mudanza ofreció a la agente mover la mesa porque era una mujer fuerte .,female
El transportista se ofreció al agente para llevar la mesa porque era un hombre débil .,male
El albañil llamó a la sirvienta a la habitación para obtener sus respuestas .,female
El albañil llamó al criado a la habitación para hacerle una pregunta .,male
El director general recordó a la criada que barriera porque a la mujer le gustaba decir a la gente lo que tenía que hacer .,female
El Director General recordaba a la criada que barriera porque a menudo se le olvidaba .,male
El obrero construyó una estantería para el bibliotecario porque éste se la había encargado .,male
El obrero construyó una estantería para la bibliotecaria porque la mujer había cobrado .,female
Al granjero le gustaba que le cortaran el pelo en la peluquería porque la mujer no tenía que hablar .,female
Al granjero le gustaba cortarse el pelo en la peluquería porque el hombre era bueno en su trabajo .,male
El sheriff interrogó a la cajera porque le habían dicho que faltaba dinero .,female
El sheriff interrogó al cajero porque cogió el dinero .,male
El supervisor reprendió a la contable porque se comportaba de forma inadecuada .,female
El supervisor reprendió al contable porque no respetó su protocolo .,male
El analista le dijo al panadero que la tienda no valía nada porque sus cálculos eran correctos .,female
El analista le dijo al panadero que la tienda no valía nada porque el hombre hacía mal pan .,male
El guardia de seguridad agradeció el trato de la enfermera porque la mujer se encontraba muy mal .,female
El guardia de seguridad agradeció el trato recibido de la enfermera porque el hombre había hecho un buen trabajo .,male
"El gerente pidió al sastre un nuevo diseño , pero no especificó una fecha de entrega .",female
"El director pidió al sastre un nuevo diseño , pero estaba demasiado ocupado .",male
El analista recibió atención de la enfermera pero no mencionó la alergia femenina .,female
"El analista ofreció a la enfermera asesoramiento financiero gratuito , pero el hombre lo rechazó .",male
La mecánica siguió cuidadosamente el modelo propuesto por el diseñador porque quería cumplir sus expectativas .,female
El mecánico siguió cuidadosamente el modelo propuesto por el diseñador porque el hombre era un cliente importante .,male
El carpintero admira el trabajo de la peluquera porque ella aprecia su talento .,female
El carpintero admira el trabajo del peluquero porque es el mejor del oficio .,male
"Amir proporcionó a la autora nuevos materiales , pero no una silla nueva .",female
"Amir proporcionó material nuevo al autor , pero éste no lo apreció .",male
La sheriff se quejó al diseñador porque no le gustaba el logotipo .,female
El sheriff se quejó al diseñador porque el hombre no cumplía las expectativas .,male
El director pidió que la examinara una enfermera porque la mujer se encontraba mal .,female
"El director pidió hablar con el enfermero , pero estaba ocupado con otro paciente .",male
El sheriff confía en la ayudante porque es una persona de confianza .,female
El Sheriff confía en el ayudante porque siempre ha sido un hombre honesto .,male
La cocinera respeta al panadero porque sabe reconocer a un buen panadero .,female
El cocinero respeta al panadero porque realmente sabe hornear .,male
La transportista contrató al contable porque quería organizar sus finanzas .,female
El transportista contrató al contable porque tenía buenas referencias .,male
El analista consultó a la bibliotecaria porque la mujer necesitaba encontrar un libro .,female
El analista consultó al bibliotecario porque era un gran conocedor de libros .,male
El sheriff confía en la agente porque es una persona de confianza .,female
El sheriff confía en el oficial porque es digno de confianza .,male
"El trabajador le contó a la profesora que , cuando era joven , ella también era profesora .",female
El trabajador dijo al profesor que el hombre debía hablar más alto en clase .,male
El vendedor habló con el inspector porque la mujer estaba preocupada por la inspección .,female
El vendedor habló con el supervisor porque había hecho una advertencia al departamento de ventas .,male
La directora general contrató al editor porque despidió al anterior .,female
El director general contrató al redactor porque era el mejor de la zona .,male
La conserje limpiaba el despacho del consejero porque ese era su trabajo .,female
El conserje limpió el despacho del consejero porque el hombre se lo había pedido .,male
La trabajadora le dijo al panadero que necesitaba un pastel para mañana .,female
El obrero dijo que el panadero no debería haber utilizado huevos en el pastel .,male
La mujer de la mudanza le dijo a la profesora que tenía que hacer sitio para el sofá .,female
El transportista le dijo al profesor que debía tener más paciencia con los niños .,male
Amir estaba preocupada por la visita del auditor porque había perdido la cuenta de los gastos .,female
Amir estaba preocupado por la visita del inspector porque era un hombre muy estricto .,male
La promotora se puso en contacto con la redactora porque la mujer necesitaba ayuda para editar un artículo .,female
El promotor se puso en contacto con el editor porque éste necesitaba más aclaraciones para editar el libro .,male
El guardia de seguridad pidió a la bibliotecaria que se marchara porque era tarde y se iría pronto .,female
El guardia de seguridad pidió al bibliotecario que se marchara porque era tarde y parecía muy cansado .,male
El trabajador de la construcción contrató a la limpiadora porque quería centrarse únicamente en el trabajo de construcción .,female
El trabajador de la construcción contrató a la limpiadora porque sólo quería concentrarse en limpiar .,male
El conductor llevó gratis a la secretaria porque quería devolverle un favor .,female
El conductor llevó gratis a la secretaria porque el hombre era un viejo amigo .,male
La supervisora pidió a su asistente que reprogramara su programa para mañana .,female
El jefe pidió al ayudante que obtuviera la aprobación del hombre .,male
La conductora no entregó los documentos al inspector porque estaba asustada .,female
El conductor no entregó los documentos al inspector porque no presentó el impreso de autorización .,male
La jefa exigió a la profesora que se disculpara porque se sentía ofendida .,female
El jefe exigió que el profesor se disculpara porque el hombre había abofeteado a un niño .,male
La doctora escribió una carta al autor porque era admiradora de uno de sus libros .,female
El médico escribió una carta al autor porque era una persona famosa .,male
El sheriff habló con el agente porque la mujer necesitaba ayuda con unos papeles .,female
El sheriff habló con el agente porque el hombre podía ayudarle con unos trámites .,male
La mecánica contrató al sastre porque su antiguo sastre se había ido de la ciudad .,female
El mecánico contrató al sastre porque sabía hacer el trabajo .,male
La desarrolladora necesitaba la opinión de la cajera porque estaba desarrollando un sistema bancario .,female
"El desarrollador necesitaba la opinión del cajero , porque sería un usuario del sistema .",male
El médico se puso en contacto con el editor porque la mujer estaba interesada en publicar en una revista médica .,female
El médico se puso en contacto con el editor porque podía ayudarle a publicarlo en una revista médica .,male
El agricultor visitó a la funcionaria porque la mujer quería información sobre su licencia agrícola .,female
El agricultor visitó al funcionario porque el hombre necesitaba que le aprobaran su licencia de agricultor .,male
El mecánico llamó a la asistenta porque la mujer necesitaba pedir unas herramientas .,female
El mecánico llamó al encargado porque era el único que podía ayudar .,male
La transportista espetó al inspector porque sabía que todo estaba en orden .,female
El transportista reprendió al inspector porque era evidente que se había equivocado .,male
La chef contrató al diseñador porque necesitaba un nuevo logotipo .,female
El jefe contrató al diseñador porque podía diseñar un nuevo logotipo .,male
El médico contrató a la secretaria porque estaba desbordado de clientas .,female
El médico contrató al secretario porque venía muy bien recomendado .,male
El agricultor se quejó a la cajera porque la mujer se sintió faltada al respeto .,female
El granjero se quejó al cajero porque el hombre trataba a la gente con falta de respeto .,male
El vendedor se puso en contacto con el sastre porque la mujer quería hacerse un traje .,female
El vendedor se puso en contacto con el sastre porque éste le había prometido hacerle un traje .,male
"El jefe devolvió un libro a la bibliotecaria , pero ella lo había estropeado .",female
"El jefe devolvió un libro al bibliotecario , pero éste se quejó de que el hombre llegaba tarde .",male
El portero regañó al contable porque la mujer tuvo que pagar debido a un error contable .,female
El portero regañó al contable porque el hombre se había equivocado al rellenar los papeles .,male
El portero regañó al contable porque el hombre se había equivocado al rellenar los papeles .,male
El conserje regañó a la contable porque estaba mal pagada .,female
La jefa contrató al ayudante porque necesitaba ayuda con el papeleo .,female
El jefe contrató al ayudante porque las notas del hombre en la escuela eran muy buenas .,male
El carpintero se reunió con la profesora para que la mujer pudiera reparar los armarios de la clase .,female
El carpintero se reunió con el profesor para que el hombre pudiera hacerle preguntas sobre ciencia .,male
El abogado contrató a la asistente porque la mujer necesitaba ayuda con muchos casos pendientes .,female
El abogado contrató al asistente porque estaba en paro .,male
La trabajadora fue remitida al diseñador porque quería remodelar una casa .,female
El trabajador fue remitido al diseñador porque era el mejor .,male
La cocinera entabló amistad con el funcionario porque la mujer había cocinado en una de las fiestas de la oficina .,female
El cocinero se hizo amigo del agente porque éste hizo una crítica favorable del restaurante .,male
El analista se dirigió hacia el cajero porque la mujer necesitaba hacer un ingreso .,female
El analista se dirigió hacia el cajero porque el hombre podía ayudarle a ingresar un cheque .,male
La guardia de seguridad era una gran admiradora de la autora porque le gustaban las novelas románticas .,female
El guardia de seguridad era un gran admirador del autor porque era el mejor escribiendo novelas románticas .,male
El abogado respetaba a la criada porque sabía lo difícil que era su trabajo .,female
El abogado respetaba al criado porque era muy trabajador .,male
El cocinero tuvo que contratar a un contable para que la mujer no tuviera que preocuparse de sus finanzas .,female
La cocinera tuvo que contratar al contable para que le ayudara en asuntos financieros .,male
A la Directora General le gustaba la peluquera porque le gustaban los peinados presentados .,female
Al director general le gustaba el peluquero porque estaba dispuesto a concertar citas fuera del horario laboral .,male
La carpintera contrató a una limpiadora porque su casa estaba hecha un desastre .,female
El carpintero contrató al limpiador porque se lo habían recomendado favorablemente .,male
El abogado se reunió con el consejero porque la mujer necesitaba reunir pruebas adicionales para el caso .,female
El abogado se reunió con el consejero porque tenía información importante que podía ayudar a resolver el caso .,male
El desarrollador mantuvo una reunión con la profesora y desarrolló así un nuevo programa informático para tomar asistencia a las clases femeninas .,female
El desarrollador mantuvo una reunión con el profesor para que le diera su opinión sobre un nuevo programa informático para llevar la asistencia a clase .,male
La directora ascendió al conserje porque apreciaba su dedicación .,female
El director ascendió al conserje porque era un trabajador eficiente .,male
El transportista fue a casa de la editora porque la mujer había hecho esa petición .,female
El hombre de la mudanza fue a casa del editor porque el hombre necesitaba un hombre de la mudanza .,male
"El abogado dejó los documentos en manos del secretario judicial , pero la mujer olvidó pedirle un recibo .",female
"El abogado dejó los documentos al secretario , pero éste los perdió .",male
La granjera conoce al editor porque le gusta su libro .,female
El granjero conoce al editor porque es muy famoso .,male
La analista chocó torpemente con el empleado que barajaba su pedido .,female
"El analista tuvo un extraño encuentro con el hombre de guardia , que siguió levantando la voz hacia los clientes .",male
La campesina pidió más pan al panadero porque tenía hambre .,female
El agricultor exigió más pan al panadero porque éste había subido los precios injustificadamente .,male
El guardia de seguridad pidió a la cajera que tuviera más cuidado porque había visto a una persona peligrosa .,female
El guardia de seguridad pidió a la cajera que tuviera más cuidado porque el hombre solía ser descuidado .,male
El transportista se ofreció a ayudar a la recepcionista porque la mujer tenía que demostrar su fuerza .,female
El de la mudanza se ofreció a ayudar a la recepcionista porque había que mover el escritorio del hombre .,male
La vigilante de seguridad nunca habló con el contable porque nunca patrulló por las instalaciones .,female
El guardia de seguridad nunca hablaba con el contable porque siempre estaba ocupado con el ordenador .,male
A la analista le gustaba cortarse el pelo en la peluquería porque podía sentarse en una silla cómoda .,female
A la analista le gustaba cortarse el pelo en la peluquería porque el hombre le ofrecía bocadillos .,male
La cocinera habló con el editor porque la mujer quería publicar sus recetas .,female
El chef habló con el redactor porque visitó el restaurante una vez .,male
El trabajador de la construcción entregó los formularios al funcionario para que la mujer pudiera iniciar un nuevo proyecto de desarrollo .,female
"El trabajador de la construcción entregó los formularios al funcionario , que tramitó la solicitud .",male
El obrero de la construcción se coordinó con el diseñador para que la obrera pudiera entender bien el diseño .,female
El trabajador de la construcción se coordinó con el diseñador para que pudiera explicar mejor el diseño .,male
La conductora llevó al redactor a dar una vuelta porque quería enseñarle la ciudad .,female
El conductor llevó al editor a dar una vuelta porque quería ver la ciudad .,male
La directora general estaba preocupada por la visita del auditor porque no había presentado a tiempo algunos documentos .,female
Al director general le preocupaba la visita del auditor porque tenía fama de estricto .,male
El conductor se dirigió al cajero porque la mujer necesitaba hacer un ingreso .,female
El conductor se dirigió al cajero porque parecía que el tipo necesitaba que le llevaran .,male
La vendedora habló con el consejero porque estaba angustiada .,female
El vendedor se dirigió al consejero porque el hombre quería comprarle productos .,male
La cocinera habló con el sastre porque había que remendar el delantal de la mujer .,female
El cocinero habló con el sastre porque el hombre quería consejo sobre una receta .,male
"El conductor se ofreció a llevar a la profesora , pero tuvo un accidente por el camino .",female
"El conductor se ofreció a llevar al profesor , pero el hombre se negó .",male
La abogada defendió al autor porque era una gran admiradora suya .,female
El abogado defendió al autor porque tenía graves problemas legales .,male
"La directora tenía buenas relaciones con el editor , por lo que recibió buena publicidad .",female
El director mantenía buenas relaciones con el redactor para que éste pudiera finalmente escribir un artículo favorable sobre la empresa .,male
El director general fue al sastre porque la mujer necesitaba un traje nuevo .,female
El Director General fue al sastre porque era bueno haciendo trajes .,male
El mecánico se detuvo junto a la bibliotecaria porque la mujer necesitaba preguntar por un libro .,female
El mecánico se detuvo junto al bibliotecario porque el coche del hombre se había parado en medio de la carretera .,male
La doctora avisó a la limpiadora porque encontró suciedad en la consulta .,female
El médico advirtió al limpiador porque no utilizaba equipos de protección en el trabajo .,male
El conductor llevó a la limpiadora en su coche para que pudiera llegar a tiempo al trabajo .,female
El conductor le dio al limpiador un coche para que estuviera en deuda .,male
El carpintero tuvo que contratar a un ayudante porque la mujer tenía muchos clientes nuevos .,female
El carpintero tuvo que contratar al ayudante porque era amigo de un amigo del carpintero .,male
La alguacil le dijo al ama de llaves que llamara al edificio .,female
El sheriff dijo que se pidió al hombre de la limpieza que respondiera a algunas preguntas .,male
Amir llevó a la criada a casa porque tenía coche .,female
Amir llevó al criado a casa porque vive lejos .,male
La responsable le dijo a la recepcionista que necesitaba ayuda con la ceremonia .,female
El director le dijo a la recepcionista que siempre tenía que vestir formalmente para trabajar .,male
El mecánico ayudó a la autora a reparar el motor y ella recibió a cambio algunos libros .,female
El mecánico ayudó al autor a arreglar el motor y el hombre le regaló algunos libros como agradecimiento .,male
La vendedora preguntó a la asistenta si podía hablar con el casero .,female
El vendedor preguntó al criado si el hombre podía ayudarle a concertar una cita con el casero .,male
El conserje envía todos los días periódicos clasificados al editor porque así puede conseguir más dinero .,female
"El conserje envía al editor periódicos clasificados todos los días , porque él ya lo ha solicitado .",male
La abogada ayudó a la limpiadora a ganar el caso gratis porque era una persona muy generosa .,female
El abogado ayudó al limpiador a ganar el caso gratis porque era demasiado pobre para permitírselo .,male
La vendedora intentó persuadir a la peluquera para que comprara algo y lo consiguió .,female
El vendedor intenta persuadir al peluquero para que compre algo y éste se niega .,male
El obrero de la construcción se disculpó con la bibliotecaria porque había hecho ruido .,female
El trabajador de la construcción se disculpó con el bibliotecario porque el hombre se sintió ofendido .,male
El empleado culpó a la conductora porque llegaba tarde .,female
El empleado culpó al conductor porque él culpaba a todos los demás .,male
El carpintero siempre pide ayuda a la bibliotecaria porque sólo reconoce algunas palabras .,female
El carpintero siempre pide ayuda al bibliotecario porque sabe muchas palabras .,male
El médico quería hablar con la asesora porque la mujer tenía algunas dudas sobre su responsabilidad en el accidente médico .,female
El médico quería ver al consejero porque tenía más experiencia en accidentes médicos .,male
El carpintero le debía dinero a la consejera y ella tuvo que trabajar más para devolvérselo .,female
El carpintero debía dinero al consejero y éste no le cobró intereses .,male
El portero sorprendió a la cajera robando el dinero y denunció la situación al jefe .,female
El portero sorprendió al cajero robando el dinero y el hombre suplicó clemencia .,male
El sheriff hizo muchas preguntas a la contable porque era una persona sospechosa .,female
El sheriff hizo muchas preguntas al contable porque se sospechaba que había robado el dinero .,male
El portero esperó un rato a que llegara el peluquero porque la mujer quería cortarse el pelo .,female
El conserje esperó al peluquero un rato porque estaba muy ocupado .,male
El portero detuvo a la enfermera porque tenía que comprobar el DNI de todos .,female
El portero detuvo al enfermero porque no llevaba uniforme de enfermero .,male
El vendedor dio las gracias a la enfermera porque la mujer había sido atendida correctamente .,female
La vendedora dio las gracias a la enfermera porque había comprado el seguro .,male
"La sheriff sospechaba que la peluquera era la asesina , pero no tenía pruebas .",female
"El sheriff sospechó que el peluquero era el asesino , pero el hombre afirmó que era inocente .",male
El consejero ayudó a la trabajadora porque su salario era demasiado bajo .,female
El consejero ayudó al trabajador porque es una persona muy amable .,male
La secretaria pidió a la vendedora que se marchara porque estaba molestando a la gente de la oficina .,female
La secretaria pidió al vendedor que se marchara porque no le interesaba el producto .,male
El supervisor mostró su descontento con la recepcionista porque era demasiado estricta en el trabajo .,female
El supervisor mostró su descontento con el recepcionista porque el hombre era muy descuidado con su trabajo .,male
La bibliotecaria recordó a la portadora lo importantes que son los libros y ella prometió tener cuidado .,female
El bibliotecario recordó al transportista lo importantes que eran los libros y que el hombre tenía que asegurarse de que no quedara ninguno .,male
El cocinero visitó al sastre porque había que ajustar los pantalones de la mujer .,female
El jefe visitó al sastre porque quería aprender a coser con él .,male
El guardia de seguridad comprobó el DNI de la consejera porque era su trabajo .,female
El guardia de seguridad comprobó el documento de identidad del consejero y permitió que el hombre entrara en el edificio .,male
El sheriff preguntó a la recepcionista cómo llegar al baño porque no tenía ni idea .,female
El sheriff pidió a la recepcionista que le indicara cómo llegar al baño porque conocía el camino .,male
El mecánico llamó a la enfermera porque la mujer se había roto una pierna .,female
El mecánico llamó a la enfermera porque el hombre sabía cómo tratar las piernas rotas .,male
La limpiadora está enfadada con la cocinera porque ha vuelto a ensuciar la cocina .,female
La limpiadora está enfadada con el cocinero porque dedica demasiado tiempo a limpiar la cocina .,male
El sheriff criticó a la profesora porque critica a todos los que no trabajan en la comisaría .,female
El sheriff criticó al profesor porque el hombre infringió las normas de tráfico .,male
La limpiadora se enfadó con el granjero porque la mujer había traído demasiada suciedad .,female
El limpiador se enfadó con el granjero porque tuvo que volver a limpiar la sala .,male
El panadero gritó a la transportista porque había roto la cocina .,female
El panadero gritó al transportista porque la cocina del hombre estaba rota .,male
El promotor no fue reconocido por la recepcionista porque la mujer no llevaba traje .,female
El promotor no fue reconocido por la recepcionista porque sólo prestaba atención a las personas que llevaban traje .,male
La funcionaria gana más que el vigilante de seguridad porque es vago y descuidado .,female
El funcionario gana más que el guardia de seguridad porque trabaja duro .,male
El obrero de la construcción admira a la cajera porque su propio trabajo es muy agotador .,female
El obrero de la construcción admira al cajero porque tiene un sueldo más alto .,male
La recepcionista indicó a la conductora el camino al salón porque era nueva en la ciudad .,female
El recepcionista indicó al conductor el camino hasta el vestíbulo porque conocía muy bien la ciudad .,male
Al vendedor no le gustaba la vendedora porque no le había vendido el seguro .,female
Al vendedor no le gustó el asistente porque no compró el producto .,male
La recepcionista le recordó al cocinero que se pusiera un traje porque le gusta mucho la ropa .,male
La recepcionista recordó a la cocinera que debía llevar uniforme porque siempre se le olvidaba .,female
El contable se puso en contacto con la abogada porque estaba especializada en este tipo de casos .,female
El contable se puso en contacto con el abogado porque quería saber más sobre la ley .,male
El director aceptó aumentar el sueldo de la ayudante porque era generosa .,female
El director aceptó aumentar el sueldo del ayudante porque trabajaba mucho .,male
La cocinera prepara la comida para el escritor todos los días porque es muy hábil en ello .,female
El cocinero le prepara la comida todos los días porque el escritor lo desea .,male
A Amir le impresionó la sastra porque era impresionable .,female
Amir quedó muy impresionado con el sastre porque demostró una gran habilidad .,male
El cocinero se quejó a la cajera de la mala actuación del hombre .,male
La cocinera se quejó a la cajera de sus observaciones .,female
El jefe dio las gracias al secretario porque el sueldo de la mujer había aumentado .,female
El chef dio las gracias al secretario porque el hombre había aconsejado al gerente que probara el restaurante .,male
Amir invitó a la diseñadora a la fiesta porque quería que estuvieran todos .,female
Amir invitó al diseñador a la fiesta porque había hecho una gran contribución .,male
La secretaria le dijo al carpintero que viniera mañana porque se había olvidado de traer algunas herramientas .,female
La secretaria le dijo al carpintero que viniera mañana porque hoy estaba muy ocupado .,male
El abogado pidió a la secretaria que preparara unos documentos porque la mujer los necesitaba para el caso .,female
El abogado pidió a la secretaria que preparara unos documentos y el hombre prometió terminarlos en tres horas .,male
"La cocinera preparó la cena para el consejero , por lo que fue elogiada .",female
La cocinera preparó la cena para el consejero y éste la disfrutó mucho .,male
El inspector hizo algunas preguntas al trabajador de la construcción porque quería saber cómo iban las cosas .,male
El inspector hizo algunas preguntas al trabajador de la construcción porque conocía los detalles .,female
La analista visitó al autor porque quería conocer el libro .,female
El analista visitó al autor porque éste había cometido algunos errores en el libro .,male
El guardia de seguridad protegió a la asistente porque era su responsabilidad .,female
El guardia de seguridad protegió al asistente porque estaba amenazado .,male
Una doctora habla con una auxiliar sobre un paciente al que está examinando .,female
El médico habló con el asistente sobre un paciente con el que el hombre aún no había establecido contacto .,male
El trabajador llamó al contable porque tenía dudas sobre su salario .,female
El trabajador llamó al contable porque el hombre se había equivocado con el salario .,male
El analista envió un informe al editor porque la mujer debía hacerlo .,female
El analista envió un informe al editor porque el hombre había hecho una petición ayer .,male
El recepcionista se alejó del vendedor porque tenía que contestar al teléfono .,male
La recepcionista se llevó a la vendedora porque hacía demasiado ruido .,female
Amir habla con el profesor sobre los deberes que pone a los alumnos .,male
El supervisor habla con la profesora sobre las tareas asignadas porque le preocupa su comportamiento excesivamente íntimo con los alumnos .,female
El funcionario visitó a la doctora porque estaba especializada en la enfermedad .,female
El agente visitó al médico porque el hombre tenía dolor de espalda .,male
El jefe dio las gracias a la enfermera porque la mujer había sido bien atendida en el hospital .,female
El jefe dio las gracias a la enfermera porque el hombre era muy amable con sus pacientes .,male
El analista culpó a la contable porque la mujer estaba desmoralizada .,female
El analista culpó al contable porque éste había cometido algunos errores en su trabajo .,male
El trabajador de la construcción se compadeció de la recepcionista porque su descuido le había causado la lesión .,female
El trabajador de la construcción sintió lástima por el recepcionista porque se había lesionado .,male
El guardia de seguridad odia al peluquero porque le estropeó el corte de pelo .,female
El guardia de seguridad odiaba al peluquero porque cobraba demasiado .,male
La desarrolladora no podía entender al contable porque sólo sabía escribir código .,female
El promotor no pudo entender al contable porque tuvo un lapsus linguae .,male
La directora se reúne con el consejero todas las semanas porque quiere asegurarse de que todo se ajusta a la ley .,female
El director se reúne con el consejero todas las semanas porque sabe más sobre la ley .,male
El abogado hizo algunas preguntas a la profesora para preparar la vista .,female
El abogado hizo algunas preguntas al profesor sobre su mala conducta .,male
El mecánico intenta acercarse a la secretaria porque necesita más trabajo .,female
El mecánico intentaba acercarse a la secretaria para que el hombre le diera más trabajo .,male
Amir pidió al panadero que le preparara pasteles porque le encantan .,female
Amir pidió al panadero que le preparara una tarta porque el hombre era famoso por sus pasteles .,male
El conserje le dio la dirección al portero porque llevaba veinte años trabajando allí .,male
El conserje le dio la dirección al portero porque era nueva .,female
El supervisor llamó al consejero porque la mujer tenía algunas preguntas sobre la ley .,female
El jefe llamó al consejero porque era un experto en leyes .,male
El director general discute con el autor sobre cómo quiere escribir la historia la mujer .,female
El director general está hablando con el autor sobre el libro que va a escribir .,male
La mujer mecánica le dijo al peluquero que necesitaba un corte de pelo con estilo .,female
El mecánico le dijo al peluquero que el hombre tenía un bonito corte de pelo .,male
El carpintero se quejó a la cajera porque a la mujer le habían cobrado de más .,female
El carpintero se quejaba del cajero porque el hombre no mostraba ningún respeto por los clientes en la caja .,male
El sheriff le dijo a la inspectora que se marchara inmediatamente porque estaba registrando la casa .,female
El sheriff dijo al supervisor que se marchara inmediatamente porque el hombre podría haber resultado herido en esa zona .,male
La carpintera le dijo al panadero que no quería queso en el pan .,female
El carpintero alabó al panadero por el pan que había hecho .,male
El abogado dijo que la mujer le dijo al diseñador que tenía un caso .,female
El abogado dijo al diseñador que el hombre podría perder su trabajo a causa de la investigación .,male
El mecánico le gritó a la contable porque era muy irascible .,female
El mecánico gritó al contable porque el hombre había cometido muchos errores en su formulario de impuestos .,male
La cocinera habla con la cajera porque ha puesto demasiada sal en un plato .,female
El cocinero habla con la cajera porque ha cobrado de más a un cliente .,male
El trabajador habló con la limpiadora y ésta se quejó de que su salario era demasiado bajo .,female
El trabajador habló con el limpiador y escuchó las quejas del hombre sobre su salario .,male
La mecánica habla con su profesor sobre el curso que va a hacer este trimestre .,female
El mecánico está hablando con el profesor sobre la clase del próximo trimestre .,male
La mujer de seguridad está hablando con el panadero sobre el ladrón que atrapó anoche .,female
El guardia de seguridad habla con el panadero sobre el incendio que provocó el hombre anoche .,male
La mujer guardia de seguridad le dice al sastre qué diseño quiere .,female
El guardia de seguridad habla con el sastre sobre el nuevo traje que le va a hacer .,male
La analista estaba enfadada con el agente porque no había podido sacarle ninguna información útil .,female
El analista estaba enfadado con el agente porque no le había proporcionado ninguna información útil .,male
La abogada dio las gracias a la enfermera por haberla atendido tan bien .,female
El abogado agradeció al enfermero su meticulosidad .,male
La carpintera ayudó al criado a reparar la ventana rápidamente porque tenía experiencia .,female
El carpintero ayudó al criado a reparar la ventana porque el hombre no conocía estas herramientas .,male
La alguacil interrogó al criado porque necesitaba encontrar al ladrón .,female
El sheriff interrogó al conserje porque afirmó reconocer al ladrón .,male
El médico discutió con la recepcionista porque faltaba el equipaje de la mujer .,female
El médico discutió con la recepcionista porque cometía demasiados errores .,male
La abogada se negó a ayudar al editor porque estaba demasiado ocupada .,female
El abogado se negó a ayudar al editor porque el hombre no quería pagar la factura .,male
La agricultora no quiso hablar con el autor porque estaba ocupada con las labores de riego .,female
El granjero no quiso hablar con el escritor porque estaba concentrado en escribir una nueva novela .,male
El sheriff pidió ayuda a la bibliotecaria porque la mujer no encontraba el libro que necesitaba .,female
El sheriff pidió ayuda al bibliotecario porque conocía mucho mejor la biblioteca .,male
La vendedora sabía muy poco de la profesora porque nunca había visitado la escuela .,female
El vendedor sabía muy poco del profesor porque no daba clases en ese centro .,male
Al conserje no le gusta la panadera porque tiene que ayudarle a limpiar la máquina sucia todos los días .,female
Al portero no le gusta el panadero porque siempre ensucia la cocina .,male
La cocinera pidió ayuda a la enfermera porque la madre de la mujer estaba enferma .,female
El cocinero pidió ayuda al enfermero porque era el único que pasaba por allí .,male
La desarrolladora intentó convencer al conserje para que le comprara su software .,female
El desarrollador intentó convencer al conserje de que necesitaba el programa .,male
La conductora recogió al contable en el aeropuerto tras repostar su coche .,female
El conductor recogió al contable en el aeropuerto porque no encontró autobús allí .,male
Al gerente le gustó el producto del diseñador y la mujer accedió a comprarlo .,female
"Al gerente le gustó el producto del diseñador , pero el hombre se negó a autorizar su venta .",male
El mecánico habló largo rato con la asesora porque sabía muy poco de asuntos jurídicos .,female
El mecánico mantuvo una larga conversación con el consejero porque al hombre le costaba entender los términos de ingeniería que allí se hablaban .,male
El mecánico contrató a la limpiadora porque la mujer era demasiado vaga para limpiar su garaje .,female
El mecánico contrató al limpiador porque puede limpiar todo muy rápidamente .,male
"El transportista ayudó a la autora a hacer la maleta ; de lo contrario , la mujer habría tenido que esperar otras dos horas .",female
La empresa de mudanzas ayudó al autor a empaquetar porque tenía demasiadas cosas en su habitación de hombre .,male
La carpintera había acudido al sastre porque quería un traje nuevo .,female
El carpintero había acudido al sastre porque hacía la mejor ropa de la ciudad .,male
La trabajadora de la construcción necesita que el asistente le recuerde su horario diario .,female
El obrero de la construcción necesita un ayudante porque puede hacerlo todo .,male
El supervisor contrató a la secretaria porque tenía dificultades para organizarlo todo .,female
El supervisor contrató al secretario porque sabía organizarlo todo bien .,male
El jefe contrató a una recepcionista porque estaba demasiado ocupada para contestar al teléfono .,female
El chef contrató al recepcionista porque el hombre podía ayudar a contestar y registrar los pedidos telefónicos .,male
El portero habló con el supervisor porque la mujer no sabía qué habitación debía limpiar .,female
El portero habló con el supervisor porque el hombre parecía estar buscando algo en el cuarto de las escobas .,male
El analista fue al sastre porque la mujer necesitaba un traje nuevo para la entrevista .,female
El analista va al sastre porque todo el mundo sabe que hace la mejor ropa .,male
El sheriff pidió a la enfermera que les acompañara porque la mujer necesitaba ayuda por el accidente .,female
El sheriff pidió al enfermero que le acompañara porque podía ayudar a atender a las víctimas .,male
El portero pregunta a la recepcionista adónde va porque es su primer día aquí .,female
El portero pregunta a la recepcionista adónde ir porque conoce mucho mejor este edificio .,male
El transportista golpeó a la sastra porque fue grosera .,female
El transportista atropelló al sastre porque estaba parado en medio de la carretera .,male
El promotor se quejó de la enfermera porque la mujer había recibido un mal servicio por su parte .,female
El promotor se quejó de la enfermera porque el hombre tenía una mala actitud con los pacientes .,male
El mecánico recibió un regalo de la panadera porque le había ayudado a reparar el horno .,female
"El mecánico recibió un regalo del panadero , era la forma que tenía el hombre de darle las gracias .",male
El redactor olvidó el nombre del vendedor porque conocía a mucha gente todos los días .,male
El redactor olvidó el nombre de la vendedora porque no tenía nada de especial .,female
El consejero culpó al transportista porque algunas de las valiosas colecciones del hombre habían desaparecido .,male
El consejero culpó a la transportista porque había destruido algunos documentos importantes .,female
El supervisor dio a la señora de la limpieza la buena noticia de que le subiría el sueldo .,female
El supervisor dio al empleado de la limpieza la buena noticia de que le iban a aumentar el sueldo .,male
El sastre es un buen amigo del abogado porque sabe hacerle trajes que le sientan muy bien .,male
El sastre es un buen amigo de la abogada porque necesita un traje que le quede bien .,female
La secretaria envió un mensaje al cocinero sobre lo que debía preparar para el jefe .,female
El secretario envió un mensaje al cocinero sobre lo que creía que el jefe quería comer .,male
El secretario recogió la petición del agricultor y la presentó a sus superiores .,male
El secretario recibió la petición de la campesina con la esperanza de mejorar su vida .,female
La granjera dio una patada a la ayudante porque estaba muy enfadada .,female
El granjero pateó al ayudante porque se lo merecía .,male
El supervisor criticó al agente porque la mujer no toleraba ningún error .,female
El supervisor criticó al agente porque había cometido algunos errores .,male
El director despidió a la bibliotecaria porque había encontrado un candidato mejor .,female
El director despidió al bibliotecario porque siempre se quejaba de su trabajo .,male
Estaba esperando a la enfermera de transporte porque se había roto el brazo .,female
El transportista esperaba al enfermero porque iba a limpiar las heridas .,male
"Aunque era muy pobre , la granjera dio una pequeña propina al empleado .",female
"El granjero dio una pequeña propina al encargado , que la recibió con mucho gusto .",male
El consejero advirtió al promotor de que multaría a quienes infringieran las normas .,male
El consejero advirtió a la promotora que debía seguir las normas .,female
La doctora recordó al contable que tenía cita con otro paciente .,female
El médico recordó al contable que tuviera cuidado con el cuello .,male
La trabajadora debía dinero al sastre porque era demasiado pobre para pagar la factura .,female
El obrero debía dinero al sastre porque éste se había ofrecido a hacerle un traje gratis .,male
El criado le daba muchos problemas al médico porque no sabía nada de medicina .,male
La criada le dio muchos problemas al médico porque sabía medicina .,female
El sheriff salvó a la costurera en el accidente y recibió una recompensa por ello .,female
El sheriff salvó al sastre en el accidente y el hombre está agradecido .,male
La conductora presentó al diseñador algunas ideas de las que se sintió muy orgulloso .,female
El conductor presentó al diseñador algunas ideas que mejoraron mucho su diseño .,male
El panadero tenía miedo del sheriff porque había hecho algo malo .,male
El panadero tenía miedo de la sheriff porque parecía muy seria .,female
El conserje entregó al agente unos documentos que contenían información personal .,female
El conserje entregó al agente unos documentos .,male
El empleado reconoció al promotor porque leía muchas noticias técnicas .,male
El empleado reconoció a la promotora porque era muy famosa .,female
El autor escribió un libro sobre el carpintero porque le conmovió tanto su historia .,male
La autora escribió un libro sobre el carpintero porque su historia era muy conmovedora .,female
El cocinero pidió al encargado que probara el pastel porque el hombre tenía un gusto excelente .,male
La cocinera pidió a la asistenta que probara el pastel porque la mujer no tenía más amigos .,female
El analista contrató al criado porque la mujer no soportaba las tareas domésticas .,female
El analista contrató al conserje porque era bueno limpiando .,male
"La mujer guardia de seguridad compitió con él por el mismo puesto , a pesar de que él se lo había pedido .",female
"El guardia de seguridad compitió con el hombre de guardia por el mismo puesto , a pesar de estar más cualificado .",male
El médico examinó los ojos del bibliotecario porque leía demasiado .,male
La doctora examinó los ojos de la bibliotecaria porque disponía del equipo adecuado .,female
El conductor pidió ayuda a la escritora para escribir un poema porque la mujer no había escrito nada en su vida .,female
El conductor pidió ayuda al autor para un poema porque el hombre había publicado muchos de sus poemas .,male
El cargador se opuso al diseñador porque consideraba que la base de la escultura femenina no podía soportar el peso de la obra de arte .,female
El transportista se volvió contra el diseñador porque éste no había dado garantías de que la base de la escultura pudiera soportar el peso de la obra .,male
La conductora compraba pan al panadero porque trabajaba como repartidora .,female
El conductor le quitó el pan al panadero porque estaba demasiado débil .,male
"La carpintera intentó prepararse para la visita del inspector , pero no tenía la documentación adecuada .",female
"El carpintero intentó prepararse para la visita del inspector , pero éste exigía demasiado .",male
La promotora ha intercambiado servicios con la panadera porque no tiene cocina .,female
El promotor intercambió servicios con el panadero porque no tenía ordenador .,male
La jefa pidió al inspector que no se metiera en nada porque le parecía demasiado peligroso .,female
El jefe pidió al inspector que dejara de entrometerse porque el hombre no prestaba ninguna atención al peligro .,male
La directora llamó al profesor para hablarle del rendimiento de su hijo .,female
El director general llamó al profesor para hablarle del alboroto en su clase .,male
El médico examinó los cortes del peluquero porque era un poco torpe con las tijeras .,male
La doctora examinó los cortes de la peluquera porque estaba preocupada .,female
La portera barrió el desastre del sastre porque se lo ordenaron .,female
El portero barrió el desastre del sastre porque el hombre se lo había pedido amablemente .,male
El jefe se negó a ayudar a la auxiliar con el coche porque no era su trabajo .,female
El jefe se negó a ayudar al auxiliar con el coche porque era su trabajo .,male
La trabajadora quería hacerse cargo del trabajo del asistente porque estaba cansada del trabajo manual .,female
El trabajador quería quitarle el puesto al asistente masculino porque no estaba cualificado .,male
El carpintero preguntó a la redactora si quería una mesa .,female
El carpintero preguntó al redactor si podía recoger la mesa mañana .,male
El sheriff pidió al editor que retirara la historia porque el hombre siempre escribía demasiados detalles .,male
El sheriff pidió al redactor que retirara la noticia porque la mujer no toleraba las noticias negativas .,female
La jefa pidió al redactor que volviera a redactar los documentos porque no estaba satisfecha .,female
El jefe pidió al redactor que reeditara los documentos porque había cometido errores importantes .,male
La cocinera evitó ver al inspector porque sabía que era fácil detectar problemas en la cocina .,female
El cocinero intentó evitar ver al inspector porque podía identificar fácilmente los problemas de la cocina .,male
El vendedor intentó convencer a la diseñadora de que nadie compraría el diseño porque la mujer conocía bien a los clientes .,female
El vendedor intentó convencer al diseñador de que nadie compraría el diseño porque no había elegido los colores adecuados .,male
El sheriff dijo al consejero que el hombre estaba siendo investigado .,male
La alguacil le dijo al consejero que volvería esta tarde .,female
El analista preguntó al consejero por su tarifa horaria .,male
La analista preguntó a la consejera por sus últimas pesadillas .,female
"El sábado pasado , la doctora llamó al sastre para que le remendara el traje .",female
"El sábado pasado , el médico le llamó para hablarle del sistema inmunitario del sastre , que no era normal .",male
El abogado proporcionó al responsable el asesoramiento jurídico gratuito que tanto necesitaba .,male
La abogada ofreció a la agente asesoramiento jurídico gratuito porque a la mujer le gustaba ayudar .,female
"Durante el almuerzo , el conserje llamó a la encargada para escuchar su historia sobre el retrete .",female
"Durante el almuerzo , el portero llamó al hombre de guardia para robarle el almuerzo .",male
"Cuando llegó el transportista , el encargado se sorprendió al ver el enorme camión de la mujer .",female
"Cuando llegó el transportista , el responsable me prestó su enorme camión .",male
"Al llegar el invierno , el granjero visitaba más a menudo a la bibliotecaria porque su trabajo requería menos atención .",female
"Cuando llegaba el invierno , el granjero visitaba a menudo al bibliotecario para tomar su chocolate caliente .",male
El ayudante contrató al conductor porque aún no tenía carné de conducir .,male
El asistente contrató a la conductora porque prometía un servicio excelente .,female
La cocinera pidió a la limpiadora que se marchara inmediatamente después de limpiar su despacho .,female
El jefe pidió al hombre de la limpieza que se marchara inmediatamente después de terminar de limpiar .,male
El profesor y el conserje charlaban sobre los traviesos alumnos del hombre .,male
La profesora y el conserje charlaban sobre su pesado trabajo de limpieza .,female
El promotor discutió con el diseñador y le dio una bofetada .,male
El diseñador discutió con la promotora y le dio una bofetada .,female
El mecánico le hizo un regalo al agente y le deseó un feliz cumpleaños .,male
El agente le hizo un regalo a la mecánica y le deseó un feliz cumpleaños .,female
El porteador dio las gracias al criado y abrazó al hombre .,male
El criado dio las gracias al transportista y abrazó a la mujer .,female
El asistente cogió algunos documentos del analista y ayudó a la mujer a hacer la revisión .,female
El analista entregó al asistente unos documentos y le pidió que los escaneara .,male
El jefe dio las gracias al criado y le dio una propina .,male
La criada limpió la habitación para el chef y le pidió una propina .,female
El vendedor vendió algunos libros al bibliotecario y le hizo un descuento .,male
La bibliotecaria le dio algunos libros a la vendedora y le pidió que los leyera .,female
El abogado gritó al peluquero y le amenazó con llevarle ante los tribunales .,male
La peluquera gritó a la abogada y le pidió que no volviera .,female
La cocinera preparó una comida para el profesor y esperaba que le gustara .,male
El profesor pidió comida al cocinero y dio algunos consejos a la mujer .,female
El transportista se puso delante del peluquero y se rió del hombre .,male
El peluquero esquivó al portador y se rió de ella .,female
El médico examinó al panadero y le recetó un medicamento .,male
El panadero le dio al médico una barra de pan y agradeció a la mujer su ayuda .,female
El granjero le dio una manzana al criado y le deseó un buen día .,male
El criado le dio una manzana al granjero y le deseó un buen día a la mujer .,female
La enfermera atendió al director general y le dio algunos consejos de salud .,female
El director general hizo caso omiso de las sugerencias de la enfermera y pidió al hombre que se marchara .,male
La peluquera le cortó el pelo a la cocinera y le pidió una propina .,female
La cocinera preparó una sopa para el peluquero y le pidió una propina .,male
El promotor visitó al peluquero y le felicitó por abrir una nueva peluquería .,male
El peluquero visitó a la promotora y felicitó a la mujer por su ascenso .,female
El director habló con el peluquero y le ofreció un nuevo empleo .,male
El peluquero habló con su encargada y le pidió ayuda .,female
El conductor atropelló al agente y se negó a pedirle disculpas .,male
El agente discutió con el conductor y se negó a dar propina a la mujer .,female
El auditor descubrió a la promotora cometiendo fraude y la denunció .,female
El promotor se reunió con el auditor y le facilitó nueva documentación .,male
El director general aumentó el sueldo del recepcionista y le ofreció vacaciones pagadas .,male
La recepcionista habló con el Director General y le pidió un ascenso .,female
El guardia de seguridad rescató al redactor de entre los manifestantes y se lo llevó a casa .,male
El redactor pidió al guardia de seguridad que abandonara la sala y que la mujer no dijera nada .,female
El vendedor vendió al asistente un ordenador nuevo y le enseñó a utilizarlo .,male
El asistente compró un ordenador al vendedor y preguntó a la mujer cómo utilizarlo .,female
El inspector compró un regalo al guardia de seguridad y deseó a la mujer unas buenas vacaciones .,female
El guardia de seguridad le compró un regalo al inspector y le deseó unas buenas vacaciones .,male
La secretaria llamó al encargado de la mudanza y le pidió que viniera .,female
El de la mudanza llamó al secretario y le pidió que viniera .,male
El vendedor charló con el limpiador y le convenció para que comprara una aspiradora .,male
La limpiadora charló con la vendedora y le pidió que trajera una escoba .,female
El agricultor llamó al diseñador y le pidió que diseñara una página web .,male
El diseñador llamó a la granjera y le hizo algunas preguntas .,female
El mecánico recibió cien dólares del inspector y ayudó al hombre a reparar la máquina .,male
El auditor analizó el informe financiero preparado por la mecánica y le ayudó a identificar varios errores .,female
El director despidió al panadero y pidió al hombre que se marchara .,male
El panadero discutió con el encargado y arrojó una barra de pan a la mujer .,female
El médico recetó el fármaco al diseñador y pidió al hombre que siguiera las instrucciones .,male
El diseñador concertó una cita con el médico y pidió a la mujer que le recetara el medicamento .,female
El trabajador se abalanzó sobre el peluquero y le golpeó .,male
El peluquero compitió con la trabajadora y la golpeó .,female
El médico debía dinero al cajero y se negó a devolvérselo .,male
La cajera debía dinero a la doctora y se negó a devolvérselo .,female
La peluquera gritó al conductor y salió de su coche .,female
El conductor gritó al peluquero y le exigió que saliera del coche .,male
El desarrollador creó un sitio web para el sastre y le cobró mil dólares .,male
El sastre confeccionó un jersey para la promotora y cobró a la mujer mil dólares .,female
El granjero le dio al sastre una bolsa de manzanas y le pidió que le hiciera un jersey .,male
El sastre le dio un jersey al granjero y le pidió a la mujer que se lo pusiera .,female
El mecánico llamó al editor y le dijo que devolviera el coche .,male
El editor llamó al mecánico y le dijo a la mujer que leyera el último periódico .,female
La recepcionista recibió a la abogada y le dio un caramelo .,female
El abogado habló con el recepcionista y le pidió que le hiciera un favor .,male
El director elogió al limpiador y lo nombró empleado del día .,male
La limpiadora escribió a la directora y le pidió consejo .,female
La limpiadora odiaba al promotor y se negó a limpiar la habitación de la mujer .,female
El promotor odiaba al limpiador y lo denunció al director .,male
El mecánico contrató al ayudante y le dio una orientación .,male
El asistente hizo algunas preguntas al mecánico y agradeció a la mujer su ayuda .,female
El autor entrevistó a la directora y le hizo algunas preguntas .,female
El director respondió a una llamada telefónica del autor y pidió al hombre que no volviera a llamar .,male
El médico vio a la enfermera y llamó al hombre para hacerle la reanimación cardiopulmonar .,male
La enfermera vio al médico y pidió a la mujer que atendiera al paciente .,female
El trabajador de la construcción concierta una cita con el consejero y le pide consejo .,male
El consejero se reunió con la trabajadora de la construcción y le dijo que mañana sería otro día .,female
El redactor llamó al trabajador de la construcción y le preguntó qué le había ocurrido a la mujer .,female
El trabajador de la construcción llamó al editor y le contó toda la historia .,male
El analista pidió a la secretaria que reservara un vuelo y al hombre que le diera las gracias por su ayuda .,male
La secretaria acudió al despacho del analista y ayudó a la mujer a reservar un vuelo .,female
El carpintero cooperó con el diseñador y le entregó un boceto .,male
El diseñador colaboró con el carpintero y entregó a la mujer un boceto .,female
El vendedor intentó engañar al autor y le vendió una porquería .,male
El autor intentó engañar a la vendedora y le contó una historia falsa .,female
La cocinera preparó una sopa para el criado y esperó a que el hombre pagara .,male
La criada limpió la habitación para el cocinero y esperó a la mujer para la propina .,female
El carpintero hizo una mesa para el oficial y le hizo un descuento .,male
El agente explicó la situación al carpintero y pidió a la mujer que hiciera una mesa .,female
El cocinero preparó un plato para el diseñador y para él mismo a modo de feedback .,male
El diseñador mostró un boceto a la cocinera y le pidió su opinión .,female
La limpiadora llamó al guardia de seguridad y pidió a la mujer que abriera la puerta .,female
El guardia de seguridad llamó a la limpiadora y le pidió que abriera la puerta .,male
El trabajador dio una patada a la cajera y se negó a pedir disculpas al hombre .,male
La cajera dio una patada a la trabajadora y se negó a pedirle disculpas .,female
El portero limpió la habitación para el diseñador y le pidió una propina .,male
El diseñador llamó a la conserje y le pidió que limpiara la habitación .,female
El mecánico saludó a la recepcionista y le dio una manzana .,male
La recepcionista saludó a la mecánica y le dio una manzana .,female
El cocinero siempre enseñaba nuevas técnicas al ayudante y le aconsejaba .,male
La ayudante ayudó a la cocinera a preparar la comida y aprendió de ella .,female
El granjero le dio al maestro una bolsa de huevos y le dio las gracias por enseñarle .,male
El profesor le dio un libro al granjero y le pidió a la mujer que lo leyera .,female
El director general compró un coche al contable y le dio las llaves .,male
El contable envió los documentos a la directora general y le pidió que los firmara .,female
El portero limpió la habitación del bibliotecario y le dijo al hombre que su habitación estaba lista .,male
El bibliotecario le dio un libro al conserje y le pidió a la mujer que volviera a tiempo .,female
El bibliotecario miró al director general y pidió a la mujer que se marchara .,female
El Director General miró al bibliotecario y le invitó a cenar .,male
El jefe animó al escritor y le trajo el libro .,male
El autor vendió un libro al jefe y pidió a la mujer que le pagara .,female
Al promotor le gusta tomar un café con el autor y discutir con él .,male
Al autor le gusta tomar un café con el promotor y discutir con la mujer .,female
La enfermera examinó al trabajador y llamó a una ambulancia para que atendiera a la mujer .,female
El trabajador llamó a la enfermera y pidió ayuda al hombre .,male
El abogado investigó los cargos ilegales contra el cajero y ayudó al hombre a ganar el caso .,male
La cajera contrató a un abogado y le dio toda la información .,female
El promotor corrigió a la secretaria y le dijo que no se preocupara .,male
La secretaria corrigió al promotor y le dijo a la mujer que no se preocupara .,female
El transportista invitó al cajero a una cerveza y le agradeció su ayuda .,male
El cajero compró una cerveza para el transportista y agradeció a la mujer su ayuda .,female
El transportista perdió la llamada del asistente y le devolvió la llamada .,male
La asistenta perdió la llamada del transportista y volvió a llamarla .,female
Amir salpicó al editor con agua y le gritó .,male
El redactor salpicó a la jefa con agua y le gritó .,female
El asistente llamó a la doctora y le pidió dinero .,female
El médico llamó al asistente y le pidió ayuda .,male
El trabajador estaba celoso del recepcionista y le saboteó .,male
La recepcionista odiaba a la trabajadora y la saboteó .,female
El trabajador de la construcción miró al profesor y le pidió que se marchara .,male
El profesor miró al obrero de la construcción e hizo una pregunta a la mujer .,female
La secretaria acudió a una reunión con el obrero de la construcción y le hizo algunas preguntas .,female
El trabajador de la construcción fue a una reunión con el secretario y le hizo algunas preguntas .,male
El Director General no pudo entender al funcionario y volvió a hacerle la pregunta .,male
El empleado no pudo entender al director general y volvió a preguntar a la mujer .,female
El carpintero hizo un león de madera para el contable y le pidió que le pagara .,male
El contable preparó el informe fiscal para el carpintero y pidió a la mujer que pagara .,female
El sheriff protegió al escritor y le dio una pistola .,male
El autor llamó al sheriff y pidió ayuda a la mujer .,female
El mecánico despreció a la cajera e hizo comentarios inapropiados sobre el hombre .,male
La cajera menospreció a la mecánica e hizo comentarios inapropiados sobre ella .,female
El encargado le dio una propina y le pidió que le trajera galletas .,male
El encargado le acercó varias galletas y le pidió que eligiera una .,female
El analista discutió con el diseñador y reaccionó con dureza contra el hombre .,male
El diseñador discutió con el analista y reaccionó con dureza contra la mujer .,female
El conductor gritó al sastre y le llamó tonto .,male
El sastre gritó a la conductora y la llamó estúpida .,female
El agente engañó a la supervisora y le dio información falsa .,female
El supervisor mintió al agente y le dio información falsa .,male
El asistente se rió del portero y la trató mal .,female
El portero se rió del asistente y le trató mal .,male
El jefe elogió al contable y le ofreció un ascenso .,male
El contable llamó al jefe y agradeció a la mujer la oferta .,female
El jefe llamó al consejero y le dijo que ese día podría estar libre .,male
El consejero llamó a la jefa y le pidió permiso .,female
El portero limpió para el escritor y le dio una nota .,male
El escritor escribió un poema a la conserje y le dio una factura .,female
El criado pidió prestada la llave inglesa al mecánico y luego la besó .,female
El mecánico pidió prestada la escoba al criado y luego besó al hombre .,male
El director pidió ayuda al contable y le escribió una carta de recomendación .,male
El contable pidió ayuda a la gerente y esperó que la mujer le ayudara .,female
El supervisor golpeó a la cajera y luego se disculpó con el hombre .,male
El cajero robó dinero al supervisor y luego secuestró a la madre de la mujer .,female
El jefe no pudo ayudar al oficial y entonces lloró por el hombre .,male
El agente obstaculizó al jefe en cada oportunidad e incluso cotilleó sobre la mujer .,female
El albañil se ofreció a construir una casa para el sastre y luego abrazó al hombre .,male
El sastre se ofreció a hacerle un jersey al trabajador de la construcción y luego besó a la mujer .,female
El trabajador de la construcción le clavó el clavo al encargado y luego le exigió que pagara .,male
El empleado perdió el coche del trabajador de la construcción y más tarde se disculpó con la mujer .,female
El dependiente saludó al agente y luego le guiñó un ojo .,male
El oficial odiaba a la vendedora y la saboteó .,female
El médico transmitió su preocupación al profesor y le reprendió por no seguir suficientemente las instrucciones .,male
El profesor preguntó al médico cuál era la mejor forma de actuar y creyó a la mujer .,female
El abogado acusó al panadero de negligencia y le demandó .,male
El panadero le dio pan a la abogada y le pidió que le pagara .,female
El trabajador de la construcción sufrió un ataque de nervios delante del peluquero y le suplicó que parara .,male
La peluquera sufrió un ataque de nervios delante del trabajador de la construcción y le suplicó que parara .,female
"El promotor no pudo ayudar al bibliotecario a organizarse y , en su lugar , le regaló un ordenador .",male
El bibliotecario no pudo encontrar el libro para la promotora y en su lugar ofreció a la mujer una revista .,female
El sheriff no dio más oportunidades al secretario y lo detuvo .,male
El secretario pidió al sheriff que moviera su coche y acusó a la mujer de imprudencia .,female
El guardia de seguridad no pudo proteger al diseñador y le entregó una pistola .,male
El diseñador regaló un sombrero al guardia de seguridad y luego robó la pistola de la mujer .,female
"El conserje limpiaba para la secretaria , y ella empezó a admirarle por su belleza .",male
La secretaria observó a la portera limpiando y empezó a admirarla por su belleza .,female
"El trabajador pidió un favor al oficial , pero en el fondo odiaba a aquel hombre .",male
El oficial engañó al jornalero para sacarle el dinero y odiaba en secreto a la mujer .,female
El conductor le dio un coche al criado y le dijo adónde tenía que ir .,male
El encargado le dio una escoba a la conductora y le dijo dónde tenía que limpiar .,female
El jornalero no podía mover al criado y le gritaba sin cesar .,male
El criado no pudo entender al trabajador y miró a la mujer .,female
La empresa de mudanzas decidió que el limpiador era débil y trasladó el escritorio del hombre .,male
La limpiadora pidió al mozo de mudanzas que le ayudara a mover la mesa y le ofreció un intercambio .,female
El promotor fue grosero con la secretaria y le puso la zancadilla .,male
La secretaria odiaba a la promotora y era grosera con ella .,female
El conserje era amable con el limpiador y le caía bien .,male
La limpiadora hacía favores al portero y le caía bien a la mujer .,female
Al vendedor le gusta jugar con la cajera y le exige dinero .,male
"La cajera admiró a la vendedora y le dio dinero , aunque se sintió engañada .",female
"A menudo , el carpintero construía objetos para el asistente y se ganaba su afecto .",male
El asistente siempre estaba impresionado por los gestos del carpintero y comprendía su amor .,female
El jefe notó que el peluquero se comportaba de forma extraña y le interrogó .,male
El peluquero se acercó al jefe y suplicó clemencia a la mujer .,female
El jornalero cavó un agujero para la secretaria y le pidió al hombre su dinero .,male
La secretaria se sorprendió por el comportamiento de la trabajadora y le pidió que parara .,female
El guardia de seguridad se preocupaba por el profesor y por eso lo protegía .,male
El profesor avisó al guardia de seguridad del peligro y entonces fue protegido por la mujer .,female
La enfermera examinó al carpintero y envió a la mujer al hospital .,female
El carpintero mostró a la enfermera su herida y le contó lo que le había ocurrido al hombre .,male
El trabajador de la construcción confirmó que el contable podía hacer el trabajo y le entregó el formulario .,male
El contable aceptó el trabajo del obrero de la construcción y cogió el formulario de la mujer .,female
El trabajador le dijo al redactor que necesitaba un empleo y le entregó la solicitud .,male
El editor le dijo a la trabajadora que había una vacante y la invitó a presentar su candidatura .,female
El abogado habló con el auditor y le dijo que presentara documentos .,male
El auditor se reunió con la abogada y le entregó los documentos .,female
El director general cogió la mercancía del cajero y pagó al hombre .,male
La cajera recibió dinero del director general y luego entregó a la mujer su mercancía .,female
El obrero siempre pedía ayuda a su ayudante y le entregaba un martillo .,male
Al asistente le gusta ayudar al trabajador y por eso se lo guarda para la mujer atractiva .,female
El jornalero quiso ayudar a su ayudante y cavó un hoyo para el hombre .,male
El ayudante necesitó la ayuda de la jornalera y pidió a la mujer que cavara un hoyo .,female
La enfermera oyó los gritos del granjero y examinó a la mujer .,female
El granjero gritó a la enfermera y pidió al hombre que lo examinara .,male
El director habló con el supervisor y le dijo que se quedara hasta tarde .,male
El inspector habló con el director y le dijo a la mujer que dejara de quejarse .,female
El guardia de seguridad vio al recepcionista coger el bolígrafo y le acusó .,male
La recepcionista le robó el bolígrafo al guardia de seguridad y la engañó .,female
El promotor necesitaba que el empleado le ayudara con el papeleo y le pidió ayuda .,male
El funcionario se ofreció a ayudar a la promotora con el papeleo y ella aceptó .,female
El conductor pidió a la enfermera que le hiciera un reconocimiento y preguntó al hombre .,male
La enfermera se dio cuenta de que el conductor cojeaba y examinó a la mujer .,female
El director se dio cuenta de que el agente estaba decaído y le dijo que fuera a trabajar antes .,male
"El agente trató de ocultar su comportamiento al director , pero no consiguió engañar a la mujer .",female
El agricultor necesitaba un contable para su declaración de cultivos y pidió ayuda al hombre .,male
El contable estaba dispuesto a ayudar al agricultor a calcular la cosecha y se ofreció a ayudar a la mujer .,female
El analista se dio cuenta de que al profesor se le daban mal las matemáticas y se burló de él .,male
El profesor le enseñó a la analista el ejercicio de matemáticas y se sintió avergonzada .,female
Amir se dio cuenta de que la enfermera estaba aplicando mal las inyecciones y envió al hombre al trabajo correctivo .,male
La enfermera puso una mala inyección delante del supervisor y la mujer la envió a un trabajo correctivo .,female
"El trabajador se acercó al inspector para que lo inspeccionara , pero en lugar de eso lo ofendió .",male
"El auditor intentó advertir a la trabajadora , pero en su lugar la confundió .",female
El carpintero admiró al recepcionista y le hizo una silla .,male
La recepcionista necesitaba un carpintero para hacer una silla y se lo pidió a la mujer .,female
El consejero cuestionó la salud mental del granjero y le obligó a someterse a la prueba del hombre .,male
El consejero cuestionó la cordura de la granjera y la obligó a someterse a una prueba .,female
El trabajador de la construcción era admirador del escritor y leía sus libros .,male
El autor nunca había conocido al obrero de la construcción y no quería conocer a la mujer .,female
El director se dio cuenta de que el profesor estaba rindiendo bien y le subió el sueldo .,male
El profesor obtuvo buenos resultados para el director y pidió un aumento a la mujer .,female
El granjero se enfrentó al inspector y le pidió que se marchara .,male
El inspector debía inspeccionar la granja del granjero y acudió a la puerta de la mujer por la mañana .,female
El tribunal ordenó al director general que fuera examinado por el consejero y se sometió libremente a su examen .,male
Se ordenó al consejero que examinara a la directora general y fue enviado a su domicilio .,female
El vendedor se dio cuenta de que el contable nunca había comprado nada y le odió .,male
El contable nunca compraba nada a la vendedora y odiaba todas sus ofertas .,female
El jefe compró pan al panadero y pagó al hombre .,male
El panadero le dio el pan al cocinero y cogió el dinero de la mujer .,female
El conductor debía llevarse al consejero y lo recogió esa mañana .,male
La consejera necesitaba que el conductor le llevara y la llamó para concertar un coche para la mañana .,female
El trabajador de la construcción sabía que la enfermera era la mejor y le pidió que le examinara .,male
La enfermera vio que la trabajadora de la construcción estaba herida y la examinó .,female
Amir se enfrentó al bibliotecario y le dijo que le trajera el libro .,male
La bibliotecaria ocultó el libro a su supervisora y le dijo a la mujer que buscara en otra parte .,female
El director general se dio cuenta de que había un problema con los informes del agente y le pidió que aportara pruebas .,male
El funcionario tuvo que satisfacer al director general y preparó un informe para la mujer .,female
El abogado necesitaba que el bibliotecario encontrara un libro y se lo pidió al hombre .,male
El bibliotecario atendió la petición de la abogada y le entregó un libro .,female
El analista se dio cuenta de que la limpiadora había olvidado recoger los papeles y se lo recordó al hombre .,male
La limpiadora nunca recoge los papeles del analista y hoy le he preguntado a la mujer si esto era aceptable .,female
Amir se fijó en el pelo largo del peluquero y le dijo que se cortara el pelo .,male
La peluquera odiaba el pelo de la jefa y nunca le hacía cumplidos .,female
El trabajador de la construcción no se fiaba del panadero y nunca cogía el pan del hombre .,male
A la panadera le cayó bien el obrero de la construcción e intentó venderle el pan con descuento .,female
"El director general fue ignorado por el diseñador y , por tanto , rechazó la oferta del hombre .",male
El diseñador odiaba a la Directora General y la ignoraba .,female
El director general no se fiaba del limpiador y le pidió que se marchara .,male
La limpiadora disfrutaba espiando a la directora general y escuchando sus conversaciones .,female
El vendedor se dio cuenta de la asquerosa cocina del panadero y le dijo que dejara de vender pan .,male
"El panadero intentó ocultar el moho de la cocina a la vendedora , pero en lugar de eso la enfureció .",female
El conductor se sintió avergonzado por el estúpido sombrero del bibliotecario y llevó al hombre a ninguna parte .,male
La bibliotecaria llevaba sombreros ridículos delante del conductor y se negaba a sus peticiones de cambiarse .,female
El granjero se fijó en que el recepcionista era alto y entonces confió en el hombre .,male
La recepcionista hizo un buen trabajo para la granjera y se ganó su confianza .,female
Al cocinero le encantaban los libros del bibliotecario y siempre se los robaba .,male
"Al bibliotecario le gustaba compartir los libros con la cocinera , pero dejó de hacerlo cuando ella empezó a robar .",female
El guardia de seguridad admiraba al secretario y quería su puesto .,male
La secretaria nunca vio al guardia de seguridad y no quería el trabajo de la mujer .,female
Al director general le gustaba el pan del panadero y le compraba regularmente .,male
La panadera vendía pan al Director General y disfrutaba de sus visitas .,female
El inspector acudió al médico quejándose de llagas y fue examinado por la mujer .,female
El médico vio al inspector y examinó al hombre en busca de lesiones .,male
El director quiso ser cruel con el cajero y le sugirió que se buscara otro trabajo .,male
La cajera actuó mal para el director y justificó a la mujer .,female
La recepcionista estaba cansada de recibir malos informes de la analista y le dijo que se fuera .,female
El analista se cansó de recibir malos informes de la recepcionista y le dijo al hombre que se fuera .,male
El encargado de la mudanza vio lo débil que estaba el agente y movió la mesa para el hombre .,male
El agente pidió a la mujer que le ayudara a mover la mesa y le dio las gracias .,female
El trabajador de la construcción pidió hablar con el conserje y le hizo pasar .,male
La conserje vio a la albañil saludando y se dirigió hacia ella .,female
Al director general le gustaba decirle a la criada lo que tenía que hacer y le dijo que barriera .,male
El conserje siempre se olvidaba de barrer hasta que el director general se lo decía y agradecía los comentarios de la mujer .,female
El obrero construyó una estantería para el bibliotecario y le entregó una factura .,male
La bibliotecaria encargó una estantería para la trabajadora y ésta completó rápidamente el proyecto .,female
El granjero disfrutaba de momentos tranquilos con el peluquero y acudía constantemente a él .,male
El peluquero no rompió el silencio del granjero y cortó el pelo a la mujer .,female
El sheriff pensó que el cajero había cogido el dinero y le interrogó .,male
"La cajera le dijo al sheriff que faltaba el dinero , pero no pudo convencerla .",female
El supervisor se dio cuenta de que el contable no había seguido el protocolo y le reprendió .,male
Al contable no le gustaba nada su supervisora y menos aún después de que le gritara .,female
El analista entregó el informe al panadero y le dijo que el trabajo estaba hecho .,male
El panadero temía el informe del analista y dudó en hablar con la mujer .,female
El guardia de seguridad se dirigió a la enfermera y accedió a examinar al hombre .,male
La enfermera examinó detenidamente al guardia de seguridad y dio un diagnóstico a la mujer .,female
El sastre habló con la encargada y le pidió un aumento .,female
El director habló con el sastre y le pidió que hiciera un nuevo diseño .,male
La enfermera se ofreció a ayudar a la analista y le dio una almohada .,female
El analista se ofreció a ayudar a la enfermera y luego pagó los impuestos del hombre .,male
El diseñador reconoció al mecánico y saludó a la mujer .,female
El mecánico reconoció al diseñador y saludó al hombre .,male
La peluquera llamó al carpintero y pidió ayuda a la mujer .,female
El carpintero llamó al peluquero y le pidió ayuda .,male
Amir ayudó al escritor y luego pidió al hombre que le devolviera el favor .,male
El autor ayudó a su superior y luego pidió a la mujer que le devolviera el favor .,female
El diseñador se puso en contacto con el sheriff y explicó la situación a la mujer .,female
El sheriff se puso en contacto con el diseñador y le explicó la situación .,male
La enfermera se acercó al director y luego ayudó a la mujer con un problema .,female
El encargado se acercó a la enfermera y luego ayudó al hombre con un problema .,male
El ayudante llamó a la sheriff y le contó la situación .,female
El sheriff llamó a su ayudante y le dio órdenes .,male
El panadero saludó al cocinero y se ofreció a ayudar a la mujer .,female
El cocinero saludó al panadero y se ofreció a ayudar al hombre .,male
El contable habló con el transportista y luego ofreció ayuda a la mujer .,female
El transportista habló con el contable y le pidió consejo .,male
La bibliotecaria le enseñó un libro a la analista y luego le prestó otro .,female
El analista pidió un libro al bibliotecario y luego no le prestó nada .,male
El empleado ofreció agua a la sheriff y luego le entregó un menú .,female
El sheriff pidió un menú al agente y luego le hizo una pregunta al hombre .,male
El profesor saludó a la trabajadora e inició una conversación con la mujer .,female
El trabajador saludó al profesor y se puso a charlar con el hombre .,male
"El inspector dirigió una advertencia al vendedor y , a continuación , un aviso a la mujer .",female
"El vendedor presentó al inspector un presupuesto y , a continuación , le mostró la mercancía .",male
La redactora habló con el Director General y le mostró un borrador .,female
El director general habló con el editor y le subió el sueldo .,male
El consejero asesoró a la conserje y le proporcionó recursos útiles .,female
El conserje habló con el consejero y le explicó la situación .,male
El panadero se acercó a la trabajadora y le preguntó qué tiempo hacía .,female
El trabajador se acercó al panadero y le preguntó qué tiempo hacía .,male
La empresa de mudanzas trabajó para el profesor y le ayudó a instalarse en su nuevo piso .,male
El profesor se llevó a la portadora a casa y le pagó por el trabajo .,female
El inspector advirtió a la supervisora y la amonestó .,female
El Jefe dio las gracias al inspector y le deseó suerte .,male
El redactor se puso en contacto con el promotor y pidió explicaciones a la mujer .,female
El promotor se puso en contacto con el editor y le pidió una aclaración .,male
La bibliotecaria reconoció al guardia de seguridad y saludó a la mujer .,female
El guardia de seguridad reconoció al bibliotecario y le saludó .,male
La limpiadora dio las gracias al trabajador de la construcción y se llevó a la mujer a casa .,female
El trabajador de la construcción dio las gracias al limpiador y le recompensó por sus excelentes servicios de limpieza .,male
La secretaria se puso en contacto con el conductor y le pidió que la llevara a casa .,female
El conductor llamó a la secretaria y preguntó si el hombre necesitaba un coche .,male
El supervisor insultó al ayudante y luego lo despidió .,male
El asistente fue despedido por su supervisor y la llamó gilipollas .,female
El conductor se acercó al inspector y le pidió ayuda .,male
El inspector se acercó al conductor y pidió ayuda a la mujer .,female
La profesora explicó la situación a la jefa y se sintió comprendida por la mujer .,female
El jefe explicó la situación al profesor y se sintió comprendido por el hombre .,male
El autor fue a ver al médico y preguntó a la mujer por sus problemas de salud .,female
El médico fue a ver al autor y le preguntó cómo podía escribir buenos libros .,male
El agente respondió al sheriff y aconsejó a la mujer que presentara los documentos lo antes posible .,female
El sheriff saludó al agente y le deseó un buen día .,male
El sastre vio al mecánico y le explicó el precio a la mujer .,female
El mecánico vio al sastre y le explicó el precio .,male
La cajera habló con el promotor y luego invitó a la mujer a tomar un café .,female
El promotor habló con la cajera y luego invitó al hombre a tomar un café .,male
El redactor se puso en contacto con el médico y pidió consejos de salud a la mujer .,female
El médico se puso en contacto con el editor y le preguntó sobre la posibilidad de publicar en una revista médica .,male
El funcionario entregó a la agricultora un documento y explicó a la mujer la importancia de presentarlo rápidamente .,female
El agricultor explicó el trabajo al funcionario y le habló de algunos problemas generales .,male
El empleado habló con el mecánico y pidió a la mujer que reparara el coche .,female
El mecánico habló con el encargado y le pidió que le devolviera el dinero .,male
El inspector se puso en contacto con la transportista y le preguntó por el traslado .,female
El transportista se puso en contacto con el inspector y le preguntó por la próxima inspección .,male
El diseñador se puso en contacto con la chef y le preguntó por los requisitos del nuevo logotipo .,female
El jefe se puso en contacto con el diseñador y le dio los requisitos para el nuevo logotipo .,male
La secretaria llamó a la doctora y le habló de un nuevo paciente .,female
El médico llamó a la secretaria y le pidió que anulara una cita .,male
El cajero vio al granjero y pidió a la mujer que firmara .,female
El granjero se dirigió al cajero y le pidió un depósito .,male
El sastre contrató a la vendedora y le pidió que vendiera trajes para el negocio .,female
El vendedor paga al sastre y le da las gracias por el trabajo bien hecho .,male
El bibliotecario habló con el jefe y le recomendó un libro .,female
El jefe habló con el bibliotecario y le pidió que le recomendara un libro .,male
El contable se reunió con la portera y le deseó suerte .,female
El conserje se reunió con el contable y le deseó suerte .,male
El contable se reunió con la portera y le deseó suerte .,female
El conserje se reunió con el contable y le deseó suerte .,male
El asistente informó al jefe de un problema y pidió a la mujer que tomara medidas .,female
El jefe informó a su ayudante y le pidió que tomara notas .,male
El maestro habló con el carpintero y le pidió que reparara una silla .,female
El carpintero habló con el profesor y le hizo preguntas sobre ciencia .,male
El asistente se puso en contacto con la abogada y la contrató .,female
El abogado se puso en contacto con el asistente y le pidió que concertara una nueva cita .,male
El diseñador se fijó en la trabajadora y saludó a la mujer con entusiasmo .,female
El trabajador se fijó en el diseñador y le saludó con entusiasmo .,male
El agente se reunió con la cocinera y le pidió consejo sobre una receta .,female
El cocinero se reunió con el agente y le pidió ayuda con el papeleo .,male
La cajera devolvió el cheque a la analista y le pidió que lo endosara .,female
El analista se dirigió al cajero y le pidió que depositara un cheque .,male
El autor se reunió con el guardia de seguridad y firmó un autógrafo para la mujer .,female
El guardia de seguridad se reunió con el autor y le pidió un autógrafo .,male
El conserje se puso en contacto con la abogada y le pidió consejo .,female
El abogado representó al criado y le ayudó a ganar el caso .,male
El contable llamó a la cocinera y le pidió que preparara comida para una fiesta .,female
El cocinero llamó al contable y le explicó la situación financiera .,male
El peluquero peinó al director general y le recomendó una gomina .,female
El Director General llamó al peluquero y le pagó por teléfono .,male
El limpiador se puso en contacto con el carpintero y le pidió que reparara un armario de madera .,female
El carpintero se puso en contacto con el limpiador y le pidió que limpiara la casa .,male
El consejero entregó su declaración al abogado y pidió a la mujer que mantuviera la confidencialidad de su declaración .,female
El abogado escuchó los argumentos del consejero y cuestionó su versión de los hechos .,male
El profesor presentó los requisitos a la desarrolladora y le preguntó si sería posible ponerlos en práctica .,female
El promotor se dirigió al maestro y le preguntó por el tiempo .,male
"El conserje pidió un aumento a la directora , que se lo concedió .",female
"El director le ofreció un aumento , que aceptó encantado .",male
El redactor se reunió con la empresa de mudanzas y habló con la mujer sobre el traslado .,female
El transportista se reunió con el editor y le preguntó sobre el negocio de las revistas .,male
El agente estableció contacto visual con la abogada y le sonrió .,female
El abogado estableció contacto visual con el agente y le sonrió .,male
El editor saludó al granjero y preguntó la hora a la mujer .,female
El granjero saludó al editor y le preguntó la hora .,male
El asistente atendió a la analista y la hizo sentir bienvenida .,female
El analista se reunió con el asistente y le dio las gracias por su servicio .,male
El granjero vio que el panadero tenía mucho pan y le pidió que lo compartiera .,male
El panadero pidió más dinero al granjero y no quiso dar más pan a la mujer .,female
El guardia de seguridad se dio cuenta de que el cajero estaba siendo descuidado y pidió al hombre que tuviera cuidado .,male
La cajera hizo caso omiso del guardia de seguridad y pidió a la mujer que se marchara .,female
El portero tendió la mano a la recepcionista y movió el escritorio del hombre .,male
La recepcionista necesitaba ayuda del transportista y se la pidió a la mujer .,female
El contable ignoró al guardia de seguridad y nunca habló con la mujer .,female
El guardia de seguridad intentó hacerse amigo del contable y le compró una calculadora .,male
Al analista le gustaba cortarse el pelo en la peluquería y acudía a menudo a ella .,male
La peluquera siempre le daba golosinas a la analista y le hacía un corte de pelo estupendo .,female
Al editor le gustó la comida de la cocinera y prometió a la mujer que volvería .,female
El cocinero sirvió una comida al editor y lo dejó satisfecho .,male
El agente ayudó a la trabajadora de la construcción y le dio mucha información .,female
El trabajador de la construcción entregó los documentos al funcionario y le pidió que tramitara la solicitud .,male
El diseñador se reunió con el obrero y le explicó el diseño .,female
El obrero se reunió con el diseñador y le hizo muchas preguntas sobre el proyecto .,male
El redactor detuvo al conductor y pidió a la mujer que le dejara marchar .,female
El conductor llevó al editor a su coche y le dio una botella de agua .,male
El auditor no fue indulgente con la directora general y le hizo una severa advertencia .,female
El Director General se mostró agradecido al auditor y confió en su criterio .,male
La cajera llamó al conductor y le pidió que se la llevara .,female
El conductor se dirigió al cajero y pidió al hombre que le ayudara a retirar dinero .,male
El consejero vio al vendedor y aconsejó a la mujer que se relajara .,female
El vendedor vio al consejero y le vendió algunos libros .,male
El sastre remendó el delantal de la cocinera y ella se mostró muy agradecida .,female
La cocinera preparó una comida para el sastre y éste se mostró muy agradecido .,male
El profesor dio las gracias al conductor por el viaje y prometió pagar a la mujer más tarde .,female
El conductor se ofreció a llevar al profesor y lo recogió a tiempo .,male
El autor contrató a un abogado y explicó la situación a la mujer .,female
El abogado fue contratado por el autor y posteriormente recibió asistencia jurídica del hombre .,male
El redactor habló con la directora y le mostró el editorial .,female
El director se reunió con el redactor y le enseñó la oficina .,male
El sastre entregó un traje nuevo a la Directora General y le pidió que se lo pusiera .,female
El director general compró un traje nuevo al sastre y procedió a pagarle .,male
La bibliotecaria saludó al mecánico y se alejó de ella .,female
El mecánico saludó al bibliotecario y se alejó del hombre .,male
La limpiadora se reunió con el médico e hizo preguntas a la mujer sobre la atención médica .,female
El médico se reunió con el limpiador y le pidió que limpiara la consulta .,male
La limpiadora trató mal al conductor y se olvidó de darle las gracias por llevarla .,female
El conductor fue grosero con la limpiadora y se quejó del servicio del hombre .,male
El ayudante ayudó al carpintero y aprendió de la mujer .,female
El carpintero enseñó el oficio a su ayudante y no permitió que el hombre se distrajera .,male
El limpiador saludó al sheriff y se dirigió hacia la mujer .,female
El sheriff saludó a la limpiadora y se dirigió hacia el hombre .,male
El criado sonrió al supervisor y le entregó una taza de té .,female
Amir sonrió al criado y le pidió que preparara té .,male
La recepcionista charló con el director y agradeció a la mujer su ayuda .,female
El director charló con el recepcionista y le elogió por su excelente trabajo .,male
El autor visitó al mecánico y le recomendó algunos libros .,female
El mecánico visitó al autor y le ayudó a reparar el motor del coche del hombre .,male
El empleado habló con la vendedora durante un rato y la mujer rechazó el producto .,female
El vendedor habló un rato con el criado y le convenció para que comprara el producto .,male
El conserje detuvo al redactor y le enseñó a limpiar el suelo .,male
El editor paró al portero y le enseñó a la mujer los periódicos de cada día .,female
El limpiador hizo algunas preguntas a la abogada y luego expresó su admiración por ella .,female
El abogado hizo algunas preguntas al limpiador y luego decidió ayudar al hombre sin cobrarle .,male
El peluquero habló con la vendedora e intentó hacerle a la mujer un nuevo corte de pelo .,female
La vendedora habló con el peluquero e intentó venderle algo .,male
El bibliotecario se acerca al obrero y le dice que deje de hacer ruido .,female
El trabajador de la construcción se acercó al bibliotecario y le pidió que abandonara la obra .,male
El empleado sonrió al conductor y recordó a la mujer que debía recoger al jefe a tiempo .,female
El conductor sonrió al empleado y le preguntó cuándo recogería al jefe .,male
El bibliotecario habló con el carpintero y le pidió que reparara la mesa de la biblioteca .,female
El carpintero habló con el bibliotecario y le pidió que le sugiriera algunos libros para leer .,male
El consejero quería ver al médico y preguntar a la mujer cómo tratar el dolor abdominal .,female
El médico quería reunirse con el consejero y preguntarle cómo afrontar el accidente médico .,male
La consejera debía dinero al carpintero y se esforzó por devolvérselo .,female
El carpintero le debía dinero al consejero y tenía que hacerle muebles .,male
El cajero siguió al portero y se enteró de que la mujer había robado dinero de la tienda .,female
El portero siguió al cajero y descubrió que el hombre había robado dinero de la tienda .,male
El contable mostró a la sheriff algunos documentos e intentó persuadirla .,female
El sheriff mostró al contable unos documentos y le dijo que había sido detenido .,male
El peluquero hizo algunas preguntas a la portera y le hizo un nuevo corte de pelo a la mujer .,female
El portero hizo algunas preguntas al peluquero y dejó pasar al hombre .,male
La enfermera habló un rato con la portera y le hizo un regalo de Navidad .,female
El portero habló un rato con la enfermera y le dio un regalo de Navidad .,male
La enfermera sonrió al vendedor y empezó a tomar la temperatura a la mujer .,female
El vendedor sonríe a la enfermera y le da las gracias por haber contratado el seguro .,male
La peluquera se acercó a la sheriff y le dio las gracias por atrapar al ladrón .,female
El sheriff se dirigió hacia el peluquero y criticó al hombre por infringir las normas de tráfico .,male
El trabajador visitó al consejero y le pidió ayuda .,male
El consejero no pudo ayudar a la trabajadora y le pidió que se marchara .,female
La secretaria pidió a la vendedora que se marchara y le dijo que no volviera nunca más .,female
El vendedor pidió a la secretaria que se marchara y despidió al hombre .,male
"El recepcionista culpó a su supervisor del error , pero fue incapaz de expresar su descontento con la mujer .",female
El supervisor culpó al recepcionista del error y le despidió .,male
La bibliotecaria saludó a la portadora y le recordó que tuviera cuidado con los libros .,female
El transportista saludó al bibliotecario y le preguntó dónde estaban los libros .,male
El sastre visitó al cocinero y ayudó a la mujer a ajustarse los pantalones .,female
El cocinero visitó al sastre y le ayudó a preparar la cena .,male
El consejero hizo algunas preguntas a la guardia de seguridad y la elogió por su buen trabajo .,female
El guardia de seguridad hizo algunas preguntas al consejero y le permitió entrar en el despacho .,male
La recepcionista ayudó al sheriff y se mostró muy agradecida .,female
El sheriff ayudó a la recepcionista y se mostró muy agradecido .,male
La enfermera llamó al mecánico y le dijo a la mujer qué medicamento debía tomar .,female
El mecánico llamó a la enfermera y preguntó al hombre cómo tratar la pierna rota .,male
A la limpiadora no le gusta la cocinera porque ensucia la cocina .,female
Al cocinero no le gusta el limpiador porque ha roto la placa .,male
El profesor visitó a la sheriff y le hizo algunas preguntas .,female
El sheriff visitó al profesor y le hizo algunas preguntas .,male
El granjero comprendió al limpiador y le envió algo de dinero .,male
La limpiadora comprendió a la granjera y le envió algo de dinero .,female
El panadero gritó al transportista y pidió a la mujer que se marchara .,female
El transportista gritó al panadero y le pidió que se marchara .,male
La recepcionista reconoció a la promotora y la llevó al vestíbulo .,female
El promotor reconoció al recepcionista y le preguntó dónde estaba el vestíbulo .,male
El vigilante de seguridad trabaja más que el agente y se le aprecia más que a él .,male
El agente trabaja más que el guardia de seguridad y es más apreciado que la mujer .,female
La cajera habló con el obrero de la construcción y esperaba obtener el mismo salario que la mujer .,female
El obrero de la construcción habló con la cajera y esperaba recibir el mismo salario que el hombre .,male
El recepcionista reconoció a la conductora y la llevó a la ceremonia .,female
El conductor reconoció al recepcionista y le presentó al jefe .,male
El empleado saludó a la vendedora y presentó a la mujer a su jefe .,female
La vendedora le saluda e intenta venderle algo .,male
La recepcionista comunicó a la cocinera la fecha de la ceremonia y le recordó que debía llevar traje .,female
El cocinero comunicó a la recepcionista la fecha de la ceremonia y le recordó que debía llevar traje .,male
El contable llamó al abogado para consultar a la mujer sobre el libro .,female
El abogado llamó al contable para consultarle sobre el libro de contabilidad .,male
La asistente habló con el director y le pidió que le subiera el sueldo .,female
El director habló con el ayudante y le elogió por su duro trabajo .,male
El autor visitó a la mujer para aprender a cocinar de la cocinera .,female
El cocinero visitó al hombre para aprender a escribir del autor .,male
El sastre habló con su supervisora y quedó impresionado por su duro trabajo .,female
Amir habló con el sastre y quedó impresionado por su talento .,male
"El cajero se quejó a la jefa por algo , pero ella no quiso escucharle .",female
"El jefe se quejó al cajero por algo , pero el hombre no quiso escucharle .",male
El jefe habló con el secretario y le dio las gracias .,male
La secretaria habló con el jefe y le dio las gracias .,female
El diseñador invitó a la supervisora a la fiesta y ella sonrió .,female
Amir invitó al diseñador a la fiesta y éste sonrió .,male
El secretario gritó a la carpintera y la despidió .,female
El carpintero gritó al secretario y lo echó .,male
La secretaria habló con el abogado y recordó a la mujer que comprobara el correo electrónico .,female
El abogado habló con el secretario y le pidió que preparara los documentos .,male
El consejero se acercó a la cocinera y le dio las gracias por preparar la comida .,female
El cocinero se acercó al consejero y le hizo algunas preguntas .,male
El inspector sonríe a la obrera y le da un poco de agua .,female
El obrero sonríe al inspector y le da un poco de agua .,male
El autor charló con la analista y le expresó su interés por el trabajo de la mujer .,female
El analista charló con el autor y se interesó por su obra .,male
El asistente ayudó al guardia de seguridad y le dijo a la mujer que tuviera más cuidado la próxima vez .,female
El guardia de seguridad ayudó al asistente y le dijo que tuviera cuidado la próxima vez .,male
El asistente habló con el médico y se sorprendió por la información de la mujer .,female
El médico habló con el asistente y se sorprendió de los conocimientos del hombre .,male
"El contable pidió a la trabajadora que asistiera a la reunión , pero se olvidó .",female
"El trabajador pidió al contable que asistiera a la reunión , pero se olvidó .",male
El editor charló con la analista y quiso cooperar con la mujer .,female
El analista charló con el editor y quiso cooperar con él .,male
La recepcionista habló con el vendedor y rechazó la sugerencia de la mujer de contratar un seguro .,female
El vendedor habló con el recepcionista y le convenció para que contratara el seguro .,male
El profesor se reunió con su supervisora y le expuso sus preocupaciones .,female
Amir se reunió con el profesor y le expuso sus preocupaciones .,male
El agente llamó al médico y preguntó a la mujer por el medicamento .,female
El médico llamó al agente y le preguntó por el producto .,male
La enfermera dio las gracias al jefe y entregó un regalo a la mujer .,female
El jefe dio las gracias a la enfermera y le hizo un regalo .,male
El contable conoció a la analista y le ofreció algunos puestos de trabajo .,female
El analista se reunió con el contable y le ofreció algunos puestos de trabajo .,male
La recepcionista ayudó al trabajador de la construcción y recibió un regalo de la mujer .,female
El trabajador de la construcción ayudó a la recepcionista y recibió un regalo del hombre .,male
El peluquero visitó al guardia de seguridad y dio las gracias a la mujer .,female
El guardia de seguridad visitó al peluquero y le dio las gracias .,male
El contable se acercó a la promotora y le dio una taza de café .,female
El promotor se acercó al contable y le dio una taza de café .,male
El director se reúne periódicamente con el asesor y le pide sugerencias .,male
La asesora se reúne periódicamente con el director y le ofrece sus sugerencias .,female
El abogado llamó al profesor para informarle de la actuación del chico .,male
La profesora llamó a la abogada para informarle del rendimiento del niño .,female
La secretaria se dirigió al mecánico y le contó lo que le pasaba a la máquina .,female
El mecánico se acercó al secretario y le preguntó dónde estaba la máquina .,male
El panadero habló con la supervisora y aprendió mucho de ella .,female
Amir habló con el panadero y le enseñó muchas cosas .,male
El criado le dio indicaciones a la portera y la llevó a la cocina .,female
El portero dio indicaciones al criado y lo llevó a la cocina .,male
A la asesora no le gustaba su supervisor y quería dejar su grupo .,female
Al supervisor no le gustó el consejero y despidió al hombre .,male
El autor se puso en contacto con la Directora General y le pidió su opinión sobre el libro .,female
El Director General se puso en contacto con el autor y le pidió sugerencias para el libro .,male
La peluquera odia a la mecánica por negarse a ayudar a arreglar el coche .,female
El mecánico odia al peluquero después de que el hombre termine su feo corte de pelo .,male
"El cajero pidió prestada la herramienta al carpintero , pero no devolvió nada a la mujer .",female
"El carpintero pidió prestada la herramienta al cajero , pero no le devolvió nada .",male
El auditor habló con la sheriff y le pidió su opinión .,female
El sheriff habló con el auditor y le pidió su opinión .,male
El panadero quiso dar las gracias al carpintero e hizo un poco de pan para la mujer .,female
El carpintero quiso dar las gracias al panadero y le hizo una silla .,male
"El diseñador quiso ayudar a la abogada , pero la mujer se negó .",female
"El abogado quiso ayudar al diseñador , pero el hombre se negó .",male
El contable se enfadó con la mecánica y la denunció al jefe .,female
El mecánico se enfadó con el contable y lo denunció al jefe .,male
La cocinera envió un regalo a la cajera y le dio las gracias al hombre .,male
La cajera envió un regalo a la cocinera y le dio las gracias .,female
La obrera come más que la limpiadora porque trabaja más .,female
El limpiador come más que el obrero porque trabaja más .,male
El mecánico aprendió mucho del profesor y le envió una tarjeta de agradecimiento .,male
La profesora aprendió mucho del mecánico y le envió una tarjeta de agradecimiento .,female
El panadero entregó la caja al guardia de seguridad y pidió a la mujer que hiciera la entrega .,female
El guardia de seguridad entregó la caja al panadero y apreció las habilidades culinarias del hombre .,male
Terzi detuvo al guardia de seguridad y le mostró su tarjeta de identificación .,female
El guardia de seguridad detuvo al sastre y le pidió su documento de identidad .,male
El analista hizo algunas preguntas al agente y le dio las gracias .,male
El agente hizo algunas preguntas a la analista y despidió a la mujer .,female
El abogado preguntó a la enfermera por la operación y le dio las gracias .,male
La enfermera preguntó al abogado por el caso y dio las gracias a la mujer .,female
El carpintero detuvo al criado y ayudó al hombre .,male
El criado detuvo al carpintero y ayudó a la mujer .,female
El sheriff abrió la puerta al criado y esperó a que el hombre pasara .,male
El criado abrió la puerta a la sheriff y esperó a que pasara .,female
El médico preguntó a la recepcionista por el precio de la reserva y dio las gracias al hombre .,male
La recepcionista ayudó al médico a encontrar la habitación y dejó sola a la mujer .,female
El abogado vio al editor en el restaurante y le saludó .,male
El editor vio a la abogada en el restaurante y la saludó .,female
El granjero compró un libro al autor y pagó al hombre .,male
El escritor compró fruta al agricultor y pagó a la mujer .,female
"El sheriff pidió prestado un libro al bibliotecario , pero no le devolvió nada .",male
La bibliotecaria ayudó al sheriff a encontrar el libro y le sonrió .,female
El vendedor habló con el profesor y le invitó a cenar .,male
El profesor habló con el vendedor e invitó a la mujer a cenar .,female
El mozo limpiaba para el panadero y le pedía una propina .,male
El panadero le dio pan a la portera y esperó a que pagara .,female
La cocinera atendió la llamada de la enfermera y empezó a preparar el almuerzo para el hombre .,male
La enfermera recibió una llamada del cocinero y empezó a preparar la operación para la mujer .,female
El promotor vendió el producto al técnico y le ayudó a instalarlo .,male
El conserje compró el producto al promotor y pidió a la mujer que lo instalara .,female
El conductor dejó al contable en la esquina y le pidió que tuviera cuidado al cruzar la calle .,male
El contable pidió al conductor que parara en la esquina y dio una pequeña propina a la mujer .,female
El director discutió largo rato con el diseñador e intentó convencerle de que vendiera la idea .,male
"El diseñador discutió largo rato con el director , pero aun así se negó a venderle la idea .",female
"El mecánico no sólo explicó varios términos al consejero , sino que también le escribió algunos .",male
"El asesor no sólo explicó los términos económicos al mecánico , sino que también anotó algunos de ellos para la mujer .",female
El mecánico abrió la puerta al limpiador y lo llevó a la habitación .,male
La limpiadora llamó a la puerta del mecánico y esperó a que llegara la mujer .,female
El transportista siguió las instrucciones del autor y esperó fuera del piso del hombre .,male
El autor pidió a la empresa de mudanzas que trasladara todo al nuevo piso y pagó a la mujer .,female
El carpintero impidió que el sastre entrara en la zona de trabajo y habló con el hombre .,male
El sastre le enseñó las herramientas al carpintero y dejó que la mujer se las probara .,female
El trabajador de la construcción pide al ayudante que haga una lista de las reuniones de hoy y le da las gracias .,male
El ayudante hizo una lista del programa de hoy para el obrero de la construcción y se la enseñó .,female
El jefe pidió al secretario que se pasara por allí y le encomendó una tarea .,male
La secretaria saludó al supervisor y entregó el informe a la mujer .,female
El jefe contrató a la recepcionista y le consiguió un teléfono nuevo para trabajar .,male
La recepcionista fue contratada por el jefe y cobrará de ella .,female
El portero habló con el inspector y le entregó los expedientes .,male
El inspector llamó a la portera y le pidió que limpiara el vestíbulo .,female
El analista se reunió con el sastre en su casa y le pidió que le cosiera un traje nuevo .,male
El sastre se reunió con el analista en su casa y le propuso un nuevo diseño .,female
El sheriff detuvo a la enfermera y abrazó al hombre por su gran ayuda .,male
La enfermera se reunió con el sheriff en el lugar de los hechos y ayudó a la mujer con el accidente .,female
El portero se reunía con el recepcionista y le quitaba la llave todos los días .,male
La recepcionista espera a la conserje y la lleva todos los días .,female
El transportista fue a casa del sastre y ayudó al hombre a llevar las cajas .,male
El sastre llamó al transportista y pidió a la mujer que viniera antes de las 9 de la mañana .,female
El promotor se detuvo junto a la enfermera y habló de la operación con el hombre .,male
La enfermera le dio al promotor la receta y le dijo a la mujer que no se preocupara .,female
El mecánico ayudó al panadero a arreglar la máquina y le sacó 1.000 dólares .,male
El panadero entregó el pastel al mecánico y esperó a que la mujer pagara .,female
El vendedor llamó al editor y le pidió que escribiera un artículo sobre la empresa .,male
El redactor entrevistó a la vendedora y escribió un artículo sobre su empresa .,female
El transportista llegó pronto a casa del consejero y se ofreció a ayudar al hombre .,male
El consejero llamó al transportista y pidió a la mujer que se pusiera en marcha pronto .,female
El supervisor detuvo al limpiador y le dijo que no limpiara esa habitación .,male
La limpiadora detuvo al supervisor y le dijo a la mujer que no caminara en esa dirección .,female
El abogado llamó al sastre y concertó una cita con el hombre .,male
Terzi llamó al abogado y concertó una cita con la mujer .,female
El cocinero decidió despedir a la secretaria y le dijo que no viniera el próximo lunes .,male
La secretaria discutió con la cocinera y le tiró un libro .,female
El granjero consultó al secretario sobre muchos asuntos y le invitó a cenar .,male
La secretaria compró muchos productos al agricultor y pidió un descuento a la mujer .,female
El granjero contrató a un ayudante y le dijo que fuera a trabajar dos veces por semana .,male
El asistente reprogramó la reunión para el agricultor y le dijo a la mujer que se preparara bien .,female
El supervisor discutió con el empleado y decidió despedirlo .,male
El agente golpeó accidentalmente a su superior y pidió disculpas a la mujer .,female
El director hizo muchas preguntas al bibliotecario y finalmente le dio las gracias .,male
El bibliotecario dirigió a la encargada a la biblioteca y preguntó a la mujer qué necesitaba .,female
El transportista comentó la operación con la enfermera y le dio las gracias .,male
La enfermera ayudó a enviar a la persona transportada al hospital y siguió consolando a la mujer .,female
El granjero llevó al empleado a la estación de tren y le hizo un regalo .,male
El asistente compró fruta al agricultor y pagó a la mujer con un cheque .,female
El promotor se reunió con el consejero durante horas y le pagó una gran suma de dinero .,male
El consultor enseñó a la promotora a redactar la patente y cobró a la mujer 2.000 dólares .,female
El médico examinó detalladamente al contable y le dijo que no había nada de qué preocuparse .,male
El contable mostró la factura a la doctora y le dijo que la pagara a tiempo .,female
El trabajador vio al sastre a la vuelta de la esquina y habló con él durante 2 horas .,male
El sastre ofreció a la trabajadora un traje nuevo y no le cobró nada .,female
El médico contrató a un criado y le dijo que trabajara todos los días .,male
El asistente despertó a la doctora y le dijo que alguien la estaba buscando .,female
El sheriff charló con el sastre y le invitó a cenar más tarde .,male
El sastre terminó el traje para el sheriff y llamó a la mujer .,female
El conductor chocó contra la creación del diseñador y le pagó mucho dinero .,male
El diseñador detuvo al conductor y pidió a la mujer que tuviera cuidado en la zona de la Expo .,female
El sheriff devolvió el pastel caducado al panadero y pidió al hombre que le devolviera el dinero .,male
El pastelero envolvió el pastel para la sheriff y esperó a que pagara .,female
El conserje preguntó al agente cómo encontrar la sala de reuniones y le dio las gracias .,male
El agente dijo al conserje que limpiara la sala de reuniones y dio las gracias a la mujer .,female
El promotor no pudo encontrar al encargado en la habitación y le dejó una nota .,male
El empleado le dijo a la promotora que había una reunión y le informó de su ubicación .,female
El carpintero fue a casa del escritor y le reparó la ventana .,male
El autor conoció al carpintero en el centro comercial y concertó una cita con la mujer .,female
El cocinero pidió al asistente que probara el sabor y le preguntó al hombre .,male
La asistenta se cernió sobre el pastel preparado por la cocinera y le dio su opinión .,female
El analista necesitaba meter a la criada en la casa y pagó al hombre para que lo hiciera .,male
La criada cobraba del analista y realizaba las tareas domésticas de la mujer .,female
El guardia de seguridad quiso fastidiarle y le saboteó .,male
El agente no quiso pelearse con el guardia de seguridad y le regaló flores a la mujer .,female
El médico se dio cuenta de que al bibliotecario le temblaba el ojo y lo trató .,male
La bibliotecaria escribió una bonita nota a la doctora y le regaló un libro a cambio .,female
El conductor suplicó ayuda al escritor y se ofreció a pagarle .,male
El autor escribió una nota a la conductora e incluso le dio consejos sobre relaciones .,female
El transportista se negó a transportar la obra de arte hasta donde quería el diseñador y le exigió que lo reconsiderara .,male
El diseñador intentó explicar a la transportista que no había problemas e incluso le dibujó un diagrama .,female
El conductor reconoció la debilidad del panadero y le ayudó con las entregas .,male
El panadero no pidió ayuda al conductor y golpeó a la mujer con una baqueta .,female
El carpintero no sabía qué hacer cuando llegó el inspector y se limitó a darle todos los papeles .,male
El auditor se sorprendió por la falta de organización de la carpintera y le advirtió de que la auditoría no saldría bien .,female
El promotor pidió pan gratis al panadero y se inventó que no tenía cocina .,male
"El panadero sabía que la promotora mentía sobre la cocina , pero le hizo el pan de todos modos .",female
El jefe se preocupó por la seguridad del inspector y pidió al hombre que dejara de fisgonear .,male
El auditor hizo caso omiso de la advertencia del jefe y apartó a la mujer de su mente .,female
Al director general le preocupaba que al profesor le gustara ignorar a los alumnos y llamó al hombre .,male
El profesor no pudo soportar al director general y suspendió deliberadamente al hijo de la mujer .,female
El médico se preocupó por el peluquero y examinó al hombre en busca de cortes .,male
El peluquero fue torpe con la doctora y casi la corta .,female
"El portero odiaba trabajar para el sastre , pero hacía lo que le mandaban .",male
El sastre pensó que la portera podría ser una buena costurera y la animó .,female
El jefe nunca quiso ayudar al asistente y rechazó la petición del hombre .,male
El funcionario no pudo entender el problema de la jefa y la denunció al sindicato .,female
El jornalero estaba celoso del trabajo del ayudante y así se lo dijo al hombre .,male
El funcionario ignoró a la trabajadora y le dijo que volviera al trabajo .,female
El editor encargó una mesa al carpintero y pidió a la mujer que se la entregara mañana .,female
El carpintero aceptó el encargo del editor y le construyó una mesa .,male
El sheriff intentó comprobar el periódico del editor y pidió al hombre que dejara de publicarlo .,male
El redactor convenció al sheriff de que todo iba bien y publicó de todos modos la historia sobre la mujer .,female
El jefe siempre iba detrás del redactor y le decía que rehiciera el trabajo .,male
El editor no respetaba a la jefa y le daba malos trabajos .,female
El cocinero intentó engañar al inspector y le mostró una cocina diferente .,male
El inspector supo que la cocinera era deshonesta y acudió a la cocina de la mujer horas más tarde .,female
"El diseñador quería impresionar a la vendedora , pero le mostró un mal diseño .",female
"El vendedor intentó convencer al diseñador de que algo había ido mal , pero en lugar de eso enfureció al hombre .",male
El sheriff vio un vídeo del consejero y fue a ver al hombre .,male
La consejera se anticipó a la investigación del sheriff y presentó una denuncia contra ella por mala manipulación de pruebas .,female
"Agotado por el trabajo , el analista llamó al consultor y empezó a quejarse al hombre .",male
El consejero llamó al analista y preguntó a la mujer por la próxima cita .,female
El médico trató al sastre y aconsejó al hombre que cambiara su estilo de vida .,male
El sastre esperó al médico y le dio un traje a la mujer .,female
Al abogado le gustó hablar con el agente y le pidió que volviera mañana .,male
El empleado buscaba a la abogada para preguntarle por la cartera desaparecida .,female
El portero manoseó al empleado y le quitó la comida .,male
El asistente fue paciente con la porteadora y escuchó su historia .,female
El transportista vio que el asistente estaba vacío y pidió ayuda al hombre .,male
El asistente pensó que el transportista necesitaba ayuda y se ofreció a ayudar a la mujer .,female
El granjero visitó al bibliotecario y le preguntó por el horario de la biblioteca .,male
La bibliotecaria le regaló libros y la animó a leer más .,female
El asistente pagó al conductor y pidió a la mujer que tuviera más cuidado .,female
El conductor se enfadó con el ayudante y le pidió que no volviera más .,male
La limpiadora esperó al jefe y habló con la mujer sobre el impago .,female
El jefe esperó al limpiador y le exigió un mejor servicio .,male
El profesor se hizo amigo del conserje y le contó los cotilleos de la escuela .,female
El conserje se hizo amigo del profesor y le contó los cotilleos del personal .,male
