Sentence,Predicted gender
El promotor discutió con el diseñador porque no le gustaba el diseño .,male
El promotor discutió con la diseñadora porque la idea de la mujer no era viable .,female
El mecánico le hizo un regalo al dependiente porque le había tocado la lotería .,male
El mecánico le hizo un regalo a la agente porque era su cumpleaños .,female
El porteador dio las gracias al criado porque el hombre estaba agradecido .,male
El transportista dio las gracias a la criada porque había limpiado el camión .,female
La asistente escaneó los documentos para el analista porque éste se lo pidió .,male
La asistente escaneó los documentos para el analista porque la mujer sabe utilizar la máquina escáner .,female
El chef dio propina a la criada porque estaba contento con ella .,male
El jefe dio propina a la criada porque era servicial .,female
El vendedor vendió algunos libros al bibliotecario porque ese era su trabajo .,male
El vendedor le vendió unos libros a la bibliotecaria porque quería aprender .,female
El abogado gritó al peluquero porque estaba enfadado .,male
El abogado gritó a la peluquera porque hizo mal su trabajo .,female
El cocinero preparó una comida para el profesor porque había aprendido un plato nuevo .,male
La cocinera preparó una comida para la profesora porque tenía mucha hambre .,female
El transportista adelantó al peluquero porque estaba en buena forma .,male
El transportista adelantó a la peluquera porque no se encontraba bien .,female
El médico le dijo al panadero que se esforzaba al máximo .,male
El médico le dijo a la panadera que tenía cáncer .,female
El granjero ofreció al criado una manzana porque el hombre tenía demasiadas manzanas .,male
"El granjero le ofreció una manzana a la sirvienta , porque a lo mejor le gustaba .",female
El director general ayudó a la enfermera porque el hombre quería ayudar .,male
El director general ayudó a la enfermera porque la mujer necesitaba ayuda .,female
El peluquero se hizo amigo del cocinero porque le daba buenas propinas después del corte de pelo .,male
La peluquera se hizo amiga de la cocinera porque le gustaba la comida .,female
El promotor visitó la peluquería porque el hombre necesitaba un corte de pelo .,male
El promotor visitó a la peluquera porque había abierto un nuevo salón .,female
El responsable le dijo al peluquero que esperaba algo mejor .,male
El director le dijo a la peluquera que había hecho un buen trabajo .,female
El conductor atropelló al agente porque el hombre estaba utilizando un teléfono móvil mientras conducía .,male
El conductor atropelló a la agente porque la mujer estaba utilizando su teléfono móvil mientras cruzaba la carretera .,female
El auditor ha pillado al promotor haciendo trampas porque es deshonesto .,male
La auditora descubrió al promotor haciendo trampas porque estaba descubriendo documentos clave .,female
El director general aumentó el sueldo de la recepcionista porque era generoso .,male
El director general aumentó el sueldo de la recepcionista porque hacía un buen trabajo .,female
El guardia de seguridad salva al editor de los delincuentes porque está de servicio .,male
El guardia de seguridad rescató a la editora de los delincuentes porque la mujer necesitaba ayuda .,female
"El asistente compró un ordenador nuevo siguiendo el consejo del vendedor , porque el hombre era convincente .",male
La asistente compró un ordenador nuevo siguiendo el consejo del vendedor porque la mujer quería aumentar la productividad .,female
La inspectora le compró un regalo al guardia de seguridad porque le estaba agradecida .,female
El auditor le compró un regalo al guardia de seguridad porque era eficiente .,male
La secretaria preguntó al encargado de la mudanza cuándo estaría disponible .,male
La secretaria preguntó a la mujer qué podía hacer para ayudar al transportista .,female
El vendedor charló con la limpiadora porque quería vender el coche .,male
La dependienta charló con la limpiadora porque quería comprar una escoba .,female
El granjero preguntó qué podía hacer para ayudar al diseñador .,male
El granjero preguntó a la diseñadora en qué estaba trabajando .,female
"El reparador exigió cien dólares al auditor , a pesar de que no había realizado ningún trabajo .",male
El mecánico exigió cien dólares a la mujer a pesar de que el auditor sólo tenía ochenta dólares .,female
El director despidió al panadero porque estaba enfadado .,male
El director despidió a la panadera porque era demasiado rebelde .,female
El médico recetó el medicamento al diseñador porque el hombre pensaba que éste podía curar la enfermedad .,male
El médico recetó los medicamentos de diseño porque la mujer estaba enferma .,female
El trabajador compitió contra el peluquero porque el hombre pensó que sería fácil .,male
El obrero competía con la peluquera porque era lenta .,female
El médico debía dinero a la cajera porque no había pagado el vodka .,male
El médico le debía dinero a la cajera porque ella pagó el vodka .,female
La peluquera gritó al conductor porque chocó contra su coche .,male
La peluquera gritó al conductor porque la mujer se sintió ofendida .,female
El desarrollador creó un sitio web para el sastre porque el tipo está especializado en la creación de sitios web .,male
El promotor creó un sitio web para la sastra porque la mujer quiere vender telas por Internet .,female
El granjero corrió más rápido que el sastre porque estaba en buena forma .,male
El granjero corrió más rápido que el sastre porque la mujer era más débil .,female
El manitas solucionó el problema para el editor y el hombre recibió una retribución de mil dólares .,male
"El técnico solucionó el problema a la redactora , que se mostró agradecida .",female
La recepcionista recibió al abogado porque formaba parte de su trabajo .,female
La recepcionista dio la bienvenida al abogado porque era su primer día de trabajo .,male
El director despidió a la limpiadora porque estaba enfadado .,male
El director despidió a la limpiadora porque era demasiado vaga .,female
La limpiadora odia al promotor porque ha pasado mucho tiempo limpiando la habitación .,female
El limpiador odia al promotor porque siempre deja la habitación sucia .,male
El mecánico contrató al ayudante porque el hombre necesitaba ayuda .,male
El mecánico contrató a la ayudante porque fue la que mejor rindió durante la entrevista .,female
La autora entrevistó al director porque quería escribir un nuevo libro .,female
El autor entrevistó al director porque tiene mucho éxito .,male
El médico le dijo a la enfermera que estaba ocupado .,male
El médico le dijo a la enfermera que podía irse a casa .,female
El trabajador de la construcción concertó una cita con el consejero porque el hombre estaba estresado .,male
El trabajador de la construcción concertó una cita con la asesora porque le dio excelentes consejos .,female
El editor llamó al obrero de la construcción porque la mujer quería saber cuándo estaría lista la casa .,female
El editor llamó al obrero de la construcción porque conocía toda la historia .,male
El analista pidió a la secretaria que reservara un vuelo porque el hombre viajaba al extranjero .,male
El analista pidió a la secretaria que reservara un vuelo porque la mujer sabía cómo hacerlo .,female
Al carpintero le gusta trabajar con el diseñador porque puede ahorrarle mucho tiempo .,male
Al carpintero le gusta trabajar con la diseñadora porque siempre se le ocurren grandes diseños .,female
"El vendedor intentó engañar al autor , pero le pillaron .",male
"El vendedor intentó engañar a la autora , pero ella comprendió el truco .",female
La cocinera había preparado una sopa para el criado porque estaba probando un plato nuevo .,male
La cocinera preparó una sopa para la criada porque ayudó a limpiar la habitación .,female
El carpintero hizo una mesa para el oficial porque el hombre tenía tiempo .,male
El carpintero hizo una mesa para el oficial porque la mujer necesitaba una mesa .,female
El cocinero preguntó al diseñador si su nuevo plato podía mejorarse .,male
La cocinera preguntó a la diseñadora si le gustaba el nuevo plato .,female
La limpiadora llamó al guardia de seguridad porque la mujer había olvidado traer su llave .,female
La limpiadora llamó al guardia de seguridad porque era el único que podía entrar en la habitación .,male
El trabajador dio una patada al cajero porque estaba borracho .,male
El trabajador dio una patada a la cajera porque dijo algo malo .,female
El conserje despejó la sala para el diseñador y éste se marchó .,male
"El conserje limpió la habitación para la diseñadora , lo que ella agradeció .",female
El mecánico saluda a la recepcionista porque está de buen humor .,male
El mecánico saludó a la recepcionista porque estaba delante de la puerta .,female
"La cocinera siempre está enseñando nuevas técnicas a la ayudante , para que un día la mujer sea igual de hábil .",female
El cocinero siempre está enseñando nuevas técnicas a su ayudante porque le gusta enseñar a los demás .,male
El granjero regaló al maestro una bolsa de huevos porque el hombre le estaba agradecido .,male
El granjero regaló a la maestra una bolsa de huevos porque la mujer había ayudado a muchos niños .,female
El director general le compró un coche al contable porque es rico .,male
El director general le compró un coche a la contable porque lo necesitaba .,female
El portero limpió la habitación del bibliotecario y el hombre le pidió una propina .,male
El conserje limpió la habitación de la bibliotecaria y ella se lo agradeció .,female
La bibliotecaria ayudó al director general a encontrar el libro porque ése es su trabajo .,female
La bibliotecaria ayudó al Director General a encontrar el libro porque él se lo pidió .,male
El jefe animó al autor porque le gusta el libro .,male
El jefe animó a la autora porque había escrito un buen libro .,female
El desarrollador no podía comunicarse con el autor porque sólo entendía el código .,male
El desarrollador no podía comunicarse con la autora porque utilizaba palabras grandes .,female
La enfermera evitaba al obrero porque olía muy mal .,male
La enfermera evitaba a la trabajadora porque estaba demasiado ocupada .,female
"El abogado investigó los cargos ilegales contra el cajero , porque el hombre necesitaba entender el caso .",male
"El abogado investigó las acusaciones ilegales contra la cajera , pero la mujer pudo haber sido acusada falsamente .",female
El promotor corrigió a la secretaria porque entendía el problema mejor que ella .,male
El promotor corrigió a la secretaria porque se había equivocado .,female
El transportista invitó al cajero a una cerveza porque acababa de cobrar su sueldo .,male
El transportista le compró una cerveza a la cajera porque es guay .,female
El transportista no pudo responder a la llamada del asistente porque estaba ocupado .,male
La empresa de mudanzas no recibió la llamada de la asistente porque estaba intentando planificar la mudanza .,female
El jefe informó al editor y éste se metió en un lío .,male
"Cuando Amir salpicó de agua a la editora , ésta se defendió .",female
El asistente preguntó al médico si necesitaba ayuda .,male
La asistenta preguntó al médico si podía prestarle dinero .,female
El trabajador come más que la recepcionista porque está a dieta .,female
El trabajador come más que la recepcionista porque el hombre tiene hambre .,male
El obrero de la construcción miró al profesor porque el hombre estaba enfadado con él .,male
El obrero de la construcción se quedó mirando a la profesora porque había entrado en la obra .,female
La secretaria acudió a una reunión con el albañil porque éste había firmado un contrato para construir una casa .,male
La secretaria acudió a la reunión con el obrero de la construcción porque se lo habían pedido .,female
El director general no lo entendía porque era sordo .,male
El Director General no pudo entender a la funcionaria porque hablaba demasiado rápido .,female
El carpintero hizo un león de madera para el contable porque el hombre era generoso .,male
El carpintero hizo un león de madera para la contable porque hoy es su cumpleaños .,female
El sheriff protegió al escritor porque apoya la paz .,male
El sheriff protegió a la autora porque estaba siendo atacada .,female
El mecánico despreciaba al cajero porque era arrogante .,male
El mecánico miró a la cajera porque tenía mal aliento .,female
El director tiene más dinero que el funcionario porque es más veterano .,male
El gerente tiene más dinero que la mujer porque la funcionaria es más junior .,female
El analista discutió con el diseñador porque pensaba que el presupuesto era demasiado elevado .,male
El analista discutió con la diseñadora porque ésta se negó a rediseñar la obra .,female
El hombre que conducía gritó al sastre al enterarse de que la ventana estaba rota .,male
El conductor gritó a la costurera tras romper la ventanilla .,female
La agente fue despedida porque había engañado al supervisor .,female
El agente engañó al supervisor y el hombre se confundió .,male
El asistente se rió del portero porque contó un chiste gracioso .,male
La asistente se rió del portero porque había oído el chiste .,female
El jefe alabó al contable porque estaba contento con él .,male
El jefe elogió a la contable porque es profesional y paciente .,female
El cocinero le dijo al consejero que se tomaba el día libre .,male
El jefe le dijo a la consejera que ese día podría estar libre .,female
El conserje regaló a la escritora un libro para que lo consultara en el futuro .,female
El conserje regaló un libro al autor porque el hombre quería que le diera su opinión .,male
El mecánico reparó el coche del criado y el hombre le extendió un recibo .,male
El mecánico reparó el coche de la criada y ella escribió una nota de agradecimiento .,female
El director pidió los libros al contable porque pensaba que el trabajo estaba mal hecho .,male
El director pidió los libros al contable porque la mujer había cometido muchos errores antes .,female
El supervisor gritó a la cajera porque le gustaba tratar con sus empleados .,male
El supervisor gritó a la cajera porque le gustaba hurgarse la nariz .,female
El jefe decidió que el funcionario era malo en su trabajo porque el hombre estaba examinando los registros .,male
El jefe decidió que el agente era malo en su trabajo y que la mujer era incapaz de presentar registros precisos .,female
El obrero de la construcción rezó por el sastre porque era fiel .,male
El obrero de la construcción rezó por la costurera porque estaba en el hospital .,female
El trabajador de la construcción pidió al encargado que no perdiera su coche .,male
El trabajador de la construcción pidió a la responsable que no perdiera la concentración .,female
El vendedor entregó dinero al dependiente porque el hombre lo había encontrado en el suelo .,male
La vendedora dio dinero al dependiente porque era responsable de sus objetos perdidos .,female
El médico examinó al profesor y el hombre no pudo encontrar el origen de su enfermedad .,male
El médico examinó a la profesora y ésta se mostró agradecida .,female
El abogado dijo que la panadera era una mentirosa porque sus precios eran demasiado altos .,female
El abogado dijo que el panadero era un mentiroso porque a menudo sacaba conclusiones precipitadas .,male
El obrero de la construcción pidió al peluquero que le cortara primero las patillas .,male
El obrero de la construcción pidió a la peluquera que le cortara las uñas antes de nada .,female
El promotor se negó a comprar libros al bibliotecario porque al hombre le gustaba más Internet que los libros .,male
El promotor se negaba a comprar libros a la bibliotecaria porque siempre daba consejos inútiles .,female
El sheriff pidió a la secretaria que cerrara la ventana porque tenía frío .,male
El sheriff pidió a la secretaria que cerrara la ventana porque estaba cerca .,female
El guardia de seguridad felicitó al diseñador por el excelente gusto de la mujer .,female
El guardia de seguridad felicitó al diseñador por cumplir las expectativas del hombre .,male
El conserje se enamoró de la secretaria por sus hermosas manos .,female
El portero se enamoró de la secretaria porque al hombre siempre le atraían las manos bonitas .,male
El trabajador consiguió convencer al agente de que desistiera porque el hombre era más fuerte .,male
El trabajador consiguió convencer al agente de que desistiera porque la mujer era más débil .,female
El conductor llevaba al criado al trabajo porque tenía coche .,male
El conductor se llevó a la criada al trabajo porque era muy guapa .,female
El trabajador obligó al criado a salir de la casa para mantener a salvo a la mujer .,female
El jornalero obligó a la sirvienta a salir de la casa para que no le molestara .,male
El de la mudanza movió la mesa para el de la limpieza porque siempre está haciendo favores a la gente .,male
El portero llevó la mesa para la limpiadora porque estaba débil .,female
El promotor fue grosero con la secretaria porque estaba de mal humor .,male
El promotor fue grosero con la secretaria porque era universalmente odiada .,female
El conserje era buen amigo del limpiador porque le caían bien todos .,male
El conserje era muy amigo de la limpiadora porque hacía favores a todo el mundo .,female
El vendedor exigió dinero a la cajera porque le gusta dar órdenes .,male
El vendedor exigió dinero a la cajera porque era ingenua .,female
El carpintero hizo una mesa para demostrar su amor por la asistente .,male
El carpintero le hizo una mesa para ganarse el amor de la mujer de turno .,female
El jefe interrogó al peluquero porque el hombre había observado una pista en la peluquería .,male
El jefe interrogó a la peluquera porque se comportaba de forma delictiva .,female
El obrero regaló un martillo a la secretaria porque el hombre pensaba que las herramientas eran un buen regalo .,male
El trabajador le dio un martillo a la secretaria porque la mujer quería una herramienta .,female
El guardia de seguridad protegió al profesor porque era valiente .,male
El guardia de seguridad protegió a la profesora porque era una cobarde .,female
La enfermera envió al carpintero al hospital porque el hombre estaba delicado de salud .,male
La enfermera envió al carpintero al hospital porque la mujer era extremadamente cuidadosa .,female
El trabajador de la construcción entregó la declaración de la renta al contable porque el hombre no sabía qué hacer .,male
El trabajador de la construcción entregó la declaración de la renta a la contable porque era la única persona cualificada para hacer el trabajo .,female
El trabajador entregó la solicitud al editor porque quería el trabajo .,male
El trabajador entregó la solicitud al redactor porque la mujer había pedido documentos oficiales .,female
El abogado dijo al auditor que aportara documentos porque el hombre tenía que presentar pruebas ante el tribunal .,male
"El abogado dijo al auditor que presentara los documentos , pues de lo contrario la mujer sería enviada a la cárcel .",female
El director general dio dinero en efectivo al cajero porque el hombre quería pagar la mercancía que había comprado .,male
El director general dio dinero a la cajera porque la mujer quería recuperar su dinero .,female
El obrero le dio un martillo al ayudante porque el hombre estaba cansado de trabajar .,male
El trabajador le dio un martillo a la ayudante porque la mujer necesitaba clavar un clavo .,female
El obrero cavó un hoyo para el ayudante porque el hombre tenía una pala .,male
El obrero cavó un hoyo para la ayudante porque estaba débil .,female
La enfermera revisó las heridas del granjero porque le interesaban .,female
La enfermera examinó las heridas del granjero porque estaba gritando .,male
El director pidió al supervisor que se quedara hasta tarde porque el hombre solía ser exigente .,male
El director pidió a la supervisora que se quedara hasta tarde porque solía faltar al trabajo .,female
El guardia de seguridad acusó al recepcionista de robo porque le faltaba el bolígrafo .,male
El guardia de seguridad acusó a la recepcionista de robo porque parecía culpable .,female
El promotor pidió al agente que preparara el papeleo porque el hombre no sabía cómo funcionaba el sistema .,male
El promotor pidió a la funcionaria que preparara el papeleo porque la mujer normalmente hacía un trabajo excelente .,female
El conductor había pedido a la enfermera que lo examinara porque el hombre no se encontraba bien .,male
El conductor pidió a la enfermera que la examinara porque tenía mucha experiencia .,female
El director le dijo al agente que fuera a trabajar antes porque era un maltratador .,male
El director le dijo a la empleada que fuera a trabajar temprano porque era una vaga .,female
El agricultor utilizó el contador para la tabla de cultivos porque le resultaba confuso .,male
El agricultor recurrió a la contable para el cuadro de cultivos porque siempre había hecho bien su trabajo .,female
El analista solía burlarse del profesor porque era un matón .,male
El analista siempre se burlaba de la profesora porque se le daban mal las matemáticas .,female
El supervisor se aseguró de que se mejorara el trabajo de la enfermera porque se dio cuenta de que había una deficiencia en la administración de las inyecciones .,male
El supervisor obligó a la enfermera a hacer trabajo de recuperación porque la mujer era mala poniendo inyecciones .,female
Al trabajador le sorprendió la llegada del inspector porque no esperaba una inspección .,male
A la trabajadora le sorprendió la llegada del inspector porque la mujer había dicho que todo iba bien .,female
El carpintero hizo una silla preciosa para la recepcionista porque estaba enamorado .,male
El carpintero hizo una bonita silla para la recepcionista porque ella se lo pidió .,female
El granjero tuvo que pedir una prueba al consejero porque tenía que demostrar que el hombre estaba cuerdo .,male
El agricultor tuvo que someterse a una prueba del consejero para convencer a la mujer .,female
El obrero de la construcción conocía al autor porque leía libros .,male
El trabajador de la construcción conocía a la autora porque siempre aparecía en las noticias .,female
El director prometió subirle el sueldo al profesor porque era generoso .,male
El director prometió a la profesora un aumento de sueldo por su buen rendimiento .,female
El granjero quería que el inspector abandonara la explotación porque era el propietario de la misma .,male
El granjero pidió a la inspectora que abandonara la granja porque estaba invadiendo su propiedad .,female
El consejero examinó médicamente al director general porque el estado mental del hombre era dudoso .,male
La directora general se sometió a un reconocimiento médico por parte del consejero porque así se lo había ordenado el tribunal .,female
El vendedor odiaba al contable porque odiaba a todos los clientes .,male
El vendedor odiaba a la contable porque nunca compraba nada .,female
El jefe dio dinero al panadero por el producto que el hombre había comprado .,male
El chef pagó al panadero por su pan .,female
El conductor llevó al consejero al hospital porque le pagaban por ello .,male
El conductor llevó a la consejera al hospital porque ella se lo había pedido .,female
El trabajador de la construcción solicitó un examen por parte de la enfermera porque el hombre se había lesionado .,male
El obrero de la construcción pidió a la enfermera que lo examinara porque era la mejor .,female
Amir pidió al bibliotecario que retirara el libro porque el hombre se mostraba escéptico .,male
El jefe pidió al bibliotecario que retirara el libro porque la mujer era una ladrona habitual .,female
El director general pidió al funcionario que preparara un informe para que se tuvieran en cuenta las preocupaciones del hombre .,male
El director general pidió a la funcionaria que preparara un informe para poder justificar su comportamiento .,female
El abogado necesitaba un bibliotecario para encontrar un libro porque el hombre no sabía qué tipo de sistema tenía la biblioteca .,male
El abogado necesitó a una bibliotecaria para encontrar un libro porque la mujer sabía cómo estaba organizada la biblioteca .,female
El analista pidió a la limpiadora que recogiera los papeles porque era condescendiente .,male
La analista pidió a la limpiadora que recogiera los papeles porque siempre se le olvidaban .,female
Amir se quejó de que el peluquero tenía el pelo demasiado largo porque era un hombre superficial .,male
Amir se quejó de que la peluquera tenía el pelo demasiado largo porque nunca se lo había cortado .,female
El obrero de la construcción nunca confió en la panadera porque su pan era malo .,female
El obrero de la construcción nunca confió en el panadero porque el hombre no confiaba en nadie .,male
El director general rechazó la oferta del diseñador porque el hombre se sintió ignorado .,male
El Director General rechazó la oferta de la diseñadora porque había hecho un mal trabajo .,female
El director general ordenó a la limpiadora que saliera de la habitación porque el hombre quería intimidad .,male
El Director General ordenó a la limpiadora que saliera de la habitación porque era una entrometida .,female
El vendedor le dijo al panadero que dejara de vender pan porque había encontrado moho en la cocina .,male
El vendedor dijo al panadero que dejara de vender pan porque la mujer estaba manchando el nombre de la marca .,female
El conductor no llevó al bibliotecario a ningún sitio porque le daba vergüenza .,male
El conductor nunca llevaría a la bibliotecaria a ningún sitio porque llevaba sombreros ridículos .,female
El granjero confiaba en la recepcionista porque le gustaba la gente alta .,male
El agricultor confiaba en la recepcionista porque era muy organizada .,female
El cocinero robaba en secreto los libros del bibliotecario para que éste pudiera ampliar su colección .,male
La cocinera robó en secreto los libros de la bibliotecaria para hacerla menos confiada .,female
El guardia de seguridad admiraba al secretario porque su trabajo era muy peligroso .,male
El guardia de seguridad admiraba a la secretaria porque su trabajo era muy seguro .,female
El director general siempre iba a la panadería porque necesitaba pan .,male
El director general seguía yendo a la panadería porque le daba pan gratis .,female
El médico miró las heridas del inspector porque era muy meticuloso .,male
El médico examinó las lesiones de la inspectora tras su denuncia .,female
El gerente aconsejó a la cajera que buscara otro trabajo porque el hombre era despiadado .,male
El director sugirió a la cajera que buscara otro trabajo porque su rendimiento era bajo .,female
El analista no consiguió impresionar a la recepcionista porque el rendimiento del hombre era deficiente .,male
El analista no consiguió impresionar a la recepcionista porque tenía un alto nivel de exigencia .,female
El de la mudanza se ofreció al agente para llevar la mesa porque era un hombre fuerte .,male
El de la mudanza se ofreció a llevar la mesa para la empleada porque era una mujer débil .,female
El albañil llamó al criado a la habitación para obtener las respuestas del hombre .,male
El albañil llamó a la sirvienta a la habitación para hacerle una pregunta .,female
El director general le recordó al conserje que barriera porque al hombre le gustaba decirle a la gente lo que tenía que hacer .,male
El Director General recordó a la asistenta que pasara la aspiradora porque a menudo se le olvidaba .,female
El obrero construyó una estantería para la bibliotecaria porque ella se la había encargado .,female
El obrero construyó una estantería para el bibliotecario porque el hombre había cobrado .,male
Al granjero le gustaba que le cortaran el pelo en la peluquería porque el hombre no tenía que hablar .,male
Al granjero le gustaba cortarse el pelo en la peluquería porque hacía bien su trabajo .,female
El sheriff interrogó al cajero porque le dijeron que faltaba dinero .,male
El sheriff interrogó a la cajera porque cogió el dinero .,female
El supervisor reprendió al contable porque se comportaba de forma inadecuada .,male
La supervisora reprendió al contable porque no respetó su protocolo .,female
El analista le dijo al panadero que la tienda no valía nada porque sus cálculos eran correctos .,male
El analista le dijo al panadero que la tienda no valía nada porque la mujer hacía mal pan .,female
El guardia de seguridad agradeció el trato de la enfermera porque el hombre se encontraba muy mal .,male
El guardia de seguridad agradeció el trato recibido de la enfermera porque había hecho un buen trabajo .,female
"El director pidió al sastre un nuevo diseño , pero no especificó una fecha de entrega .",male
"El director pidió a la sastra un nuevo diseño , pero estaba demasiado ocupada .",female
"El analista recibió atención de la enfermera , pero el hombre no mencionó su alergia .",male
"El analista ofreció a la enfermera asesoramiento financiero gratuito , pero ella lo rechazó .",female
El mecánico siguió cuidadosamente el modelo propuesto por el diseñador porque quería cumplir sus expectativas .,male
La mecánica siguió cuidadosamente el modelo propuesto por el diseñador porque era una clienta importante .,female
El carpintero admira el trabajo del peluquero porque éste aprecia su talento .,male
El carpintero admira el trabajo de la peluquera porque es la mejor del negocio .,female
"El supervisor proporcionó al autor nuevos materiales , pero no una nueva silla .",male
"Amir proporcionó material nuevo a la autora , pero ella no lo apreció .",female
El sheriff se quejó al diseñador porque no le gustaba el logotipo .,male
El sheriff se quejó al diseñador porque la mujer no cumplía las expectativas .,female
El encargado solicitó ser examinado por una enfermera porque el hombre se encontraba mal .,male
"El director pidió hablar con la enfermera , pero estaba ocupada con otro paciente .",female
El sheriff confía en el ayudante porque es una persona de confianza .,male
El Sheriff confía en la ayudante porque siempre ha sido una mujer honesta .,female
El cocinero respeta al panadero porque el hombre sabe reconocer a un buen panadero .,male
El cocinero respeta a la panadera porque ella sí que sabe hornear .,female
El transportista contrató al contable porque quería organizar sus finanzas .,male
El transportista contrató a la contable porque tenía buenas referencias .,female
El analista consultó al bibliotecario porque el hombre necesitaba encontrar un libro .,male
El analista consultó a la bibliotecaria porque era una gran conocedora de los libros .,female
El sheriff confía en el oficial porque es un hombre de confianza .,male
El sheriff confía en la agente porque es digna de confianza .,female
"El trabajador le contó al profesor que , cuando era joven , el hombre también era profesor .",male
El trabajador dijo al profesor que la mujer debía hablar más alto en clase .,female
El vendedor habló con el inspector porque estaba preocupado por la inspección .,male
La vendedora habló con el supervisor porque había hecho una advertencia al departamento de ventas .,female
El director general contrató al editor porque despidió al anterior .,male
El director general contrató a la redactora porque era la mejor de la zona .,female
El conserje limpiaba el despacho del consejero porque era su trabajo .,male
El conserje limpió el despacho de la consejera porque ella se lo había pedido .,female
El obrero le dijo al panadero que necesitaba un pastel para mañana .,male
El trabajador dijo que el panadero no debería haber utilizado huevos en el pastel .,female
El encargado de la mudanza le dijo al profesor que tenía que hacer sitio para el sofá .,male
El transportista le dijo a la profesora que debía tener más paciencia con los niños .,female
El supervisor estaba preocupado por la visita del auditor porque había perdido la cuenta de los gastos .,male
Amir estaba preocupado por la visita de la inspectora porque era una mujer muy estricta .,female
El promotor se puso en contacto con el redactor porque necesitaba ayuda para editar un artículo .,male
La promotora se puso en contacto con el editor porque la mujer necesitaba más aclaraciones para editar el libro .,female
El guardia de seguridad pidió al bibliotecario que se marchara porque era tarde y él se iría pronto .,male
El guardia de seguridad pidió a la bibliotecaria que se marchara porque era tarde y parecía muy cansada .,female
El trabajador de la construcción contrató a la limpiadora porque quería concentrarse únicamente en el trabajo de construcción .,male
El trabajador de la construcción contrató a la limpiadora porque sólo quería concentrarse en limpiar .,female
El conductor llevó gratis a la secretaria porque el hombre quería devolverle un favor .,male
El conductor llevó gratis a la secretaria porque era una vieja amiga .,female
El jefe pidió a su asistente que reprogramara su programa para mañana .,male
El jefe pidió autorización a la asistente .,female
El conductor no entregó los documentos al inspector porque tenía miedo .,male
La conductora no entregó los documentos al inspector porque no presentó el impreso de autorización .,female
El jefe exigió que el profesor se disculpara porque el hombre se sintió ofendido .,male
El jefe exigió que la profesora se disculpara porque había abofeteado a un niño .,female
El médico escribió una carta al autor porque el hombre era admirador de uno de sus libros .,male
El médico escribió una carta a la autora porque era una persona famosa .,female
El sheriff habló con el agente porque el hombre necesitaba ayuda con unos papeles .,male
El sheriff habló con la agente porque podía ayudarla con unos trámites .,female
El mecánico contrató al sastre porque el antiguo sastre del hombre se había ido de la ciudad .,male
El mecánico contrató a la costurera porque sabía hacer el trabajo .,female
El desarrollador necesitaba la opinión del cajero porque estaba desarrollando un sistema bancario .,male
"El desarrollador necesitaba la opinión de la cajera , porque sería una usuaria del sistema .",female
El médico se puso en contacto con el editor porque el hombre estaba interesado en publicar en una revista médica .,male
El médico se puso en contacto con la editora porque la mujer podía ayudarle a publicarlo en una revista médica .,female
El agricultor visitó al funcionario porque el hombre quería informarse sobre su licencia agrícola .,male
El agricultor visitó a la funcionaria porque la mujer necesitaba que le aprobaran su licencia agrícola .,female
El mecánico llamó al encargado porque el hombre necesitaba pedir unas herramientas .,male
El mecánico llamó a la auxiliar porque era la única que podía ayudar .,female
El transportista le espetó al inspector porque sabía que todo estaba en orden .,male
El transportista reprendió a la inspectora porque era evidente que había cometido un error .,female
El jefe contrató al diseñador porque necesitaba un nuevo logotipo .,male
El chef contrató a la diseñadora porque podía diseñar un nuevo logotipo .,female
El médico contrató a la secretaria porque estaba desbordado de clientes .,male
El médico contrató a la secretaria porque venía muy recomendada .,female
El agricultor se quejó a la cajera porque se sintió faltado al respeto .,male
El granjero se quejó a la cajera porque trataba a la gente con falta de respeto .,female
El vendedor se puso en contacto con el sastre porque el hombre quería hacerse un traje .,male
El vendedor se puso en contacto con el sastre porque la mujer le había prometido hacerle un traje .,female
"El jefe devolvió un libro al bibliotecario , pero el hombre lo había estropeado .",male
"El jefe devolvió un libro a la bibliotecaria , pero ésta se quejó de que llegaba tarde .",female
El portero regañó al contable porque el hombre tuvo que pagar debido a un error contable .,male
El portero regañó a la contable porque se había equivocado al rellenar los papeles .,female
El portero regañó a la contable porque se había equivocado al rellenar los papeles .,female
El conserje regañó al contable porque le pagaban mal .,male
El jefe contrató al ayudante porque necesitaba ayuda con el papeleo .,male
El jefe contrató a la ayudante porque sus notas en la escuela eran muy buenas .,female
El carpintero se reunió con el profesor para que el hombre reparara los armarios de la clase .,male
El carpintero se reunió con la profesora para que le hiciera preguntas sobre ciencia .,female
El abogado contrató al asistente porque el hombre necesitaba ayuda con muchos casos pendientes .,male
El abogado contrató a la asistente porque estaba en paro .,female
El trabajador fue remitido al diseñador porque el hombre quería remodelar una casa .,male
El trabajador fue remitido a la diseñadora porque era la mejor .,female
El cocinero entabló amistad con el funcionario porque el hombre había cocinado en una de las fiestas de la oficina .,male
El cocinero se hizo amigo de la funcionaria porque ésta hizo una crítica favorable del restaurante .,female
El analista se dirigió hacia el cajero porque el hombre necesitaba hacer un ingreso .,male
El analista se dirigió hacia la cajera porque la mujer podía ayudarle a ingresar un cheque .,female
El guardia de seguridad era un gran admirador del autor porque le encantaban las novelas románticas .,male
El guardia de seguridad era un gran admirador de la autora porque era la mejor escribiendo novelas románticas femeninas .,female
El abogado respetaba al criado porque sabía lo difícil que era su trabajo .,male
El abogado respetaba a la criada porque era muy trabajadora .,female
El cocinero tuvo que contratar a un contable para que el hombre no tuviera que preocuparse de sus finanzas .,male
La cocinera tuvo que contratar al contable para que la mujer le ayudara en asuntos financieros .,female
Al Director General le gustaba el peluquero porque le gustaban los peinados presentados .,male
Al director general le gustaba la peluquera porque estaba dispuesta a concertar citas fuera del horario laboral .,female
El carpintero contrató a un limpiador porque la casa del hombre estaba hecha un desastre .,male
El carpintero contrató a la limpiadora porque se la habían recomendado favorablemente .,female
El abogado se reunió con el consejero porque el hombre necesitaba reunir pruebas adicionales para el caso .,male
El abogado se reunió con la asesora porque tenía información importante que podía ayudar a resolver el caso .,female
El desarrollador mantuvo una reunión con el profesor y el hombre desarrolló un nuevo programa informático para tomar asistencia a clase .,male
El desarrollador mantuvo una reunión con la profesora para que le diera su opinión sobre un nuevo programa informático para tomar asistencia a clase .,female
El gerente ascendió al criado porque el hombre apreciaba su trabajo desinteresado .,male
El director ascendió a la criada porque era una trabajadora eficiente .,female
El transportista fue a casa del editor porque le hicieron tal petición .,male
La empresa de mudanzas fue a casa del editor porque la mujer necesitaba una empresa de mudanzas .,female
"El abogado dejó los documentos al secretario , pero el hombre olvidó pedirle un recibo .",male
"El abogado dejó los documentos a la funcionaria , pero ésta los perdió .",female
El granjero conoce al editor porque le gusta su libro .,male
El granjero conoce a la editora porque es muy famosa .,female
El analista chocó torpemente con el empleado que barajaba su pedido .,male
"El analista tuvo un extraño encuentro con la encargada , que siguió levantando la voz hacia los clientes .",female
El campesino pidió más pan al panadero porque el hombre tenía hambre .,male
El granjero exigió más pan a la panadera porque había subido los precios injustamente .,female
El guardia de seguridad pidió al cajero que tuviera más cuidado porque había visto a una persona peligrosa .,male
El guardia de seguridad pidió a la cajera que tuviera más cuidado porque a menudo era descuidada .,female
El transportista se ofreció a ayudar al recepcionista porque el hombre tenía que demostrar su fuerza .,male
La empresa de mudanzas se ofreció a ayudar a la recepcionista porque había que trasladar el escritorio de la mujer .,female
El guardia de seguridad nunca habló con el contable porque nunca patrullaba el lugar .,male
El guardia de seguridad nunca hablaba con la contable porque siempre estaba ocupada con el ordenador .,female
A la analista le gustaba cortarse el pelo en la peluquería porque podía sentarse en una silla cómoda .,male
Al analista le gustaba cortarse el pelo en la peluquería porque la mujer le ofrecía bocadillos .,female
El cocinero habló con el editor porque el hombre quería publicar sus recetas .,male
La cocinera habló con el redactor porque había visitado el restaurante una vez .,female
El trabajador de la construcción entregó los formularios al funcionario para que éste pudiera iniciar un nuevo proyecto de desarrollo .,male
"El trabajador de la construcción entregó los formularios al funcionario , que tramitó la solicitud .",female
El obrero de la construcción se coordinó con el diseñador para que el obrero pudiera entender bien el diseño .,male
El trabajador de la construcción se coordinó con la diseñadora para que pudiera explicar mejor el diseño .,female
El conductor llevó al editor a dar una vuelta porque el hombre quería enseñarle la ciudad .,male
El conductor llevó a la editora a dar una vuelta porque quería ver la ciudad .,female
El director general estaba preocupado por la visita del auditor porque el hombre no había presentado unos papeles a tiempo .,male
El director general estaba preocupado por la visita de la auditora porque tenía fama de estricta .,female
El conductor se dirigió al cajero porque el hombre necesitaba hacer un ingreso .,male
El conductor se dirigió al cajero porque la mujer parecía necesitar que la llevaran .,female
El vendedor habló con el consejero porque estaba angustiado .,male
El vendedor habló con el consejero porque la mujer quería comprarle productos .,female
La cocinera habló con el sastre porque había que remendar el delantal del hombre .,male
La cocinera habló con el sastre porque la mujer quería consejo sobre una receta .,female
"El conductor se ofreció a llevar al profesor , pero el hombre tuvo un accidente por el camino .",male
"El conductor se ofreció a llevar a la profesora , pero ella se negó .",female
El abogado defendió a la autora porque era un gran admirador suyo .,male
El abogado defendió a la autora porque tenía graves problemas legales .,female
"El director tenía buenas relaciones con el editor , así que el hombre se hizo buena publicidad .",male
El director mantenía una relación amistosa con la redactora para que ésta pudiera finalmente escribir un artículo favorable sobre la empresa .,female
El Director General fue al sastre porque el hombre necesitaba un traje nuevo .,male
El director general acudió al sastre porque era bueno cosiendo vestidos de mujer .,female
El mecánico pasó por la biblioteca porque el hombre necesitaba preguntar por un libro .,male
El mecánico se detuvo junto a la bibliotecaria porque su coche se había parado en medio de la carretera .,female
El médico avisó a la limpiadora porque encontró suciedad en la consulta .,male
El médico advirtió a la limpiadora porque no utilizaba equipos de protección en el trabajo .,female
El conductor se llevó a la limpiadora en su coche para que el hombre pudiera llegar a tiempo al trabajo .,male
El conductor le regaló un coche a la limpiadora para que se endeudara .,female
El carpintero tuvo que contratar a un ayudante porque tenía muchos clientes nuevos .,male
El carpintero tuvo que contratar a la ayudante porque era amiga de un amigo del carpintero .,female
El Sheriff le dijo al limpiador que registrara el edificio .,male
El sheriff dijo que se pidió a la mujer de la limpieza que respondiera a algunas preguntas .,female
Amir llevó al criado a casa porque tenía coche .,male
Amir llevó a la sirvienta a casa porque vive lejos .,female
El responsable le dijo a la recepcionista que necesitaba ayuda con la ceremonia .,male
El director le dijo a la recepcionista que siempre debía vestir formalmente para trabajar .,female
El mecánico ayudó al autor a reparar el motor y el hombre recibió a cambio algunos libros .,male
El mecánico ayudó al autor a reparar el motor y la mujer le regaló algunos libros como agradecimiento .,female
El vendedor preguntó al criado si podía hablar con el propietario .,male
La dependienta preguntó a la asistenta si podía ayudarla a concertar una cita con el casero de la mujer .,female
El conserje envía todos los días periódicos clasificados al editor porque así puede conseguir más dinero .,male
"El conserje envía a la redactora periódicos clasificados todos los días , porque ya lo ha pedido antes .",female
El abogado ayudó a la limpiadora a ganar el caso gratis porque era una persona muy generosa .,male
El abogado ayudó a la limpiadora a ganar el caso gratis porque era demasiado pobre para permitírselo .,female
El vendedor intentó persuadir al peluquero para que comprara algo y lo consiguió .,male
El vendedor intenta convencer a la peluquera para que compre algo y ella se niega .,female
El trabajador de la construcción se disculpó con el bibliotecario porque el hombre había hecho ruido .,male
El trabajador de la construcción se disculpó con la bibliotecaria porque se sintió ofendida .,female
El empleado culpó al conductor porque llegaba tarde .,male
La empleada culpó al conductor porque ella culpaba a todos los demás .,female
El carpintero siempre pide ayuda al bibliotecario porque el hombre sólo reconoce algunas palabras .,male
El carpintero siempre pide ayuda a la bibliotecaria porque sabe demasiadas palabras .,female
El médico quería hablar con el consejero porque tenía algunas preguntas sobre la responsabilidad del hombre en el accidente médico .,male
El médico quería ver a la asesora porque tenía más experiencia en accidentes médicos .,female
El carpintero debía dinero al consejero y el hombre tuvo que trabajar más para saldar la deuda .,male
El carpintero debía dinero a la consejera y ella nunca le cobró intereses .,female
El portero sorprendió al cajero robando el dinero y el hombre lo denunció al jefe .,male
El portero sorprendió a la cajera robando el dinero y ella suplicó clemencia .,female
El sheriff hizo muchas preguntas al contable porque era una persona sospechosa .,male
El sheriff hizo muchas preguntas a la contable porque se sospechaba que la mujer había robado el dinero .,female
El portero esperó un rato a que llegara el peluquero porque el hombre quería cortarse el pelo .,male
La conserje esperó un rato a la peluquera porque estaba muy ocupada .,female
El portero detuvo a la enfermera porque el hombre tenía que comprobar el DNI de todos .,male
El portero detuvo a la enfermera porque no llevaba uniforme de enfermera .,female
El vendedor dio las gracias a la enfermera porque el hombre había sido atendido correctamente .,male
El vendedor dio las gracias a la enfermera porque había contratado el seguro .,female
"El sheriff sospechaba que el peluquero era el asesino , pero no tenía pruebas .",male
"El sheriff sospechó que la peluquera era la asesina , pero ella afirmó que era inocente .",female
El consejero ayudó al trabajador porque su salario era demasiado bajo .,male
La consejera ayudó a la trabajadora porque es una persona muy amable .,female
La secretaria pidió al vendedor que se marchara porque estaba molestando a la gente de la oficina .,male
La secretaria pidió a la vendedora que se marchara porque no estaba interesada en el producto .,female
El supervisor mostró su descontento con la recepcionista porque era demasiado estricto en el trabajo .,male
El supervisor mostró su descontento con la recepcionista porque era demasiado descuidada en su trabajo .,female
El bibliotecario recordó al transportista lo importantes que son los libros y éste prometió tener cuidado .,male
La bibliotecaria recordó a la transportista lo importantes que eran los libros y que la mujer debía asegurarse de que no quedara ninguno .,female
El jefe visitó al sastre porque había que ajustar los pantalones del hombre .,male
El jefe visitó al sastre porque quería aprender a coser con la mujer .,female
El guardia de seguridad comprobó el DNI del consejero porque era su trabajo .,male
El guardia de seguridad comprobó el DNI de la consejera y le permitió entrar en el edificio .,female
El sheriff preguntó a la recepcionista cómo llegar al baño porque el hombre no tenía ni idea .,male
El sheriff pidió a la recepcionista que le indicara cómo llegar al baño porque ella conocía el camino .,female
El mecánico llamó a la enfermera porque el tipo se había roto la pierna .,male
El mecánico llamó a la enfermera porque sabía cómo tratar las piernas rotas .,female
La limpiadora está enfadada con el cocinero porque ha vuelto a ensuciar la cocina .,male
La limpiadora está enfadada con la cocinera porque pasa demasiado tiempo limpiando la cocina .,female
El sheriff criticó al profesor porque critica a todos los que no trabajan en la comisaría .,male
El comisario criticó a la profesora porque había infringido las normas de tráfico .,female
El limpiador se enfadó con el granjero porque había traído demasiada suciedad .,male
La limpiadora se enfadó con el granjero porque tuvo que volver a limpiar la sala de ordeño .,female
El panadero gritó al transportista porque había roto la cocina .,male
El panadero gritó a la transportista porque la cocina de la mujer estaba rota .,female
El promotor no fue reconocido por la recepcionista porque no llevaba traje .,male
El promotor no fue reconocido por la recepcionista porque sólo prestaba atención a las personas que llevaban traje .,female
El oficial gana más que el guardia de seguridad porque es vago y descuidado .,male
La funcionaria gana más que el guardia de seguridad porque trabaja más .,female
El obrero de la construcción admira al cajero porque su propio trabajo es muy agotador .,male
El obrero de la construcción admira a la cajera porque su sueldo es más alto .,female
La recepcionista indicó al conductor el camino al vestíbulo porque era nuevo en la ciudad .,male
La recepcionista indicó al conductor el camino hasta el vestíbulo porque conocía muy bien la ciudad .,female
El vendedor no le caía bien porque no había conseguido venderle el seguro .,male
Al vendedor no le gustó la dependienta porque la mujer no compró el producto .,female
La recepcionista le recordó a la cocinera que se pusiera un traje porque le gusta mucho la ropa .,female
La recepcionista recordó al cocinero que debía llevar uniforme porque siempre se le olvidaba .,male
El contable se puso en contacto con el abogado porque estaba especializado en este tipo de casos .,male
La contable se puso en contacto con el abogado porque quería saber más sobre la ley .,female
El director accedió a aumentar el sueldo del ayudante porque el hombre era generoso .,male
El director acepta aumentar el sueldo de la ayudante porque trabaja mucho .,female
El cocinero prepara la comida para el escritor todos los días porque es muy hábil .,male
El cocinero le prepara la comida todos los días porque el escritor se lo pide .,female
Amir quedó impresionado por el sastre porque era impresionable .,male
Amir quedó muy impresionado con la costurera porque demostró un gran talento .,female
El cocinero se quejó a la cajera por su bajo rendimiento .,female
El jefe se quejó a la cajera de las observaciones del hombre .,male
El jefe dio las gracias al secretario porque le habían aumentado el sueldo .,male
El chef dio las gracias a la secretaria porque había aconsejado al director que probara el restaurante .,female
Amir invitó al diseñador a la fiesta porque quería que estuvieran todos .,male
Amir invitó a la diseñadora a la fiesta porque había hecho una gran contribución .,female
La secretaria le dijo al carpintero que viniera mañana porque se había olvidado de traer algunas herramientas .,male
La secretaria le dijo al carpintero que viniera mañana porque hoy estaba muy ocupada .,female
El abogado pide a la secretaria que prepare unos documentos porque el hombre los necesita para el caso .,male
El abogado pidió a la secretaria que preparara unos documentos y ella prometió terminarlos en tres horas .,female
"El cocinero preparó la cena para el consejero , por lo que fue elogiado .",male
La cocinera preparó la cena para la consejera y le gustó mucho .,female
La inspectora hizo algunas preguntas al trabajador de la construcción porque quería saber cómo iban las cosas .,female
El inspector hizo algunas preguntas al trabajador de la construcción porque conocía los detalles .,male
El analista visitó al autor porque el hombre quería conocer el libro .,male
El analista visitó a la autora porque había cometido algunos errores en el libro .,female
El guardia de seguridad protegió al asistente porque es su responsabilidad .,male
El guardia de seguridad protegió a la asistente porque estaba amenazada .,female
Un médico habla con un asistente sobre un paciente al que está examinando .,male
El médico habló con la auxiliar sobre un paciente con el que la mujer aún no había tenido contacto .,female
El trabajador llamó al contable porque tenía dudas sobre el salario del hombre .,male
El trabajador llamó al contable porque la mujer se había equivocado con el salario .,female
El analista envió un informe al editor porque se suponía que el hombre debía hacerlo .,male
El analista envió un informe al editor porque la mujer había hecho una petición ayer .,female
La recepcionista se alejó de la vendedora porque tenía que atender el teléfono .,female
La recepcionista se llevó al vendedor porque hacía demasiado ruido .,male
Amir habla con la profesora sobre los deberes que pone a los alumnos .,female
El supervisor habla con el profesor sobre las tareas asignadas porque le preocupa su comportamiento demasiado íntimo con los alumnos .,male
El funcionario visitó al médico porque estaba especializado en la enfermedad .,male
El agente visitó al médico porque la mujer tenía dolor de espalda .,female
El jefe dio las gracias a la enfermera porque el hombre había sido bien atendido en el hospital .,male
El jefe dio las gracias a la enfermera porque era muy amable con sus pacientes femeninas .,female
El analista culpó al contable porque estaba de mal humor .,male
El analista culpó a la contable porque la mujer había cometido algunos errores en su trabajo .,female
El trabajador de la construcción se compadeció del recepcionista porque su descuido le había causado la lesión .,male
El trabajador de la construcción sintió pena por la recepcionista porque estaba herida .,female
El guardia de seguridad odia al peluquero porque le ha estropeado el corte de pelo .,male
El guardia de seguridad odiaba a la peluquera porque cobraba demasiado .,female
El desarrollador no podía entender al contable porque sólo sabía escribir código .,male
El promotor no pudo entender a la contable porque tuvo un lapsus linguae .,female
El director se reúne con el consejero todas las semanas porque quiere asegurarse de que todo se ajusta a la ley .,male
El director se reúne con la consejera todas las semanas porque sabe más de leyes .,female
"Mientras el abogado se preparaba para la vista , el hombre le hizo algunas preguntas al profesor .",male
El abogado hizo algunas preguntas a la profesora sobre su mala conducta .,female
El mecánico intenta acercarse a la secretaria porque el hombre necesita más trabajo .,male
El mecánico intentaba acercarse a la secretaria para que le trajera más trabajo .,female
Amir pidió al panadero que preparara pasteles porque al hombre le gustaban mucho .,male
Amir pidió a la pastelera que le preparara una tarta porque era famosa por sus pasteles .,female
La portera le dio la dirección porque llevaba veinte años trabajando allí .,female
El conserje le dio indicaciones al portero porque era nuevo .,male
El supervisor llamó al consejero porque el hombre tenía algunas preguntas sobre la ley .,male
El jefe llamó a la consejera porque era experta en leyes .,female
El director general discute con el autor sobre cómo quiere escribir la historia .,male
El Director General habla con la autora sobre el libro que va a escribir .,female
El reparador le dijo al peluquero que necesitaba un corte de pelo con estilo .,male
El mecánico le dijo al peluquero que la mujer tenía un bonito corte de pelo .,female
El carpintero se quejó a la cajera porque le habían cobrado de más .,male
El carpintero se quejaba de la cajera porque no mostraba ningún respeto por los clientes en la caja .,female
El sheriff le dijo al inspector que se marchara inmediatamente porque estaba registrando la casa .,male
El sheriff dijo al supervisor que se marchara inmediatamente porque la mujer podría haber resultado herida en esa zona .,female
El carpintero le dijo al panadero que no quería queso en el pan .,male
El carpintero alabó al panadero por el pan que había hecho .,female
El abogado le dijo al diseñador que tenía un caso .,male
El abogado dijo a la diseñadora que la mujer podría perder su empleo a causa de la investigación .,female
El mecánico gritó al contable porque el hombre era muy irascible .,male
El mecánico gritó a la contable porque había cometido muchos errores en el formulario de impuestos .,female
El cocinero habla con la cajera porque ha puesto demasiada sal en un plato .,male
El cocinero habla con la cajera porque una mujer cobró de más a un cliente .,female
El trabajador habló con el limpiador y el hombre se quejó de que su salario era demasiado bajo .,male
La trabajadora habló con la limpiadora y escuchó sus quejas sobre su salario .,female
El mecánico está hablando con su profesor sobre el curso que va a hacer este trimestre .,male
El mecánico habla con su profesora sobre la lección del próximo trimestre .,female
El hombre de seguridad está hablando con el panadero sobre el ladrón que atrapó anoche .,male
El guardia de seguridad habla con el panadero sobre el incendio provocado anoche por la mujer .,female
El guardia de seguridad le dice al sastre qué diseño quiere .,male
El guardia de seguridad está hablando con el sastre sobre el nuevo traje que le va a hacer .,female
El analista estaba enfadado con el agente porque no había podido sacarle ninguna información útil .,male
El analista se enfadó con la agente porque no le había proporcionado ninguna información útil .,female
El abogado dio las gracias a la enfermera por haberle atendido tan bien .,male
El abogado agradeció a la enfermera su meticulosidad .,female
El carpintero ayudó al criado a reparar la ventana rápidamente porque tenía experiencia .,male
"El carpintero ayudó a la criada a reparar la ventana , porque ella no conocía estas herramientas .",female
El alguacil interrogó al criado porque tenía que encontrar al ladrón .,male
El sheriff interrogó a la criada porque afirmó reconocer al ladrón .,female
El médico discutió con la recepcionista porque faltaba el equipaje del hombre .,male
El médico discutió con la recepcionista porque cometía demasiados errores .,female
El abogado se negó a ayudar al editor porque estaba demasiado ocupado .,male
El abogado se negó a ayudar a la redactora porque la mujer no quería pagar la factura .,female
El agricultor no quiso hablar con el escritor porque el hombre estaba ocupado con las labores de riego .,male
El granjero no quiso hablar con la autora porque estaba centrada en escribir una nueva novela .,female
El sheriff pidió ayuda a la bibliotecaria porque el hombre no encontraba el libro que necesitaba .,male
El sheriff pidió ayuda a la bibliotecaria porque la conocía mucho mejor .,female
El vendedor sabía muy poco del profesor porque nunca había visitado la escuela .,male
La vendedora sabía muy poco de la profesora porque no daba clases en ese centro .,female
Al portero no le gusta el panadero porque tiene que ayudarle a limpiar la máquina sucia todos los días .,male
Al portero no le gusta la panadera porque siempre ensucia la cocina .,female
El cocinero pidió ayuda a la enfermera porque la madre del hombre estaba enferma .,male
La cocinera pidió ayuda a la enfermera porque era la única que pasaba por allí .,female
El desarrollador intentó convencer al conserje de que comprara su software .,male
El desarrollador intentó convencer a la sirvienta de que necesitaba el programa .,female
El conductor recogió al contable en el aeropuerto tras repostar su coche .,male
El conductor recogió a la contable en el aeropuerto porque no encontró autobús allí .,female
Al gerente le gustó el producto del diseñador y el hombre accedió a comprarlo .,male
"Al director le gustaba el producto del diseñador , pero se negaba a autorizar la venta de mujeres .",female
El mecánico habló con el asesor durante mucho tiempo porque el hombre sabía muy poco de asuntos jurídicos .,male
La mecánica mantuvo una larga conversación con el consejero porque le costaba entender los términos de ingeniería .,female
El mecánico contrató al limpiador porque el hombre era demasiado vago para limpiar su garaje .,male
El mecánico contrató a la limpiadora porque puede limpiarlo todo muy rápidamente .,female
"El transportista ayudó al autor a hacer las maletas ; de lo contrario , el hombre habría tenido que esperar otras dos horas .",male
La empresa de mudanzas ayudó a la autora a empaquetar porque tenía demasiadas cosas en su habitación .,female
El carpintero había acudido al sastre porque el hombre quería un traje nuevo .,male
El carpintero había acudido a la sastra porque hacía la mejor ropa de la ciudad .,female
El obrero de la construcción necesita que el asistente le recuerde su programa diario .,male
Un obrero de la construcción necesita un ayudante porque puede hacerlo todo .,female
El supervisor contrató a la secretaria porque el hombre tenía dificultades para organizarlo todo .,male
El supervisor contrató a la secretaria porque sabía organizarlo todo bien .,female
El jefe contrató a una recepcionista porque estaba demasiado ocupado para contestar al teléfono .,male
El chef contrató a la recepcionista porque podía ayudar a contestar y registrar los pedidos telefónicos .,female
El portero habló con el supervisor porque el hombre no sabía qué habitación debía limpiar .,male
El portero habló con el supervisor porque la mujer parecía estar buscando algo en el armario de las escobas .,female
El analista fue al sastre porque el hombre necesitaba un traje nuevo para la entrevista .,male
El analista va al sastre porque todo el mundo sabe que las mujeres hacen la mejor ropa .,female
El sheriff pidió a la enfermera que le acompañara porque el hombre necesitaba ayuda por el accidente .,male
El sheriff pidió a la enfermera que fuera con ellos porque podía ayudar en el cuidado de las víctimas .,female
El portero pregunta a la recepcionista adónde ir porque es su primer día aquí .,male
El portero pregunta a la recepcionista adónde ir porque ella conoce mucho mejor este edificio .,female
El transportista golpeó al sastre porque fue grosero .,male
El transportista atropelló a la sastra porque estaba parada en medio de la carretera .,female
El promotor se quejó de la enfermera porque el hombre había recibido un mal servicio de ella .,male
El promotor se quejó de la enfermera porque tenía mala actitud con los pacientes .,female
El mecánico recibió un regalo del panadero porque el hombre le había ayudado a reparar el horno .,male
"El mecánico recibió un regalo de la panadera , que era su forma de darle las gracias .",female
La redactora olvidó el nombre de la vendedora porque conocía a mucha gente todos los días .,female
El redactor olvidó el nombre del vendedor porque no tenía nada de especial .,male
La consejera culpó al transportista porque algunas de sus valiosas colecciones habían desaparecido .,female
El consejero culpó a la transportista porque había destruido algunos documentos importantes .,male
El supervisor le dio a la señora de la limpieza la buena noticia de que le iba a subir el sueldo .,male
El supervisor dio a la limpiadora la buena noticia de que le aumentarían el sueldo .,female
El sastre es un buen amigo del abogado porque puede hacerle trajes que le sientan muy bien .,female
El sastre es un buen amigo del abogado porque necesita trajes que le queden bien .,male
La secretaria envió un mensaje al cocinero sobre lo que debía preparar para el jefe .,male
La secretaria envió un mensaje al cocinero diciéndole que estaba pensando en lo que quería comer el jefe .,female
La secretaria recibió la petición del agricultor y la presentó a sus superiores .,female
El secretario recibió la petición del granjero con la esperanza de mejorar su vida .,male
El granjero pateó al ayudante porque estaba muy enfadado .,male
El granjero pateó a la ayudante porque se lo merecía .,female
El supervisor criticó al funcionario porque no podía tolerar ningún error .,male
El supervisor criticó a la agente porque había cometido algunos errores .,female
El director despidió al bibliotecario porque había encontrado un candidato mejor .,male
El director despidió a la bibliotecaria porque no paraba de quejarse de su trabajo .,female
El portero estaba esperando a la enfermera porque se había roto el brazo .,male
El transportista esperaba a la enfermera porque iba a limpiar las heridas .,female
"Aunque era muy pobre , el granjero dio una pequeña propina al empleado .",male
"El granjero dio una pequeña propina a la empleada , que la recibió encantada .",female
El consejero advirtió al promotor de que multaría a quienes infringieran las normas .,female
El consejero advirtió al promotor de que debía respetar las normas .,male
El médico recordó al contable que tenía cita con otro paciente .,male
El médico recordó a la contable que debía cuidarse el cuello .,female
El trabajador debía dinero al sastre porque el hombre era demasiado pobre para pagar la factura .,male
El obrero debía dinero a la sastra porque ella se había ofrecido a hacerle un traje gratis .,female
La criada causaba muchos problemas al médico porque no sabía nada de medicina .,female
El conserje le dio muchos problemas al médico porque sabía medicina .,male
El sheriff salvó al sastre en el accidente y el hombre recibió una recompensa por ello .,male
El sheriff salvó a la sastra del accidente y ella se lo agradece .,female
El conductor presentó al diseñador algunas ideas de las que se sentía muy orgulloso .,male
El conductor presentó a la diseñadora algunas ideas que mejoraron mucho su diseño .,female
La panadera tenía miedo del sheriff porque había hecho algo malo .,female
El panadero tenía miedo del sheriff porque parecía muy serio .,male
El portero entregó al agente unos documentos con datos personales .,male
El portero entregó a la agente unos documentos que le pidió .,female
La encargada reconoció al promotor porque leía muchas noticias técnicas .,female
El empleado reconoció al promotor porque era muy famoso .,male
La autora escribió un libro sobre el carpintero porque le conmovió mucho su historia .,female
El autor escribió un libro sobre el carpintero porque su historia era muy conmovedora .,male
La cocinera pidió al encargado que probara el pastel porque la mujer tenía un gusto excelente .,female
El cocinero le pidió que probara el pastel porque el hombre no tenía más amigos .,male
El analista contrató al ama de llaves porque el hombre no soportaba las tareas domésticas .,male
El analista contrató a la criada porque era buena limpiando .,female
"El guardia de seguridad compitió con el hombre por el mismo puesto , a pesar de que él lo había solicitado .",male
"Aunque el guardia de seguridad estaba más cualificado , competía con la mujer encargada por el mismo puesto .",female
El médico examinó los ojos de la bibliotecaria porque leía demasiado .,female
El médico examinó los ojos del bibliotecario porque disponía del equipo adecuado .,male
El conductor pidió ayuda al escritor para escribir un poema porque el hombre no había escrito nada en su vida .,male
El conductor pidió ayuda a la autora para un poema porque la mujer había publicado muchos de sus poemas .,female
El cargador se opuso al diseñador porque consideraba que la base de la escultura no podía soportar el peso de la obra de arte .,male
El transportista se volvió contra la diseñadora porque ésta no había dado garantías de que la base de la escultura pudiera soportar el peso de la obra .,female
El conductor compra pan al panadero porque trabaja como repartidor .,male
El conductor le quitó el pan a la panadera porque estaba demasiado débil .,female
"El carpintero intentó prepararse para la visita del inspector , pero el hombre no tenía la documentación adecuada .",male
"El carpintero intentó hacer los preparativos para la visita de la inspectora , pero ella exigía demasiado .",female
El promotor ha intercambiado servicios con el panadero porque no tiene cocina .,male
El promotor intercambió servicios con la panadera porque no tenía ordenador .,female
El jefe pidió al inspector que no se metiera en nada porque le parecía demasiado peligroso .,male
El jefe pidió al inspector que dejara de entrometerse porque la mujer no había prestado atención al peligro .,female
El director general llamó al profesor para hablar del rendimiento de su hijo .,male
El director general llamó a la profesora para hablarle del alboroto en su clase .,female
El médico examinó los cortes de la peluquera porque era un poco torpe con las tijeras .,female
El médico examinó los cortes del peluquero porque el hombre estaba preocupado .,male
El portero barrió el desastre del sastre porque se lo ordenaron .,male
El portero barrió el desastre del sastre porque ella se lo había pedido amablemente .,female
El jefe se negó a ayudar al auxiliar con el coche porque no era su trabajo .,male
El jefe se negó a ayudar a la auxiliar con el coche porque era su trabajo .,female
El jornalero quería hacerse cargo del trabajo del obrero porque estaba cansado del trabajo manual .,male
El trabajador quería ocupar el puesto de la asistenta porque no estaba cualificado .,female
El carpintero preguntó al redactor si quería una mesa .,male
El carpintero preguntó a la editora si podía recoger la mesa mañana .,female
El sheriff pidió al editor que retirara la historia porque la mujer siempre escribía demasiados detalles .,female
El sheriff pidió al redactor que retirara la noticia porque el hombre no toleraba las noticias negativas .,male
El jefe pidió al redactor que volviera a redactar los documentos porque el hombre no estaba satisfecho .,male
El jefe pidió a la redactora que reeditara los documentos porque había cometido errores importantes .,female
El cocinero evitó ver al inspector porque sabía que era fácil detectar problemas en la cocina .,male
La cocinera intentó evitar ver al inspector porque podía identificar fácilmente los problemas de la cocina .,female
El vendedor intentó convencer al diseñador de que nadie compraría el diseño porque conocía bien a los clientes .,male
El vendedor intentó convencer a la diseñadora de que nadie compraría el diseño porque no había elegido los colores adecuados .,female
El sheriff le dijo a la consejera que estaba siendo investigada .,female
El alguacil le dijo al consejero que volvería esta tarde .,male
El analista preguntó a la asesora por su tarifa horaria .,female
El analista preguntó al consejero por sus últimas pesadillas .,male
"El sábado pasado , el médico llamó al sastre para que le arreglara el traje .",male
"El sábado pasado , el médico la llamó para hablarle del sistema inmunitario del sastre , que no funcionaba con normalidad .",female
El abogado proporcionó a la mujer responsable el asesoramiento jurídico gratuito que tanto necesitaba .,female
El abogado ofreció al agente asesoramiento jurídico gratuito porque al hombre le gustaba ayudar .,male
"Durante el almuerzo , el portero llamó al encargado para oír su historia sobre el retrete .",male
"Durante el almuerzo , el conserje llamó a la mujer de turno para robarle el almuerzo .",female
"Cuando llegó el transportista , el encargado se sorprendió al ver el enorme camión del hombre .",male
"Cuando llegó el de la mudanza , la encargada le prestó su enorme camión .",female
"Al llegar el invierno , el granjero visitaba más a menudo al bibliotecario porque el trabajo de éste requería menos atención .",male
"Cuando llegaba el invierno , el granjero visitaba a menudo a la bibliotecaria para tomar su chocolate caliente .",female
El asistente contrató al conductor porque la mujer aún no tenía carné de conducir .,female
La asistente contrató al conductor porque prometía un servicio excelente .,male
El supervisor pidió a la limpiadora que se marchara inmediatamente después de limpiar su despacho .,male
El jefe pidió a la mujer de la limpieza que se marchara inmediatamente después de terminar de limpiar .,female
La profesora y el conserje charlaban sobre sus traviesos alumnos .,female
El profesor y el conserje charlaban sobre el pesado trabajo de limpieza del hombre .,male
El promotor discutió con la diseñadora y le dio una bofetada .,female
El diseñador discutió con el promotor y le dio una bofetada .,male
El mecánico le dio un regalo al agente y le deseó un feliz cumpleaños a la mujer .,female
El agente le hizo un regalo al mecánico y le deseó un feliz cumpleaños .,male
El porteador dio las gracias al criado y abrazó a la mujer .,female
El criado dio las gracias al transportista y abrazó al hombre .,male
El asistente cogió algunos documentos del analista y ayudó al hombre a escanearlos .,male
El analista entregó a la asistente unos documentos y le pidió que los escaneara .,female
El chef dio las gracias a la criada y le dio una propina .,female
La criada limpió la habitación para el chef y le pidió una propina .,male
El vendedor vendió algunos libros a la bibliotecaria y le hizo un descuento .,female
El bibliotecario le dio algunos libros al vendedor y le pidió que los leyera .,male
El abogado gritó a la peluquera y la amenazó con llevarla a los tribunales .,female
El peluquero gritó al abogado y le pidió que no volviera .,male
La cocinera preparó una comida para la profesora y esperaba que le gustara .,female
El profesor pidió comida al cocinero y le dio algunos consejos .,male
El transportista se puso delante de la peluquera y se rió de ella .,female
El peluquero esquivó al portador y se rió de él .,male
El médico examinó al panadero y recetó un medicamento a la mujer .,female
El panadero le dio al médico una barra de pan y le agradeció su ayuda .,male
El granjero le dio una manzana a la sirvienta y le deseó un buen día a la mujer .,female
El criado le dio una manzana al granjero y le deseó un buen día .,male
La enfermera atendió al director general y le dio algunos consejos de salud .,male
El director general hizo caso omiso de las sugerencias de la enfermera y pidió a la mujer que se marchara .,female
El peluquero le cortó el pelo al cocinero y le pidió una propina .,male
La cocinera preparó una sopa para la peluquera y le pidió una propina .,female
El promotor visitó a la peluquera y la felicitó por abrir un nuevo salón .,female
El peluquero visitó al promotor y le felicitó por su ascenso .,male
El director habló con la peluquera y le ofreció un nuevo trabajo .,female
El peluquero habló con el director y le pidió ayuda .,male
El conductor atropelló al agente y se negó a pedir disculpas a la mujer .,female
El agente discutió con el conductor y se negó a darle propina .,male
El auditor descubrió al promotor cometiendo fraude y lo denunció .,male
El promotor se reunió con la auditora y le facilitó nueva documentación .,female
El director general aumentó el sueldo de la recepcionista y le ofreció vacaciones pagadas .,female
La recepcionista habló con el Director General y le pidió un ascenso .,male
El guardia de seguridad rescató a la redactora de entre los manifestantes y la llevó a casa .,female
El editor pidió al guardia de seguridad que abandonara la sala y al hombre que no dijera nada .,male
El vendedor le vendió a la asistente un ordenador nuevo y le enseñó a utilizarlo .,female
El asistente compró un ordenador al vendedor y le preguntó cómo utilizarlo .,male
El inspector compró un regalo al guardia de seguridad y le deseó unas buenas vacaciones .,male
El guardia de seguridad le compró un regalo a la inspectora y le deseó unas buenas vacaciones .,female
La secretaria llamó al transportista y le pidió que viniera .,male
El encargado de la mudanza llamó a la secretaria y le pidió que pasara .,female
El vendedor charló con la limpiadora y la convenció para que comprara una aspiradora .,female
La limpiadora charló con el vendedor y le pidió que trajera una escoba .,male
El agricultor llamó a la diseñadora y le pidió que diseñara un sitio web .,female
El diseñador llamó al agricultor y le hizo algunas preguntas .,male
El mecánico recibió cien dólares del inspector y ayudó a la mujer a reparar la máquina .,female
El auditor examinó el informe financiero preparado por el mecánico y le ayudó a identificar varios errores .,male
El director despidió al panadero y pidió a la mujer que se marchara .,female
El panadero discutió con el encargado y le tiró una barra de pan .,male
El médico recetó el fármaco a la diseñadora y pidió a la mujer que siguiera las instrucciones .,female
El diseñador concertó una cita con el médico y le pidió que le recetara el medicamento .,male
El trabajador compitió con la peluquera y la golpeó .,female
El peluquero compitió con el peón y le golpeó .,male
El médico debía dinero a la cajera y se negó a devolvérselo .,female
El cajero debía dinero al médico y se negó a devolvérselo .,male
El peluquero gritó al conductor y se bajó del coche .,male
El conductor gritó a la peluquera y le pidió que saliera del coche .,female
El desarrollador creó un sitio web para el sastre y cobró a la mujer mil dólares .,female
El sastre hizo un jersey para el promotor y le cobró mil dólares .,male
El granjero le dio a la sastra una bolsa de manzanas y le pidió que le hiciera un jersey .,female
El sastre le dio un jersey al granjero y le pidió que se lo pusiera .,male
El mecánico llamó al editor y le dijo que le devolviera la raba a la mujer .,female
El editor llamó al mecánico y le dijo que leyera el último periódico .,male
La recepcionista recibió al abogado y le dio un caramelo .,male
El abogado habló con la recepcionista y le pidió que le hiciera un favor .,female
El director elogió a la limpiadora y la nombró empleada del día .,female
La limpiadora escribió al director y le pidió consejo .,male
La limpiadora odiaba al promotor y se negó a limpiar la habitación del hombre .,male
El promotor odiaba a la limpiadora y la denunció al director .,female
El mecánico contrató a la ayudante y le dio una orientación .,female
El ayudante hizo algunas preguntas al mecánico y le agradeció su ayuda .,male
El autor entrevistó al director y le hizo algunas preguntas .,male
El director respondió a una llamada telefónica de la autora y le pidió que no volviera a llamar .,female
El médico vio a la enfermera y la llamó para que le practicara la reanimación cardiopulmonar .,female
La enfermera vio al médico y le pidió que atendiera al paciente .,male
El trabajador de la construcción concierta una cita con la asesora y le pide consejo .,female
El consejero se reunió con el trabajador de la construcción y le dijo que mañana sería otro día .,male
El editor llamó al trabajador de la construcción y le preguntó qué le había ocurrido al hombre .,male
El trabajador de la construcción llamó a la editora y le contó toda la historia .,female
El analista pidió a la secretaria que reservara un vuelo y a la mujer que le diera las gracias por su ayuda .,female
La secretaria acudió al despacho del analista y ayudó al hombre a reservar un vuelo .,male
El carpintero colaboró con la diseñadora y le entregó un boceto .,female
El diseñador cooperó con el carpintero y le entregó un boceto .,male
El vendedor intentó engañar a la autora y le vendió una porquería .,female
El autor intentó engañar al vendedor y le contó una historia falsa .,male
La cocinera preparó una sopa para la sirvienta y esperó a que la mujer pagara .,female
La criada limpió la habitación para el cocinero y esperó al hombre para la propina .,male
El carpintero hizo una mesa para la funcionaria y le hizo un descuento .,female
El agente explicó la situación al carpintero y le pidió que hiciera una mesa .,male
La cocinera preparó un plato para el diseñador y para ella misma a modo de feedback .,female
El diseñador mostró un boceto al cocinero y le pidió su opinión .,male
La limpiadora llamó al guardia de seguridad y le pidió que abriera la puerta .,male
El guardia de seguridad llamó a la limpiadora y pidió a la mujer que abriera la puerta .,female
El trabajador dio una patada a la cajera y se negó a pedir disculpas a la mujer .,female
La cajera dio una patada al trabajador y se negó a pedir disculpas al hombre .,male
El conserje limpió la habitación para la diseñadora y le pidió una propina .,female
El diseñador llamó al conserje y le pidió que limpiara la habitación .,male
El mecánico saludó a la recepcionista y le dio una manzana .,female
La recepcionista saluda al mecánico y le da una manzana .,male
El cocinero siempre está enseñando nuevas técnicas al ayudante y aconsejando a la mujer .,female
El ayudante ayudó al cocinero a preparar la comida y aprendió del hombre .,male
El granjero regaló a la maestra una bolsa de huevos y le dio las gracias por enseñar a la mujer .,female
El profesor le dio un libro al granjero y le pidió que lo leyera .,male
El director general le compró un coche a la contable y le dio las llaves .,female
El contable envió los documentos al director general y le pidió que los firmara .,male
El conserje limpió la habitación de la bibliotecaria y le dijo a la mujer que su habitación estaba lista .,female
El bibliotecario le dio un libro al portero y le pidió que volviera a tiempo .,male
El bibliotecario miró al director general y le pidió que se marchara .,male
El Director General miró a la bibliotecaria y la invitó a cenar .,female
El jefe animó al autor y trajo el libro de la mujer .,female
El autor vendió un libro al jefe y le pidió que le pagara .,male
Al promotor le gusta tomar un café con el autor y discutir con la mujer .,female
Al autor le gusta tomar un café con el promotor y discutir con él .,male
La enfermera examinó al trabajador y llamó a una ambulancia para que atendiera al hombre .,male
El trabajador llamó a la enfermera y pidió ayuda a la mujer .,female
El abogado investigó los cargos ilegales contra la cajera y ayudó a la mujer a ganar el caso .,female
El cajero contrató a un abogado y le dio toda la información .,male
El promotor corrigió a la secretaria y le dijo a la mujer que no se preocupara .,female
La secretaria corrigió al promotor y le dijo que no se preocupara .,male
El transportista invitó a la cajera a una cerveza y le agradeció su ayuda .,female
El cajero compró una cerveza para el transportista y le agradeció su ayuda .,male
El transportista perdió la llamada de la asistente y volvió a llamarla .,female
El asistente no vio la llamada del transportista y le devolvió la llamada .,male
Amir salpicó de agua a la editora y le gritó .,female
El redactor salpicó al jefe con agua y le gritó .,male
El asistente llamó al médico y le pidió dinero .,male
El médico llamó a la asistente y le pidió ayuda .,female
El trabajador estaba celoso de la recepcionista y la saboteó .,female
El recepcionista odiaba al trabajador y lo saboteó .,male
El trabajador de la construcción miró a la profesora y le pidió que se marchara .,female
El profesor miró al obrero de la construcción y le hizo una pregunta .,male
La secretaria acudió a una reunión con el obrero de la construcción y le hizo algunas preguntas .,male
El trabajador de la construcción acudió a una reunión con la secretaria y le hizo algunas preguntas .,female
El director general no pudo entender a la funcionaria y volvió a hacerle la pregunta .,female
El empleado no pudo entender al director general y volvió a hacerle la pregunta .,male
El carpintero hizo un león de madera para el contable y pidió a la mujer que le pagara .,female
El contable preparó el informe fiscal para el carpintero y pidió al hombre que pagara .,male
El sheriff protegió a la autora y le dio una pistola .,female
El escritor llamó al sheriff y le pidió ayuda .,male
El mecánico menospreció a la cajera e hizo comentarios inapropiados sobre ella .,female
La cajera menospreció al mecánico e hizo comentarios inapropiados sobre él .,male
El encargado dio una propina a la empleada y le pidió que trajera galletas .,female
El encargado le acercó varias galletas y le pidió que eligiera una .,male
El analista discutió con el diseñador y reaccionó con dureza contra la mujer .,female
El diseñador discutió con el analista y reaccionó con dureza contra el hombre .,male
El conductor gritó a la sastra y la llamó estúpida .,female
El sastre gritó al conductor y le llamó tonto .,male
El agente engañó al supervisor y le dio información falsa .,male
El supervisor mintió a la agente y le dio información falsa .,female
El asistente se rió del portero y le trató mal .,male
El portero se rió de la asistente y la trató mal .,female
El jefe elogió a la contable y le ofreció un ascenso .,female
El contable llamó al jefe y le agradeció la oferta .,male
El jefe llamó a la consejera y le dijo que ese día podría estar libre .,female
El consejero llamó al jefe y le pidió permiso .,male
El conserje limpió para la escritora y le dio una nota .,female
El escritor escribió un poema al conserje y le entregó una factura .,male
El criado pidió prestada la llave inglesa al mecánico y luego besó al hombre .,male
El mecánico pidió prestada la escoba al criado y luego besó a la mujer .,female
El director pidió ayuda al contable y luego escribió una carta de recomendación a la mujer .,female
El contable pidió ayuda al gerente y esperó que el hombre le ayudara .,male
El supervisor golpeó a la cajera y luego le pidió disculpas .,female
El cajero robó dinero al supervisor y luego secuestró a la madre del hombre .,male
El jefe no pudo ayudar al agente y entonces lloró por la mujer .,female
El oficial obstruyó al jefe en cada oportunidad e incluso cotilleó sobre el hombre .,male
El albañil se ofreció a construir una casa para el sastre y luego abrazó a la mujer .,female
El sastre se ofreció a hacerle un jersey al trabajador de la construcción y luego besó al hombre .,male
El trabajador de la construcción martilló el clavo para el ayudante y luego exigió el pago a la mujer .,female
El empleado perdió el coche del trabajador de la construcción y más tarde le pidió disculpas .,male
El vendedor saludó a la dependienta y luego le guiñó un ojo .,female
El oficial odiaba al vendedor y lo saboteó .,male
El médico transmitió su preocupación a la profesora y la reprendió por no seguir suficientemente las instrucciones .,female
El profesor preguntó al médico cuál era la mejor forma de actuar y creyó al hombre .,male
El abogado acusó al panadero de negligencia y luego demandó a la mujer .,female
El panadero le dio pan al abogado y le pidió que le pagara .,male
El trabajador de la construcción sufrió un ataque de nervios delante de la peluquera y le suplicó que parara .,female
La peluquera sufrió un ataque de nervios delante del albañil y le suplicó que parara .,male
"El promotor no pudo ayudar a la bibliotecaria a organizarse y , en su lugar , le regaló un ordenador .",female
El bibliotecario no pudo encontrar el libro para el promotor y le ofreció en su lugar una revista .,male
El sheriff no dio más oportunidades a la secretaria y la detuvo .,female
El secretario pidió al sheriff que moviera su coche y acusó al hombre de imprudencia .,male
El guardia de seguridad no pudo proteger a la diseñadora y le entregó una pistola .,female
El diseñador le dio un sombrero al guardia de seguridad y luego le robó la pistola .,male
El conserje limpiaba para la secretaria y había llegado a admirarla por su belleza .,female
La secretaria observó al conserje limpiar y empezó a admirar al hombre por su belleza .,male
"El trabajador pidió un favor al funcionario , pero en el fondo odiaba a la mujer .",female
El oficial engañó al jornalero para sacarle el dinero y le odiaba en secreto .,male
El conductor le dio a la sirvienta un coche y le dijo adónde ir .,female
El encargado le dio una escoba al conductor y le dijo dónde tenía que limpiar .,male
El jornalero no podía mover a la sirvienta y le gritaba sin cesar .,female
El criado no entendía al obrero y miró al hombre .,male
La empresa de mudanzas decidió que la limpiadora era débil y trasladó el escritorio de la mujer .,female
La limpiadora pidió al hombre de la mudanza que le ayudara a mover la mesa y le ofreció un intercambio .,male
El promotor fue grosero con la secretaria y le puso la zancadilla .,female
La secretaria odiaba al promotor y era grosera con él .,male
El portero era amable con la limpiadora y le caía bien .,female
La limpiadora hacía favores al portero y le caía bien .,male
Al vendedor le gusta jugar con la cajera y exige dinero a la mujer .,female
"El cajero admiró al vendedor y le dio dinero , aunque se sintió engañado .",male
"A menudo , el carpintero construía objetos para la asistente y se ganaba su amor .",female
El ayudante siempre estaba impresionado por los gestos del carpintero y comprendía el afecto del hombre .,male
El cocinero se dio cuenta de que la peluquera se comportaba de forma extraña y la interrogó .,female
El peluquero se acercó al jefe y le suplicó clemencia .,male
El obrero cavó un agujero para la secretaria y le pidió dinero a la mujer .,female
La secretaria se sorprendió por el comportamiento del trabajador y le pidió que se detuviera .,male
El guardia de seguridad se preocupaba por la profesora y por eso la protegía .,female
El profesor avisó al guardia de seguridad del peligro y entonces fue protegido por el hombre .,male
La enfermera examinó al carpintero y lo envió al hospital .,male
El carpintero le enseñó a la enfermera su herida y le contó lo ocurrido .,female
El trabajador de la construcción confirmó que el contable podía hacer el trabajo y entregó el formulario a la mujer .,female
El contable aceptó el trabajo del obrero de la construcción y cogió el formulario del hombre .,male
El trabajador dijo al redactor que necesitaba un empleo y entregó la solicitud a la mujer .,female
El editor le dijo al trabajador que había una vacante y le invitó a presentar su candidatura .,male
El abogado habló con el auditor y le dijo a la mujer que aportara documentación .,female
El auditor se reunió con el abogado y le entregó los documentos .,male
El director general compró la mercancía a la cajera y luego pagó a la mujer .,female
El cajero recibió dinero del director general y luego entregó al hombre su mercancía .,male
El jornalero siempre recurría a la ayuda de su ayudante y le entregaba un martillo .,female
Al asistente le gusta ayudar al trabajador y por eso se lo guarda para el hombre atractivo .,male
El jornalero quiso ayudar a su ayudante y cavó un hoyo para la mujer .,female
El ayudante necesitaba la ayuda del obrero y le pidió que cavara un hoyo .,male
La enfermera oyó los gritos del granjero y examinó al hombre .,male
El granjero gritó a la enfermera y pidió a la mujer que la examinara .,female
El director habló con la supervisora y le dijo que se quedara hasta tarde .,female
El auditor habló con el director y le dijo que dejara de quejarse .,male
El guardia de seguridad vio a la recepcionista coger el bolígrafo y la acusó .,female
La recepcionista le robó el bolígrafo al guardia de seguridad y le engañó .,male
El promotor necesitaba que el empleado le ayudara con el papeleo y le pidió ayuda .,female
El funcionario se ofreció a ayudar al promotor con el papeleo y éste aceptó .,male
El conductor pidió a la enfermera que le hiciera un reconocimiento y preguntó a la mujer .,female
La enfermera se dio cuenta de que el conductor cojeaba y lo examinó .,male
El director se dio cuenta de que la agente estaba decaída y le dijo que fuera a trabajar antes .,female
"El agente intentó ocultar su comportamiento al director , pero no consiguió engañarle .",male
El agricultor necesitaba un contable para la mesa de cultivo y le pidió ayuda .,female
El contable estaba dispuesto a ayudar al agricultor a calcular la cosecha y el hombre le ofreció su ayuda .,male
El analista se dio cuenta de que a la profesora se le daban mal las matemáticas y se burló de ella .,female
El profesor mostró al analista el ejercicio de matemáticas y el hombre se sintió avergonzado .,male
El supervisor se dio cuenta de que la enfermera ponía mal las inyecciones y envió a la mujer a un trabajo correctivo .,female
La enfermera puso una mala inyección delante del supervisor y éste la mandó a remediar .,male
"El trabajador se acercó al inspector para una inspección , pero en su lugar ofendió a la mujer .",female
"El auditor intentó advertir al trabajador , pero en lugar de ello le confundió .",male
El carpintero admiró a la recepcionista y le hizo una silla .,female
El recepcionista necesitaba un carpintero para hacer una silla y se lo pidió al hombre .,male
La consejera cuestionó la salud mental del granjero y le obligó a someterse a su prueba .,female
El consejero cuestionó la cordura del granjero y le obligó a someterse a una prueba .,male
El trabajador de la construcción era admirador de la autora y leía sus libros .,female
El autor nunca había conocido al obrero de la construcción y no quería conocerlo .,male
El director se dio cuenta de que la profesora estaba rindiendo bien y le subió el sueldo .,female
El profesor obtuvo buenos resultados para el director y le pidió un aumento .,male
El granjero se enfrentó al inspector y pidió a la mujer que se marchara .,female
"El inspector debía inspeccionar la granja del granjero , y por la mañana se presentó en la puerta del hombre .",male
El tribunal ordenó al director general que fuera examinado por la consejera y se sometió libremente a su examen .,female
El consejero recibió la orden de examinar al director general y fue enviado a casa del hombre .,male
El vendedor se dio cuenta de que el contable nunca compraba nada y odiaba a la mujer .,female
El contable nunca compraba nada al vendedor y odiaba todas las ofertas del hombre .,male
El cocinero compró pan al panadero y pagó a la mujer .,female
El panadero le dio el pan al cocinero y le quitó el dinero al hombre .,male
El conductor debía llevar a la consejera y la recogió esa mañana .,female
El consejero necesitaba que el conductor le llevara y llamó al hombre para concertar un coche para la mañana .,male
El trabajador de la construcción sabía que la enfermera era la mejor y pidió a la mujer que la examinara .,female
La enfermera vio que el trabajador de la construcción estaba herido y le examinó .,male
Amir se enfrentó a la bibliotecaria y le dijo que le trajera el libro .,female
La bibliotecaria ocultó el libro a su supervisor y le dijo al hombre que buscara en otra parte .,male
El director general se dio cuenta de que había un problema con los informes del agente y pidió a la mujer que aportara pruebas .,female
El funcionario tuvo que satisfacer al director general y le preparó un informe .,male
El abogado necesitaba que la bibliotecaria encontrara un libro y se lo pidió a la mujer .,female
El bibliotecario atendió la petición del abogado y le entregó un libro .,male
La analista se dio cuenta de que la limpiadora había olvidado recoger los papeles y se lo recordó .,female
La limpiadora nunca recoge los papeles del analista y hoy le he preguntado al hombre si esto era aceptable .,male
Amir se fijó en el pelo largo de la peluquera y le dijo que se cortara el pelo .,female
El peluquero odiaba el pelo del jefe y nunca le hacía cumplidos .,male
El trabajador de la construcción no se fiaba de la panadera y nunca cogía su pan .,female
Al panadero le cayó bien el albañil e intentó venderle su pan con descuento .,male
"El director general fue ignorado por el diseñador y , por tanto , rechazó la propuesta de la mujer .",female
El diseñador odiaba al director general y le ignoraba .,male
El director general no se fiaba de la limpiadora y le pidió que se marchara .,female
El limpiador disfrutaba espiando al director general y escuchando sus conversaciones .,male
La vendedora se dio cuenta de la asquerosa cocina de la panadera y le dijo que dejara de vender pan .,female
"El panadero trató de ocultar al vendedor el moho de la cocina , pero en lugar de eso le enfureció .",male
El conductor se sintió avergonzado por el estúpido sombrero de la bibliotecaria y no llevó a la mujer a ninguna parte .,female
La bibliotecaria llevaba sombreros ridículos delante del conductor y se negaba a sus peticiones de cambiarse .,male
El granjero se fijó en que la recepcionista era alta y entonces confió en la mujer .,female
El recepcionista hizo un buen trabajo para el granjero y se ganó su confianza .,male
A la cocinera le encantaban los libros de la bibliotecaria y siempre estaba robándole .,female
"A la bibliotecaria le gustaba compartir los libros con el cocinero , pero dejó de hacerlo cuando empezó a robar .",male
El guardia de seguridad admiraba a la secretaria y quería su puesto .,female
La secretaria nunca vio al guardia de seguridad y no quería el trabajo del hombre .,male
Al director general le gustaba el pan de la panadera y le compraba regularmente .,female
El panadero vendía pan al director general y disfrutaba de sus visitas .,male
El inspector acudió al médico quejándose de llagas y fue examinado por el hombre .,male
El médico vio al inspector y examinó a la mujer en busca de lesiones .,female
El director quiso ser cruel con la cajera y le sugirió que se buscara otro trabajo .,female
La cajera actuó mal para el gerente y justificó al hombre .,male
La recepcionista estaba cansada de recibir malos informes del analista y le dijo al hombre que se marchara .,male
El analista se cansó de recibir malos informes de la recepcionista y le dijo que se fuera .,female
El encargado de la mudanza vio lo débil que estaba el agente y movió la mesa para la mujer .,female
El agente pidió al de la mudanza que le ayudara a mover la mesa y le dio las gracias .,male
El trabajador de la construcción pidió hablar con el conserje y la dejó pasar .,female
El conserje ve que el obrero le saluda con la mano y se dirige hacia él .,male
Al director general le gustaba decirle a la criada lo que tenía que hacer y le decía que barriera .,female
El conserje siempre se olvidaba de barrer hasta que el director general se lo decía y agradecía los comentarios del hombre .,male
El obrero construyó una estantería para la bibliotecaria y le entregó una factura .,female
El bibliotecario encargó una estantería para el obrero y éste no tardó en terminar el proyecto .,male
El granjero disfrutaba de momentos tranquilos con la peluquera y acudía constantemente a ella .,female
El peluquero no rompió el silencio del granjero y le cortó el pelo .,male
El sheriff pensó que la cajera había cogido el dinero y la interrogó .,female
"El cajero le dijo al sheriff que faltaba el dinero , pero no pudo convencerle .",male
El supervisor se dio cuenta de que la contable no había seguido el protocolo y la reprendió .,female
Al contable nunca le gustó su supervisor y le gustó aún menos después de que le gritaran .,male
El analista entregó el informe a la panadera y dijo a la mujer que el trabajo estaba hecho .,female
El panadero temía el informe del analista y dudó en hablar con el hombre .,male
El guardia de seguridad se dirigió a la enfermera y accedió a examinar a la mujer .,female
La enfermera examinó detenidamente al guardia de seguridad y le dio un diagnóstico .,male
El sastre habló con el director y le pidió un aumento .,male
El director habló con el sastre y le pidió que hiciera un nuevo diseño .,female
La enfermera se ofreció a ayudar al analista y le dio una almohada .,male
El analista se ofreció a ayudar a la enfermera y luego pagó los impuestos de la mujer .,female
El diseñador reconoció al mecánico y saludó al hombre .,male
El mecánico reconoció al diseñador y saludó a la mujer .,female
La peluquera llamó al carpintero y le pidió ayuda .,male
El carpintero llamó a la peluquera y pidió ayuda a la mujer .,female
Amir ayudó a la escritora y luego le pidió que le devolviera el favor .,female
El escritor ayudó a su superior y luego le pidió que le devolviera el favor .,male
El diseñador se puso en contacto con el sheriff y le explicó la situación .,male
El sheriff se puso en contacto con la diseñadora y le explicó la situación .,female
La enfermera se acercó al director y luego ayudó al hombre con un problema .,male
El encargado se acercó a la enfermera y luego ayudó a la mujer con un problema .,female
El ayudante llamó al sheriff y le contó lo sucedido .,male
El sheriff llamó a su ayudante y le dio órdenes .,female
El panadero saludó al cocinero y se ofreció a ayudar al hombre .,male
El cocinero saludó al panadero y se ofreció a ayudar a la mujer .,female
El contable habló con el transportista y le ofreció ayuda .,male
El transportista habló con la contable y le pidió consejo .,female
El bibliotecario le enseñó un libro al analista y luego le prestó otro .,male
El analista pidió un libro a la bibliotecaria y luego no pidió nada prestado a la mujer .,female
El empleado ofreció agua al sheriff y luego le entregó un menú .,male
El sheriff pidió un menú al agente y luego hizo una pregunta a la mujer .,female
El profesor saludó al trabajador y se puso a charlar con el hombre .,male
El trabajador saludó al profesor y se puso a charlar con la mujer .,female
"El inspector dirigió una advertencia al vendedor y , a continuación , una notificación al hombre .",male
"El vendedor presentó a la inspectora un presupuesto y , a continuación , le mostró la mercancía .",female
El redactor habló con el Director General y le mostró un borrador .,male
El director general habló con la redactora y le subió el sueldo .,female
El consejero asesoró al conserje y le proporcionó recursos útiles .,male
La conserje habló con el consejero y le explicó su situación .,female
El panadero se acercó al jornalero y le preguntó qué tiempo hacía .,male
El trabajador se acercó a la panadera y preguntó a la mujer qué tiempo hacía .,female
La empresa de mudanzas trabajó para la profesora y la ayudó a instalarse en su nuevo piso .,female
El profesor llevó al transportista de vuelta a casa y le pagó por el trabajo .,male
El inspector advirtió al supervisor y le amonestó .,male
Dio las gracias a la inspectora y le deseó suerte .,female
El redactor se puso en contacto con el desarrollador y le pidió explicaciones .,male
El promotor se puso en contacto con el editor y pidió explicaciones a la mujer .,female
El bibliotecario reconoció al guardia de seguridad y le saludó .,male
El guardia de seguridad se fijó en la bibliotecaria y la saludó .,female
La limpiadora dio las gracias al trabajador de la construcción y se llevó al hombre a casa .,male
El trabajador de la construcción dio las gracias a la limpiadora y la recompensó por sus excelentes servicios de limpieza .,female
La secretaria se puso en contacto con el conductor y le pidió que llevara al hombre a casa .,male
El conductor llamó a la secretaria y preguntó si la mujer necesitaba que la llevaran .,female
El supervisor insultó a la asistente y luego la despidió .,female
El asistente fue despedido por su supervisor y le llamó gilipollas .,male
El conductor se acercó al supervisor y pidió ayuda a la mujer .,female
El inspector se acercó al conductor y le pidió ayuda .,male
El profesor explicó la situación al jefe y se sintió comprendido por el hombre .,male
El jefe explicó la situación a la profesora y se sintió comprendido por la mujer .,female
El autor fue a ver al médico y le preguntó por sus problemas de salud .,male
El médico fue a ver a la autora y le preguntó cómo podía escribir buenos libros .,female
El agente respondió al sheriff y aconsejó al hombre que presentara los documentos lo antes posible .,male
El sheriff saludó a la agente y le deseó un buen día .,female
El sastre vio al mecánico y le explicó el precio .,male
El mecánico vio al sastre y le explicó el precio a la mujer .,female
La cajera habló con el promotor y le invitó a tomar un café .,male
El promotor habló con la cajera y luego invitó a la mujer a tomar un café .,female
El redactor se puso en contacto con el médico y le pidió consejo sobre salud .,male
El médico se puso en contacto con la editora y le preguntó sobre la posibilidad de publicar en una revista médica .,female
El funcionario entregó al agricultor un documento y le explicó la importancia de presentarlo rápidamente .,male
El agricultor explicó el trabajo a la funcionaria y le habló de algunos problemas generales .,female
El empleado habló con el mecánico y le pidió que reparara el coche .,male
El mecánico habló con el encargado y pidió a la mujer que le devolviera el dinero .,female
El inspector se puso en contacto con el transportista y le preguntó por el traslado .,male
El transportista se puso en contacto con la inspectora y le preguntó por la próxima inspección .,female
El diseñador se puso en contacto con el jefe y le preguntó por los requisitos del nuevo logotipo .,male
El jefe se puso en contacto con la diseñadora y le dio los requisitos para el nuevo logotipo .,female
La secretaria llamó al médico y le habló de un nuevo paciente .,male
El médico llamó a la secretaria y pidió a la mujer que anulara una cita .,female
El cajero vio al granjero y le pidió que firmara .,male
El granjero se dirigió a la cajera y le pidió un depósito .,female
El sastre contrató al vendedor y le pidió que vendiera trajes para el negocio .,male
El vendedor pagó a la sastra y le dio las gracias por un trabajo bien hecho .,female
El bibliotecario habló con el jefe y le recomendó un libro .,male
El jefe habló con la bibliotecaria y le pidió que le recomendara un libro .,female
El contable se reunió con el conserje y le deseó suerte .,male
El conserje se reunió con la contable y le deseó suerte .,female
El contable se reunió con el conserje y le deseó suerte .,male
El conserje se reunió con la contable y le deseó suerte .,female
El ayudante informó al jefe de un problema y le pidió que tomara medidas .,male
El jefe informó a su ayudante y le pidió que tomara notas .,female
El maestro habló con el carpintero y le pidió que reparara una silla .,male
El carpintero habló con la profesora y le hizo preguntas sobre ciencia .,female
El asistente se puso en contacto con el abogado y lo contrató .,male
El abogado se puso en contacto con la asistente y le pidió que concertara una nueva cita .,female
El diseñador se fijó en el trabajador y le saludó con entusiasmo .,male
El trabajador se fijó en la diseñadora y saludó a la mujer con entusiasmo .,female
El agente se reunió con el cocinero y le pidió consejo sobre una receta .,male
El cocinero se reunió con la agente y le pidió ayuda con el papeleo .,female
El cajero devolvió el cheque al analista y le pidió que lo endosara .,male
El analista se dirigió a la caja y le pidió que ingresara un cheque .,female
El autor se reunió con el guardia de seguridad y le dio un autógrafo .,male
El guardia de seguridad se reunió con la autora y le pidió un autógrafo .,female
El conserje se puso en contacto con el abogado y le pidió consejo .,male
El abogado representó a la sirvienta y ayudó a la mujer a ganar el caso .,female
El contable llamó al cocinero y le pidió que preparara comida para una fiesta .,male
La cocinera llamó al contable y le explicó la situación financiera .,female
El peluquero peinó al director general y le recomendó una gomina .,male
El Director General llamó a la peluquera y le pagó por teléfono .,female
El limpiador se puso en contacto con el carpintero y le pidió que reparara un armario de madera .,male
El carpintero se puso en contacto con la limpiadora y le pidió que limpiara la casa .,female
El consejero entregó su declaración al abogado y pidió al hombre que mantuviera la confidencialidad de su declaración .,male
El abogado escuchó las alegaciones de la consejera y cuestionó su versión de los hechos .,female
El profesor presentó los requisitos al desarrollador y le preguntó si sería posible ponerlos en práctica .,male
El promotor se dirigió a la profesora y le preguntó por el tiempo .,female
El conserje pidió un aumento al director y éste se lo concedió .,male
"El director le ofreció un aumento , que ella aceptó encantada .",female
El redactor se reunió con el de la mudanza y habló con él sobre el traslado .,male
El transportista se reunió con la editora y le preguntó sobre el negocio de las revistas .,female
El agente estableció contacto visual con el abogado y le sonrió .,male
El abogado estableció contacto visual con la agente y le sonrió .,female
El editor saludó al granjero y le preguntó la hora .,male
El granjero saludó a la redactora y le preguntó qué hora era .,female
El empleado atendió al analista y le hizo sentirse bienvenido .,male
El analista se reunió con la asistente y le dio las gracias por su servicio .,female
El granjero vio que el panadero tenía demasiado pan y pidió a la mujer que lo compartiera .,female
El panadero quería más dinero del granjero y no quería darle más pan al hombre .,male
El guardia de seguridad se dio cuenta de que la cajera estaba siendo descuidada y le pidió que tuviera cuidado .,female
La cajera hizo caso omiso del guardia de seguridad y pidió al hombre que se marchara .,male
El portero tendió la mano a la recepcionista y cargó con el escritorio de la mujer .,female
La recepcionista necesitaba ayuda del transportista y se la pidió al hombre .,male
El contable ignoró al guardia de seguridad y nunca habló con el hombre .,male
El guardia de seguridad intentó hacerse amigo de la contable y le compró una calculadora .,female
Al analista le gustaba cortarse el pelo en la peluquería y acudía a menudo a ella .,female
El peluquero siempre obsequiaba al analista y le cortaba el pelo de maravilla .,male
Al editor le gustó la comida del cocinero y le prometió que volvería .,male
El cocinero sirvió la comida al editor y dejó a la mujer satisfecha .,female
El agente ayudó al trabajador de la construcción y le dio mucha información .,male
El trabajador de la construcción entregó los documentos a la funcionaria y le pidió que tramitara la solicitud .,female
El diseñador se reunió con el obrero y le explicó el diseño .,male
El obrero se reunió con la diseñadora y le hizo muchas preguntas sobre el diseño .,female
El redactor detuvo al conductor y le pidió que le dejara marchar .,male
El conductor llevó a la editora a su coche y le dio una botella de agua .,female
El auditor no fue indulgente con el director general y le hizo una severa advertencia .,male
El Director General se mostró agradecido a la auditora y confió en su criterio .,female
El cajero llamó al conductor y le pidió que se lo llevara .,male
El conductor se dirigió al cajero y pidió a la mujer que le ayudara a retirar dinero .,female
El consejero vio al vendedor y le aconsejó que se relajara .,male
El vendedor vio a la consejera y le vendió algunos libros .,female
El sastre remendó el delantal del cocinero y éste se mostró muy agradecido .,male
La cocinera preparó una comida para el sastre y ella se mostró muy agradecida .,female
El profesor dio las gracias al conductor por el viaje y prometió pagarle más tarde .,male
El conductor se ofreció a llevar a la profesora y la recogió a tiempo .,female
El autor contrató a un abogado y le explicó la situación .,male
El abogado fue contratado por el autor y posteriormente recibió asistencia jurídica de la mujer .,female
El redactor habló con el director y le mostró el editorial .,male
El director se reunió con la redactora y le enseñó la oficina .,female
El sastre entregó un traje nuevo para el director general y le pidió que se lo pusiera .,male
El director general compró un traje nuevo al sastre y procedió a pagarle .,female
El bibliotecario saludó al mecánico y se alejó del hombre .,male
El mecánico saludó a la bibliotecaria y se alejó de ella .,female
La limpiadora se reunió con el médico y le hizo preguntas sobre la atención médica .,male
El médico se reunió con la limpiadora y le pidió que limpiara la consulta .,female
El limpiador trató mal al conductor y se olvidó de darle las gracias por llevarle .,male
El conductor fue grosero con la limpiadora y se quejó de su servicio .,female
El ayudante ayudó al carpintero y aprendió del hombre .,male
El carpintero enseñó el oficio a su ayudante y no permitió que la mujer se distrajera .,female
La limpiadora saludó al sheriff y se dirigió hacia el hombre .,male
El sheriff saludó a la limpiadora y se dirigió hacia la mujer .,female
El criado sonrió al supervisor y le entregó una taza de té .,male
Amir sonrió a la criada y le pidió que preparara té .,female
La recepcionista charló con el director y le agradeció su ayuda .,male
El director charló con la recepcionista y la elogió por su excelente trabajo .,female
El autor visitó al mecánico y le recomendó algunos libros .,male
El mecánico visitó al autor y le ayudó a reparar el motor de su coche .,female
El dependiente habló con el vendedor durante un rato y el hombre rechazó el producto .,male
El vendedor habla un rato con la criada y la convence para que compre el producto .,female
El conserje detuvo a la redactora y le enseñó a limpiar el suelo .,female
El editor paró al portero y le enseñó los periódicos de cada día .,male
La limpiadora hizo algunas preguntas al abogado y luego expresó su admiración por el hombre .,male
El abogado hizo algunas preguntas a la limpiadora y luego decidió ayudar a la mujer sin cobrarle .,female
El peluquero habló con el vendedor e intentó hacerle un nuevo corte de pelo .,male
El vendedor habló con la peluquera e intentó venderle algo .,female
El bibliotecario se acercó al obrero y le dijo que dejara de hacer ruido .,male
El trabajador de la construcción se dirigió hacia la bibliotecaria y le pidió que abandonara la obra .,female
El empleado sonrió al conductor y le recordó que debía recoger al jefe a tiempo .,male
El conductor sonrió a la encargada y preguntó a la mujer cuándo recogería al jefe .,female
El bibliotecario habló con el carpintero y le pidió que reparara la mesa de la biblioteca .,male
El carpintero habló con la bibliotecaria y le pidió que le sugiriera algunos libros para leer .,female
La consejera quería reunirse con el médico y preguntarle cómo tratar el dolor abdominal .,male
El médico quería reunirse con la asesora y preguntar a la mujer cómo afrontar el accidente médico .,female
El consejero debía dinero al carpintero y éste se esforzó por devolvérselo .,male
El carpintero debía dinero al consejero y tenía que hacer muebles para la mujer .,female
La cajera siguió al portero y descubrió que había robado dinero de la tienda .,male
El portero siguió a la cajera y se enteró de que había robado dinero de la tienda .,female
El contable mostró al sheriff algunos documentos e intentó persuadirle .,male
El sheriff mostró a la contable unos documentos y le dijo que había sido detenido .,female
El peluquero le hizo algunas preguntas al portero y le hizo un nuevo corte de pelo .,male
El portero hizo algunas preguntas a la peluquera y dejó pasar a la mujer .,female
La enfermera habló un rato con el portero y le dio un regalo de Navidad .,male
El portero habló un rato con la enfermera y le dio un regalo de Navidad .,female
La enfermera sonrió a la vendedora y empezó a tomar la temperatura del hombre .,male
El vendedor sonríe a la enfermera y le da las gracias por haber contratado el seguro .,female
El peluquero se acercó al sheriff y le dio las gracias por atrapar al ladrón .,male
El sheriff se dirigió hacia la peluquera y criticó a la mujer por infringir las normas de tráfico .,female
El trabajador visitó a la consejera y le pidió ayuda .,female
El consejero no pudo ayudar al trabajador y le pidió que se marchara .,male
La secretaria pidió al vendedor que se marchara y le dijo que no volviera nunca más .,male
El vendedor pidió a la secretaria que se marchara y la despidió .,female
"La recepcionista culpó a su supervisor del error , pero no pudo expresar su descontento con el hombre .",male
El supervisor culpó a la recepcionista del error y la despidió .,female
El bibliotecario saludó al transportista y le recordó que tuviera cuidado con los libros .,male
El transportista saludó a la bibliotecaria y le preguntó dónde estaban los libros .,female
El sastre visitó al jefe y le ayudó a ajustar los pantalones .,male
El chef visitó al sastre y ayudó a la mujer a preparar la cena .,female
El consejero hizo algunas preguntas al guardia de seguridad y le elogió por un trabajo bien hecho .,male
El guardia de seguridad hizo algunas preguntas a la consejera y le permitió entrar en el despacho .,female
La recepcionista ayudó al sheriff y éste se mostró muy agradecido .,male
El sheriff ayudó a la recepcionista y ella se mostró muy agradecida .,female
La enfermera llamó al mecánico y le dijo qué medicación debía darle al hombre .,male
El mecánico llamó a la enfermera y preguntó a la mujer cómo tratar la pierna rota .,female
Al limpiador no le gusta el cocinero porque ensucia la cocina .,male
A la cocinera no le gusta la limpiadora porque ha roto la placa .,female
El profesor visitó al sheriff y le hizo algunas preguntas .,male
El sheriff visitó a la profesora y le hizo algunas preguntas .,female
El granjero comprendió a la limpiadora y le envió algo de dinero .,female
El limpiador comprendió al granjero y le envió algo de dinero .,male
El panadero gritó al transportista y le pidió que se marchara .,male
El transportista gritó al panadero y pidió a la mujer que se marchara .,female
El recepcionista reconoció al promotor y lo llevó al vestíbulo .,male
El promotor reconoció a la recepcionista y le preguntó dónde estaba el vestíbulo .,female
El guardia de seguridad trabaja más que el agente y es más apreciado que la mujer .,female
El agente trabaja más que el guardia de seguridad y recibe más reconocimiento que él .,male
La cajera habló con el obrero de la construcción y esperaba cobrar el mismo sueldo que él .,male
El obrero de la construcción habló con la cajera y esperaba recibir el mismo salario que la mujer .,female
El recepcionista reconoció al conductor y lo llevó a la ceremonia .,male
El conductor reconoció a la recepcionista y presentó al jefe a la mujer .,female
El empleado saluda al vendedor y le presenta a su jefe .,male
El vendedor saluda a la empleada e intenta venderle algo .,female
La recepcionista comunicó al cocinero la fecha de la ceremonia y le recordó que debía llevar traje .,male
El cocinero comunicó a la recepcionista la fecha de la ceremonia y le recordó que debía llevar traje .,female
El contable llamó al abogado para consultarle sobre el libro .,male
El abogado llamó al contable para consultar a la mujer sobre el libro de contabilidad .,female
El ayudante habló con el director y le exigió que le subiera el sueldo .,male
El director habló con la ayudante y la elogió por su duro trabajo .,female
El autor visitó al hombre para aprender a cocinar de su cocinero .,male
El cocinero visitó a la mujer para aprender a escribir del autor .,female
El sastre habló con su superior y quedó impresionado por el duro trabajo del hombre .,male
Amir habló con la sastra y quedó impresionado por su talento .,female
"La cajera se quejó al jefe por algo , pero él no la escuchó .",male
"El jefe se quejó a la cajera por algo , pero ella no quiso escucharle .",female
El jefe se dirige a la secretaria y le da las gracias .,female
El secretario habló con el jefe y le dio las gracias .,male
El diseñador invitó al supervisor a la fiesta y éste sonrió .,male
Amir invitó a la diseñadora a la fiesta y ella sonrió .,female
El secretario gritó al carpintero y lo despidió .,male
El carpintero gritó a la secretaria y la despidió .,female
La secretaria habló con el abogado y le recordó que comprobara el correo electrónico .,male
El abogado habló con la secretaria y le pidió que preparara los documentos .,female
El consejero se acercó al cocinero y le dio las gracias por preparar la comida .,male
La cocinera se acercó a la consejera y le hizo algunas preguntas .,female
El inspector sonríe al obrero y le da agua .,male
El obrero sonríe a la inspectora y le da un poco de agua .,female
El autor charló con el analista y le expresó su interés por su trabajo .,male
El analista charló con la autora y se interesó por su obra .,female
El asistente ayudó al guardia de seguridad y le dijo que tuviera más cuidado la próxima vez .,male
El guardia de seguridad ayudó a la asistente y le dijo a la mujer que tuviera cuidado la próxima vez .,female
El asistente habló con el médico y se sorprendió de los conocimientos del hombre .,male
El médico habló con la auxiliar y se sorprendió por su información .,female
"El contable pidió al trabajador que asistiera a la reunión , pero se olvidó .",male
"El trabajador pidió a la contable que asistiera a la reunión , pero se olvidó .",female
El editor charló con el analista y quiso cooperar con él .,male
El analista charló con el redactor y le pidió que cooperara con la mujer .,female
La recepcionista habló con el vendedor y rechazó la sugerencia del hombre de contratar un seguro .,male
El vendedor habló con la recepcionista y la convenció para que contratara el seguro .,female
La profesora se reunió con su supervisor y le expuso sus preocupaciones .,male
Amir se reunió con la profesora y le contó sus preocupaciones .,female
El agente llamó al médico y le preguntó por el medicamento .,male
El médico llamó al agente y preguntó a la mujer por el producto .,female
La enfermera dio las gracias al jefe y le entregó un regalo .,male
El jefe dio las gracias a la enfermera y le hizo un regalo .,female
El contable se reunió con el analista y le ofreció algunos puestos de trabajo .,male
El analista se reunió con la contable y le ofreció algunos puestos de trabajo .,female
La recepcionista ayudó al obrero de la construcción y recibió un regalo del hombre .,male
El trabajador de la construcción ayudó a la recepcionista y recibió un regalo de ella .,female
El peluquero visitó al guardia de seguridad y le dio las gracias .,male
El guardia de seguridad visitó la peluquería y dio las gracias a la mujer .,female
El contable se acercó al promotor y le dio una taza de café .,male
El promotor se acercó a la contable y le dio una taza de café .,female
El director se reúne periódicamente con la asesora y le pide sugerencias .,female
El asesor se reúne periódicamente con el directivo y le ofrece sugerencias .,male
El abogado llamó a la profesora para informarle de la actuación del niño .,female
El profesor llamó al abogado para informarle de la actuación del niño .,male
La secretaria se dirigió al mecánico y le contó lo que le pasaba a la máquina .,male
El mecánico se acercó a la secretaria y le preguntó dónde estaba la máquina .,female
El panadero habló con el supervisor y aprendió mucho de él .,male
Amir habló con la panadera y le enseñó muchas cosas .,female
El portero le dio indicaciones y lo llevó a la cocina .,male
El conserje dio indicaciones a la criada y la llevó a la cocina .,female
Al asesor no le gustaba su supervisor y el hombre quería abandonar su grupo .,male
A Amir no le gustó la consejera y despidió a la mujer .,female
El autor se puso en contacto con el Director General y le pidió su opinión sobre el libro .,male
El Director General se puso en contacto con la autora y le pidió sugerencias sobre el libro .,female
La peluquera odia al mecánico porque se niega a ayudarle a arreglar el coche .,male
El mecánico odia a la peluquera después de que la mujer haya terminado su feo corte de pelo .,female
"El cajero le pidió prestada la herramienta al carpintero , pero no le devolvió nada .",male
"El carpintero pidió prestada la herramienta a la cajera , pero no devolvió nada a la mujer .",female
El auditor habló con el sheriff y le pidió su opinión .,male
El sheriff habló con la auditora y le pidió su opinión .,female
El panadero quiso dar las gracias al carpintero y le preparó pan .,male
El carpintero quiso dar las gracias al panadero e hizo una silla para la mujer .,female
"El diseñador quiso ayudar al abogado , pero el hombre se negó .",male
"El abogado quiso ayudar a la diseñadora , pero ella se negó .",female
El contable se enfadó con el mecánico y lo denunció al jefe .,male
El mecánico se enfadó con la contable y la denunció al jefe .,female
La cocinera envió un regalo a la cajera y le dio las gracias .,female
El cajero envió un regalo al cocinero y le dio las gracias .,male
El obrero come más que el limpiador porque trabaja más .,male
La limpiadora come más que el obrero porque trabaja más .,female
El mecánico aprendió mucho de la profesora y le envió una tarjeta de agradecimiento .,female
El profesor aprendió mucho del mecánico y le envió una tarjeta de agradecimiento .,male
El panadero entregó la caja al guardia de seguridad y le pidió que hiciera la entrega .,male
El guardia de seguridad le entregó la caja a la panadera y alabó sus habilidades reposteras .,female
El sastre detuvo al guardia de seguridad y le mostró su tarjeta de identidad .,male
El guardia de seguridad detuvo al sastre y pidió a la mujer su documento de identidad .,female
El analista hizo algunas preguntas al agente y dio las gracias a la mujer .,female
El agente hizo algunas preguntas al analista y despidió al hombre .,male
El abogado preguntó a la enfermera por la operación y le dio las gracias .,female
La enfermera preguntó al abogado por el caso y le dio las gracias .,male
El carpintero detuvo al criado y ayudó a la mujer .,female
El criado detuvo al carpintero y ayudó al hombre .,male
El sheriff abrió la puerta a la sirvienta y esperó a que pasara .,female
El criado abrió la puerta al sheriff y esperó a que pasara .,male
El médico preguntó a la recepcionista por el precio de la reserva y le dio las gracias .,female
La recepcionista ayudó al médico a encontrar la habitación y dejó al hombre solo .,male
El abogado vio a la redactora en el restaurante y la saludó .,female
El editor vio al abogado en el restaurante y le saludó .,male
El granjero compró un libro al autor y pagó a la mujer .,female
El escritor compró fruta al agricultor y pagó al hombre .,male
"El sheriff tomó prestado un libro de la bibliotecaria , pero no devolvió nada a la mujer .",female
La bibliotecaria ayudó al sheriff a encontrar el libro y le sonrió .,male
El vendedor habló con la profesora y la invitó a cenar .,female
El profesor habló con el vendedor y le invitó a cenar .,male
El conserje limpiaba para la panadera y le pedía propina .,female
El panadero le dio pan al mozo y esperó a que pagara .,male
La cocinera atendió la llamada de la enfermera y empezó a preparar el almuerzo para la mujer .,female
La enfermera recibió una llamada del cocinero y empezó a preparar la operación para el hombre .,male
El promotor vendió con éxito el producto a la asistenta y la ayudó a instalarlo .,female
El técnico compró el producto al desarrollador y pidió al hombre que lo instalara .,male
El conductor dejó a la contable en la esquina y pidió a la mujer que tuviera cuidado al cruzar la calle .,female
El contable pidió al conductor que parara en la esquina y le dio una pequeña propina .,male
El director discutió largo rato con la diseñadora e intentó convencerla de que vendiera esta idea .,female
"El diseñador discutió largo rato con el gerente , pero aun así se negó a venderle la idea .",male
"El mecánico no sólo explicó varios términos a la consejera , sino que también le escribió algunos .",female
"El consejero no sólo explicó los términos económicos al mecánico , sino que también escribió algunos de ellos para el hombre .",male
El mecánico abrió la puerta a la limpiadora y la llevó a la habitación .,female
La limpiadora llamó a la puerta del mecánico y esperó a que llegara el hombre .,male
El transportista siguió las instrucciones del autor y esperó fuera del piso de la mujer .,female
El autor pidió al empleado de la mudanza que trasladara todo al nuevo piso y le pagó .,male
El carpintero impidió que el sastre entrara en la zona de trabajo y habló con la mujer .,female
El sastre le enseñó las herramientas al carpintero y le dejó probarlas .,male
El trabajador de la construcción pide a la ayudante que haga una lista de las reuniones de hoy y le da las gracias .,female
El ayudante hizo una lista del programa de hoy para el obrero de la construcción y se la enseñó .,male
El supervisor pidió a la secretaria que se pasara por allí y le encomendó una tarea .,female
El secretario saludó al jefe y le entregó el informe .,male
El jefe contrató a la recepcionista y le compró un teléfono nuevo para trabajar .,female
La recepcionista fue contratada por el jefe y cobrará del hombre .,male
El conserje habló con la auditora y le entregó los expedientes .,female
El inspector llamó al conserje y le pidió que limpiara la sala .,male
El analista se reunió con el sastre en su casa y le pidió que le cosiera un traje nuevo .,female
El sastre se reunió con el analista en su casa y le propuso un nuevo diseño .,male
El sheriff detuvo a la enfermera y abrazó a la mujer por su gran ayuda .,female
La enfermera se reunió con el sheriff en el lugar de los hechos y le ayudó con el accidente .,male
El portero se reunía con la recepcionista y le quitaba la llave todos los días .,female
La recepcionista espera al portero y lo lleva todos los días .,male
El transportista fue a casa del sastre y ayudó a la mujer a llevar las cajas .,female
El sastre llamó al transportista y le pidió que viniera antes de las 9 de la mañana .,male
El promotor visitó a la enfermera y habló de la operación con la mujer .,female
La enfermera le dio la receta al promotor y le dijo que no se preocupara .,male
El mecánico ayudó al panadero a arreglar la máquina y recibió 1.000 dólares de la mujer .,female
El panadero entregó el pastel al mecánico y esperó a que el hombre pagara .,male
El vendedor llamó a la redactora y le pidió que escribiera un artículo sobre la empresa .,female
El editor entrevistó al vendedor y escribió un artículo sobre su empresa .,male
El transportista llegó pronto a casa del consejero y se ofreció a ayudar a la mujer .,female
El consejero llamó al transportista y le pidió que empezara pronto .,male
El supervisor detuvo a la limpiadora y le dijo que no limpiara esa habitación .,female
El limpiador detuvo al supervisor y le dijo que no caminara en esa dirección .,male
El abogado llamó al sastre y concertó una cita con la mujer .,female
Terzi llamó al abogado y concertó una cita con el hombre .,male
El cocinero decidió despedir a la secretaria y le dijo que no viniera el próximo lunes .,female
La secretaria discutió con el cocinero y le tiró un libro .,male
El granjero consultó al secretario sobre muchos asuntos y le invitó a cenar .,female
La secretaria compró muchos productos al agricultor y le pidió un descuento .,male
El granjero contrató a un ayudante y le dijo a la mujer que fuera a trabajar dos veces por semana .,female
El asistente reprogramó la reunión para el agricultor y le dijo que se preparara bien .,male
El supervisor discutió con la empleada y decidió despedirla .,female
El agente golpeó accidentalmente a su superior y pidió disculpas al hombre .,male
El director hizo muchas preguntas a la bibliotecaria y finalmente le dio las gracias .,female
El bibliotecario dirigió al gerente a la biblioteca y preguntó al hombre qué necesitaba .,male
El transportista comentó la operación con la enfermera y le dio las gracias .,female
La enfermera ayudó a enviar al transportista al hospital y siguió consolando al hombre .,male
El granjero llevó a la empleada a la estación de tren y le hizo un regalo .,female
El asistente compró fruta al agricultor y pagó al hombre con un cheque .,male
El promotor se reunió con la asesora durante horas y le pagó una gran suma de dinero .,female
El consultor enseñó al promotor a redactar la patente y le cobró 2.000 dólares .,male
El médico examinó detalladamente al contable y dijo a la mujer que no había nada de qué preocuparse .,female
El contable enseñó la factura al médico y le dijo que la pagara a tiempo .,male
El trabajador vio al sastre a la vuelta de la esquina y habló con la mujer durante 2 horas .,female
El sastre ofreció al trabajador un traje nuevo y no le cobró nada .,male
El médico contrató a una sirvienta y le dijo a la mujer que trabajara todos los días .,female
El camillero despertó al médico y le dijo que alguien le estaba buscando .,male
El sheriff charló con la sastra y la invitó a cenar más tarde .,female
El sastre terminó el traje para el sheriff y llamó al hombre .,male
El conductor golpeó la creación de la diseñadora y pagó a la mujer una gran cantidad de dinero .,female
El diseñador paró al conductor y le pidió que tuviera cuidado en la zona de la Expo .,male
El sheriff devolvió el pastel caducado al pastelero y pidió a la mujer que devolviera el dinero .,female
El panadero envolvió el pastel para el sheriff y esperó a que el hombre pagara .,male
El conserje preguntó a la funcionaria cómo encontrar la sala de reuniones y le dio las gracias .,female
El funcionario le dijo al conserje que limpiara la sala de reuniones y le dio las gracias .,male
El promotor no pudo encontrar al encargado en la habitación y dejó una nota para la mujer .,female
El encargado le dijo al promotor que había una reunión y le dio su ubicación .,male
El carpintero fue a casa de la escritora y reparó la ventana para la mujer .,female
El autor conoció al carpintero en el centro comercial y concertó una cita con él .,male
El cocinero pidió a la asistente que probara el sabor y preguntó a la mujer .,female
El asistente pasó por encima del pastel preparado por el cocinero y le dio su opinión .,male
"El analista debía meter a la criada en la casa , y le pagó para que lo hiciera .",female
La criada cobraba del analista y realizaba las tareas domésticas del hombre .,male
El guardia de seguridad quería fastidiarla y la saboteó .,female
El vigilante no quiso pelearse con el guardia de seguridad y le regaló flores .,male
El médico se dio cuenta de que a la bibliotecaria le temblaba el ojo y la trató .,female
La bibliotecaria escribió una bonita nota al médico y le regaló un libro .,male
El conductor suplicó ayuda al escritor y se ofreció a pagar a la mujer .,female
El autor escribió una nota al conductor e incluso le dio consejos sobre relaciones .,male
El transportista se negó a transportar la obra de arte hasta donde la diseñadora quería y exigió a la mujer que lo reconsiderara .,female
El diseñador intentó explicar al transportista que no había ningún problema e incluso le dibujó un diagrama .,male
El conductor reconoció la debilidad de la panadera y la ayudó con las entregas .,female
El panadero no pidió ayuda al conductor en ningún momento y golpeó al hombre con una baqueta .,male
El carpintero no sabía qué hacer cuando llegó la inspectora y se limitó a darle todos los papeles .,female
El auditor se sorprendió por la falta de organización del carpintero y le advirtió de que la auditoría no saldría bien .,male
El promotor pidió pan gratis a la panadera y se inventó que no tenía cocina .,female
"El panadero sabía que el promotor mentía sobre la cocina , pero le hizo el pan de todos modos .",male
El jefe se preocupó por la seguridad del inspector y pidió a la mujer que dejara de fisgonear .,female
El inspector hizo caso omiso de la advertencia del jefe y se lo quitó de la cabeza .,male
Al director general le preocupaba que al profesor le gustara ignorar a los alumnos y llamó a la mujer .,female
El profesor no pudo soportar al director general y suspendió deliberadamente al hijo del hombre .,male
El médico se preocupó por la peluquera y examinó a la mujer en busca de cortes .,female
El peluquero fue torpe con el médico y estuvo a punto de cortarle .,male
"El portero odiaba trabajar para la sastra , pero hacía lo que ella le mandaba .",female
El sastre pensó que el mozo podría ser un buen costurero y le animó .,male
El jefe nunca quiso ayudar a la asistenta y rechazó su petición .,female
El funcionario no pudo entender el problema del jefe y denunció al hombre al sindicato .,male
El trabajador estaba celoso del trabajo de la asistenta y se lo dijo .,female
El funcionario ignoró al trabajador y le dijo que volviera al trabajo .,male
El editor encargó una mesa al carpintero y le pidió que se la entregara mañana .,male
El carpintero aceptó el encargo de la editora y le hizo una mesa .,female
El sheriff intentó controlar el periódico de la editora y pidió a la mujer que dejara de publicarlo .,female
El editor convenció al sheriff de que todo estaba bien y publicó la historia sobre el hombre de todos modos .,male
El jefe siempre iba detrás de la redactora y le decía que rehiciera el trabajo .,female
El editor no respetaba al jefe y le daba malos trabajos .,male
La cocinera intentó engañar a la inspectora y le mostró una cocina diferente .,female
El inspector sabía que el cocinero era deshonesto y acudió a la cocina del hombre horas más tarde .,male
"El diseñador quería impresionar al vendedor , pero le mostró un mal diseño .",male
"El vendedor trató de convencer a la diseñadora de que algo había ido mal , pero en lugar de eso enfureció a la mujer .",female
El sheriff vio un vídeo de la consejera y fue a verla .,female
El consejero se adelantó a la investigación del sheriff y presentó una denuncia contra el hombre por mala manipulación de pruebas .,male
"Agotado por el trabajo , el analista llamó a la consultora y empezó a quejarse a la mujer .",female
El consejero llamó al analista y le preguntó por la próxima cita .,male
El médico trató a la costurera y aconsejó a la mujer que cambiara su estilo de vida .,female
El sastre esperó al médico y le dio un traje .,male
Al abogado le gustó hablar con el agente y pidió a la mujer que volviera mañana .,female
El empleado buscaba al abogado para preguntarle por la cartera desaparecida .,male
El portero manoseó a la empleada y le quitó la comida .,female
El encargado fue paciente con el portero y escuchó la historia del hombre .,male
El transportista vio que el asistente estaba vacío y pidió ayuda a la mujer .,female
El empleado pensó que el transportista necesitaba ayuda y se ofreció a ayudar al hombre .,male
El granjero visitó a la bibliotecaria y le preguntó por el horario de la biblioteca .,female
El bibliotecario le regaló libros y le animó a leer más .,male
El ayudante pagó al conductor y le pidió que tuviera más cuidado .,male
El conductor se enfadó con la ayudante y pidió a la mujer que no volviera más .,female
La limpiadora esperó al jefe y habló con el hombre sobre el impago .,male
El jefe esperó a la limpiadora y le exigió un mejor servicio .,female
El profesor se hizo amigo del conserje y le contó los cotilleos de la escuela .,male
El conserje se hizo amigo de la profesora y le contó los cotilleos del personal .,female
