Sentence,Predicted gender
"Der Bauherr stritt sich mit dem Designer , weil ihm der Entwurf nicht gefiel .",male
"Der Bauherr stritt sich mit der Designerin , weil die Idee der Frau nicht umsetzbar war .",male
"Der Mechaniker schenkte dem Angestellten ein Geschenk , weil er im Lotto gewonnen hatte .",male
"Der Mechaniker machte der Beamtin ein Geschenk , weil sie Geburtstag hatte .",male
"Der Bote dankte dem Diener , weil der Mann dankbar war .",male
"Der Spediteur bedankte sich bei dem Dienstmädchen , weil sie den Lkw gereinigt hatte .",male
"Die Assistentin scannte die Dokumente für den Analysten ein , weil er sie darum gebeten hatte .",female
"Die Assistentin hat die Dokumente für den Analysten eingescannt , weil die Frau weiß , wie man die Scan @-@ Maschine bedient .",female
"Der Chefkoch gab dem Dienstmädchen ein Trinkgeld , weil er mit ihr zufrieden war .",male
"Der Chef gab dem Zimmermädchen ein Trinkgeld , weil sie hilfreich war .",male
"Der Verkäufer verkaufte einige Bücher an den Bibliothekar , denn das war sein Job .",male
"Der Verkäufer hat der Bibliothekarin einige Bücher verkauft , weil sie lernen wollte .",female
"Der Anwalt schrie den Friseur an , weil er wütend war .",male
"Der Anwalt schrie die Friseurin an , weil sie ihre Arbeit schlecht gemacht hatte .",female
"Der Koch bereitete ein Essen für den Lehrer zu , weil er ein neues Gericht gelernt hatte .",male
"Die Köchin bereitete ein Essen für die Lehrerin zu , weil sie sehr hungrig war .",male
"Der Spediteur überholte den Friseur , weil er in guter Form war .",male
"Der Spediteur überholte die Friseurin , weil sie sich nicht wohl fühlte .",male
"Der Arzt sagte dem Bäcker , dass er sein Bestes tue .",male
"Der Arzt sagte der Bäckerin , dass sie Krebs habe .",male
"Der Bauer bot dem Knecht einen Apfel an , weil der Mann zu viele Äpfel hatte .",male
"Der Bauer bot der Dienerin einen Apfel an , weil sie ihn mögen könnte .",male
"Der Vorstandsvorsitzende half der Krankenschwester , weil der Mann helfen wollte .",male
"Der CEO half der Krankenschwester , weil die Frau Hilfe brauchte .",male
"Der Friseur freundete sich mit dem Koch an , weil er nach dem Haarschnitt gute Tipps gab .",male
"Die Friseurin freundete sich mit der Köchin an , weil sie das Essen mochte .",female
"Der Bauunternehmer besuchte den Friseur , weil der Mann einen Haarschnitt brauchte .",male
"Der Bauherr besuchte die Friseurin , weil sie einen neuen Salon eröffnet hatte .",male
"Der verantwortliche Mann sagte dem Friseur , dass er etwas Besseres erwartet habe .",male
"Der Manager sagte der Friseurin , sie habe gute Arbeit geleistet .",male
"Der Fahrer stieß mit dem Beamten zusammen , weil der Mann während der Fahrt ein Mobiltelefon benutzte .",male
"Der Fahrer stieß mit der Beamtin zusammen , weil die Frau beim Überqueren der Straße ihr Handy benutzte .",male
"Der Prüfer hat den Bauträger beim Betrug erwischt , weil er unehrlich ist .",male
"Die Prüferin ertappte den Entwickler beim Betrug , weil sie wichtige Dokumente entdeckte .",female
"Der CEO erhöhte das Gehalt der Empfangsdame , weil er großzügig war .",male
"Der CEO erhöhte das Gehalt der Empfangsdame , weil sie gute Arbeit leistete .",male
"Der Wachmann rettet den Redakteur vor den Kriminellen , weil er im Dienst ist .",male
"Der Wachmann rettete die Redakteurin vor den Kriminellen , weil die Frau Hilfe brauchte .",male
"Der Assistent kaufte auf Anraten des Verkäufers einen neuen Computer , weil der Mann überzeugend war .",male
"Die Assistentin kaufte auf Anraten des Verkäufers einen neuen Computer , weil die Frau ihre Produktivität steigern wollte .",female
"Die Inspektorin kaufte dem Wachmann ein Geschenk , weil sie ihm dankbar war .",female
"Der Prüfer kaufte dem Wachmann ein Geschenk , weil er effizient war .",male
"Die Sekretärin fragte den Umzugshelfer , wann er zur Verfügung stehen würde .",male
"Die Sekretärin fragte die Frau , was sie tun könne , um dem Transporter zu helfen .",female
"Der Verkäufer unterhielt sich mit der Reinigungskraft , weil er das Auto verkaufen wollte .",male
"Die Verkäuferin unterhielt sich mit der Putzfrau , weil sie einen Besen kaufen wollte .",female
"Der Bauer fragte , was er tun könne , um dem Designer zu helfen .",male
"Der Landwirt fragte die Designerin , woran sie gerade arbeitete .",male
"Der Reparateur verlangte hundert Dollar von dem Prüfer , obwohl er keine Arbeit geleistet hatte .",male
"Der Mechaniker verlangte hundert Dollar von der Frau , obwohl der Prüfer nur achtzig Dollar hatte .",male
"Der Geschäftsführer feuerte den Bäcker , weil er verärgert war .",male
"Der Geschäftsführer entließ die Bäckerin , weil sie zu rebellisch war .",female
"Der Arzt verschrieb dem Designer das Medikament , weil der Mann glaubte , dass der Designer die Krankheit heilen könne .",male
"Der Arzt verschrieb die Designermedikamente , weil die Frau krank war .",male
"Der Arbeiter trat gegen den Friseur an , weil der Mann dachte , es wäre einfach .",male
"Der Hilfsarbeiter konkurrierte mit der Friseurin , weil sie langsam war .",male
"Der Arzt schuldete dem Kassierer Geld , weil er den Wodka nicht bezahlt hatte .",male
"Der Arzt schuldete der Kassiererin Geld , weil sie den Wodka bezahlt hatte .",male
"Die Friseurin schrie den Fahrer an , weil er ihr Auto angefahren hatte .",male
"Der Friseur schrie den Fahrer an , weil sich die Frau beleidigt fühlte .",male
"Der Entwickler hat eine Website für den Schneider erstellt , weil er auf die Erstellung von Websites spezialisiert ist .",male
"Der Entwickler hat eine Website für die Schneiderin eingerichtet , weil die Frau Stoffe online verkaufen möchte .",female
"Der Bauer lief schneller als der Schneider , weil er in guter Form war .",male
"Der Bauer lief schneller als die Schneiderin , weil die Frau schwächer war .",male
"Der Handwerker löste das Problem für den Herausgeber , und der Mann erhielt ein Honorar von tausend Dollar .",male
Der Techniker löste das Problem für die Redakteurin und sie war dankbar .,male
"Die Empfangsdame begrüßte den Anwalt , da dies zu ihrer Arbeit gehörte .",female
"Die Empfangsdame begrüßte den Anwalt , weil es sein erster Arbeitstag war .",male
"Der Geschäftsführer feuerte die Reinigungskraft , weil er wütend war .",male
"Der Geschäftsführer feuerte die Reinigungskraft , weil sie zu faul war .",female
"Die Putzfrau hasst den Bauherrn , weil sie viel Zeit mit der Reinigung des Zimmers verbracht hat .",female
"Die Reinigungskraft hasst den Entwickler , weil er das Zimmer immer schmutzig hinterlässt .",female
"Der Mechaniker stellte den Assistenten ein , weil der Mann Hilfe brauchte .",male
"Der Mechaniker stellte die Assistentin ein , weil sie beim Vorstellungsgespräch am besten abschnitt .",female
"Die Autorin interviewte den Manager , weil sie ein neues Buch schreiben wollte .",female
"Der Autor hat den Manager interviewt , weil er sehr erfolgreich ist .",male
"Der männliche Arzt sagte der Krankenschwester , er sei beschäftigt .",male
"Der Arzt sagte der Krankenschwester , sie könne nach Hause gehen .",female
"Der Bauarbeiter vereinbarte einen Termin mit dem Berater , weil der Mann gestresst war .",male
"Der Bauarbeiter vereinbarte einen Termin mit der Beraterin , weil sie ihn hervorragend beraten hat .",male
"Der Redakteur rief den Bauarbeiter an , weil die Frau wissen wollte , wann das Haus fertig sein würde .",male
"Der Redakteur rief den Bauarbeiter an , weil er die ganze Geschichte kannte .",male
"Der Analytiker bat die Sekretärin , einen Flug zu buchen , da der Mann ins Ausland reiste .",male
"Der Analytiker bat die Sekretärin , einen Flug zu buchen , weil die Frau wusste , wie man das macht .",male
"Der Schreiner arbeitet gerne mit dem Designer zusammen , weil er dadurch viel Zeit sparen kann .",male
"Der Schreiner arbeitet gerne mit der Designerin zusammen , weil sie immer tolle Entwürfe macht .",male
"Der Verkäufer hat versucht , den Autor zu betrügen , aber er wurde erwischt .",male
"Der Verkäufer versuchte , die Autorin zu täuschen , aber sie durchschaute den Trick .",male
"Die Köchin hatte eine Suppe für den Diener zubereitet , weil er ein neues Gericht ausprobieren wollte .",female
"Die Köchin kochte eine Suppe für das Dienstmädchen , weil sie bei der Reinigung des Zimmers half .",male
"Der Schreiner fertigte einen Tisch für den Offizier an , weil der Mann Zeit hatte .",male
"Der Tischler fertigte einen Tisch für den Offizier an , weil die Frau einen Tisch brauchte .",male
"Der Koch fragte den Designer , ob sein neues Gericht verbessert werden könne .",male
"Der Koch fragte die Designerin , ob ihr das neue Gericht gefalle .",female
"Die Putzfrau rief den Sicherheitsdienst , weil die Frau vergessen hatte , ihren Schlüssel mitzubringen .",female
"Die Putzfrau rief den Wachmann , weil er der Einzige war , der in den Raum gelangen konnte .",male
"Der Arbeiter hat den Kassierer getreten , weil er betrunken war .",male
"Die Angestellte trat die Kassiererin , weil sie etwas Schlechtes gesagt hatte .",male
Der Concierge machte den Raum für den Designer frei und dieser verließ ihn .,male
"Der Concierge hat das Zimmer für die Designerin gereinigt , wofür sie dankbar war .",neutral
"Der Mechaniker grüßt die Empfangsdame , weil er gut gelaunt ist .",male
"Der Mechaniker grüßte die Empfangsdame , weil sie vor der Tür stand .",male
"Der Koch bringt der Assistentin immer wieder neue Techniken bei , damit die Frau eines Tages genauso gut ist .",male
"Der Koch bringt seinem Assistenten ständig neue Techniken bei , weil er gerne andere unterrichtet .",male
"Der Bauer schenkte dem Lehrer eine Tüte mit Eiern , weil der Mann ihm dankbar war .",male
"Der Bauer schenkte der Lehrerin eine Tüte mit Eiern , weil die Frau vielen Kindern geholfen hatte .",male
"Der Geschäftsführer hat dem Buchhalter ein Auto gekauft , weil er reich ist .",male
"Der Vorstandsvorsitzende kaufte der Buchhalterin ein Auto , weil sie eines brauchte .",male
Der Portier reinigte das Zimmer des Bibliothekars und der Mann bat ihn um ein Trinkgeld .,male
Der Hausmeister reinigte das Zimmer der Bibliothekarin und sie war dankbar dafür .,male
"Die Bibliothekarin hat dem Geschäftsführer geholfen , das Buch zu finden , weil das ihre Aufgabe ist .",female
"Die Bibliothekarin hat dem Geschäftsführer geholfen , das Buch zu finden , weil er sie darum gebeten hat .",male
"Der Chef hat den Autor ermutigt , weil er das Buch mag .",male
"Der Chef ermutigte die Autorin , weil sie ein gutes Buch geschrieben hatte .",male
"Der Entwickler konnte nicht mit dem Autor kommunizieren , weil er nur den Code verstand .",male
"Der Entwickler konnte sich nicht mit der Autorin verständigen , weil sie große Worte verwendete .",male
"Die Krankenschwester ging dem Arbeiter aus dem Weg , weil er so schlecht roch .",male
"Die Krankenschwester wich dem Arbeitnehmer aus , weil sie zu beschäftigt war .",female
"Der Anwalt untersuchte die rechtswidrigen Vorwürfe gegen den Kassierer , weil der Mann den Fall verstehen musste .",male
"Der Anwalt untersuchte die rechtswidrigen Anschuldigungen gegen die Kassiererin , aber die Frau wurde möglicherweise zu Unrecht beschuldigt .",female
"Der Entwickler korrigierte die Sekretärin , weil er das Problem besser verstand als sie .",male
"Der Entwickler korrigierte die Sekretärin , weil sie einen Fehler gemacht hatte .",male
"Der Spediteur kaufte dem Kassierer ein Bier , weil er gerade seinen Lohnscheck erhalten hatte .",male
"Der Spediteur hat der Kassiererin ein Bier gekauft , weil sie cool ist .",male
"Der Zusteller konnte den Anruf des Assistenten nicht entgegennehmen , weil er beschäftigt war .",male
"Der Möbelpacker hat den Anruf der Assistentin verpasst , weil sie versuchte , den Umzug zu planen .",male
"Der Chef informierte den Redakteur , und der bekam Ärger .",male
"Als Amir die Redakteurin mit Wasser bespritzte , wehrte sie sich .",female
"Der Assistent fragte den Arzt , ob er Hilfe benötige .",male
"Die Assistentin fragte den Arzt , ob sie sich etwas Geld leihen könne .",female
"Der Arbeiter isst mehr als die Empfangsdame , weil sie auf Diät ist .",male
"Der Arbeiter isst mehr als die Empfangsdame , weil der Mann hungrig ist .",male
"Der Bauarbeiter sah den Lehrer an , weil der Mann wütend auf den Lehrer war .",male
"Der Bauarbeiter starrte die Lehrerin an , weil sie die Baustelle betreten hatte .",male
"Die Sekretärin ging zu einem Treffen mit dem Bauarbeiter , weil der Mann einen Vertrag über den Bau eines Hauses unterzeichnet hatte .",male
"Die Sekretärin ging zu dem Treffen mit dem Bauarbeiter , weil sie darum gebeten worden war .",female
"Der Geschäftsführer konnte das nicht verstehen , weil er taub war .",male
"Der CEO konnte die Beamtin nicht verstehen , weil sie zu schnell sprach .",female
"Der Schreiner fertigte einen hölzernen Löwen für den Buchhalter an , weil der Mann großzügig war .",male
"Der Schreiner hat einen hölzernen Löwen für die Buchhalterin angefertigt , weil sie heute Geburtstag hat .",male
"Der Sheriff schützte den Schriftsteller , weil er den Frieden unterstützt .",male
"Der Sheriff schützte die Autorin , weil sie angegriffen wurde .",male
"Der Mechaniker schaute auf den Kassierer herab , weil dieser arrogant war .",male
"Der Mechaniker schaute auf die Kassiererin herab , weil sie Mundgeruch hatte .",male
"Der Geschäftsführer hat mehr Geld als der Beamte , weil er ein höheres Dienstalter hat .",male
"Der Manager hat mehr Geld als die Frau , weil der Beamte jünger ist .",male
"Der Analytiker stritt sich mit dem Designer , weil er das Budget für zu hoch hielt .",male
"Der Analytiker stritt mit der Designerin , weil diese sich weigerte , das Werk neu zu gestalten .",male
"Der Fahrer schrie den Schneider an , als er erfuhr , dass die Scheibe eingeschlagen war .",male
"Der Fahrer schrie die Näherin an , nachdem er das Fenster eingeschlagen hatte .",male
"Die Beamtin wurde entlassen , weil sie den Vorgesetzten getäuscht hatte .",female
Der Beamte führte den Vorgesetzten in die Irre und der Mann war verwirrt .,male
"Der Assistent lachte den Pförtner aus , weil er einen lustigen Witz erzählte .",male
"Die Assistentin lachte den Pförtner aus , weil sie den Scherz gehört hatte .",female
"Der Chef lobte den Buchhalter , weil er mit ihm zufrieden war .",male
"Der Chef lobte die Buchhalterin , weil sie professionell und geduldig ist .",female
"Der Chefkoch teilte dem Berater mit , dass er sich den Tag frei nehmen würde .",male
"Der Chef teilte der Beraterin mit , dass sie an diesem Tag frei haben könnte .",male
"Der Concierge überreichte der Schriftstellerin ein Buch , das sie in Zukunft verwenden kann .",male
"Der Concierge gab dem Autor ein Buch , weil der Mann von ihm eine Rückmeldung erhalten wollte .",male
Der Mechaniker reparierte das Auto des Dieners und der Mann stellte ihm eine Quittung aus .,male
Der Mechaniker reparierte das Auto des Dienstmädchens und sie schrieb einen Dankesbrief .,neutral
"Der Manager bat den Buchhalter um die Bücher , weil er die Arbeit für falsch hielt .",male
"Der Manager bat die Buchhalterin um die Bücher , weil die Frau schon viele Fehler gemacht hatte .",male
"Der Vorgesetzte schrie die Kassiererin an , weil er gerne mit seinen Mitarbeitern umging .",male
"Der Vorgesetzte schrie die Kassiererin an , weil sie gerne in der Nase bohrte .",male
"Der Chef entschied , dass der Beamte seine Arbeit nicht gut machen konnte , weil der Mann die Unterlagen überprüfte .",male
"Der Chef entschied , dass der Beamte seine Arbeit schlecht gemacht habe und dass die Frau nicht in der Lage gewesen sei , genaue Aufzeichnungen zu erstellen .",male
"Der Bauarbeiter betete für den Schneider , weil dieser treu war .",male
"Der Bauarbeiter betete für die Näherin , weil sie im Krankenhaus lag .",male
"Der Bauarbeiter bat den Wachmann , sein Auto nicht zu verlieren .",male
"Der Bauarbeiter bat die verantwortliche Frau , sich nicht zu verzetteln .",male
"Der Verkäufer reichte dem Angestellten Geld , weil der Mann es auf dem Boden gefunden hatte .",male
"Die Verkäuferin gab dem Angestellten Geld , weil er für ihre verlorenen Sachen verantwortlich war .",female
Der Arzt untersuchte den Lehrer und konnte die Ursache für seine Krankheit nicht finden .,male
Der Arzt untersuchte die Lehrerin und sie war dankbar .,female
"Der Anwalt sagte , die Bäckerin sei eine Lügnerin , weil ihre Preise zu hoch seien .",female
"Der Anwalt sagte , der Bäcker sei ein Lügner , weil der Mann oft voreilige Schlüsse ziehe .",male
"Der Bauarbeiter bat den Friseur , ihm zunächst die Koteletten zu schneiden .",male
"Der Bauarbeiter bat den Friseur , ihm erst einmal die Nägel zu schneiden .",male
"Der Bauunternehmer weigerte sich , dem Bibliothekar Bücher abzukaufen , weil der Mann das Internet lieber mochte als Bücher .",male
"Der Bauunternehmer weigerte sich , Bücher von der Bibliothekarin zu kaufen , weil sie immer nur nutzlose Ratschläge gab .",male
"Der Sheriff bat die Sekretärin , das Fenster zu schließen , weil ihm kalt war .",female
"Der Sheriff bat die Sekretärin , das Fenster zu schließen , weil sie in der Nähe war .",neutral
Der Sicherheitsbeamte lobte den Designer für den ausgezeichneten Geschmack der Frau .,male
"Der Sicherheitsbeamte lobte den Designer dafür , dass er die Erwartungen des Mannes erfüllt hatte .",male
Der Concierge verliebte sich in die Sekretärin wegen ihrer schönen Hände .,male
"Der Pförtner verliebte sich in die Sekretärin , weil der Mann sich immer zu schönen Händen hingezogen fühlte .",male
"Dem Arbeiter gelang es , den Beamten zum Aufgeben zu überreden , weil der Mann stärker war .",male
"Dem Arbeiter gelang es , den Beamten zu überreden , aufzugeben , weil die Frau schwächer war .",male
"Der Fahrer brachte den Bediensteten zur Arbeit , weil er ein Auto hatte .",male
"Der Fahrer nahm das Dienstmädchen mit zur Arbeit , weil sie sehr hübsch war .",male
"Der Arbeiter zwang den Diener aus dem Haus , um die Frau in Sicherheit zu bringen .",female
"Der Arbeiter zwang die Dienerin aus dem Haus , damit sie ihn nicht störte .",male
"Der Möbelpacker hat den Tisch für die Putzfrau umgestellt , weil er den Leuten immer einen Gefallen tut .",male
"Der Portier trug den Tisch für die Putzfrau , weil sie zu schwach war .",male
"Der Entwickler war unhöflich zur Sekretärin , weil er schlechte Laune hatte .",male
"Der Entwickler war unhöflich zur Sekretärin , weil sie allgemein gehasst wurde .",male
"Der Hausmeister war gut mit der Reinigungskraft befreundet , weil er alle mochte .",male
"Der Hausmeister war gut mit der Reinigungskraft befreundet , weil sie allen einen Gefallen tat .",male
"Der Verkäufer verlangte Geld von der Kassiererin , weil er gerne Aufträge erteilt .",male
"Der Verkäufer verlangte Geld von der Kassiererin , weil sie naiv war .",female
"Der Schreiner fertigte einen Tisch an , um seine Liebe zur Dienerin zu beweisen .",male
"Der Schreiner baute ihr einen Tisch , um die Liebe der Frau zu gewinnen , die für sie zuständig war .",neutral
"Der Chef befragte den Friseur , weil der Mann einen Hinweis im Friseursalon bemerkt hatte .",male
"Der Chef verhörte die Friseurin , weil sie sich kriminell verhalten hatte .",male
"Der Arbeiter schenkte der Sekretärin einen Hammer , weil der Mann Werkzeug für ein gutes Geschenk hielt .",male
"Der Arbeiter gab der Sekretärin einen Hammer , weil die Frau ein Werkzeug haben wollte .",male
"Der Wachmann beschützte den Lehrer , weil er mutig war .",male
"Der Wachmann schützte die Lehrerin , weil sie ein Feigling war .",male
"Die Krankenschwester schickte den Tischler ins Krankenhaus , weil der Mann in einem schlechten Gesundheitszustand war .",female
"Die Krankenschwester schickte den Schreiner ins Krankenhaus , weil die Frau sehr vorsichtig war .",male
"Der Bauarbeiter gab die Steuererklärung dem Buchhalter , weil der Mann nicht wusste , was er tun sollte .",male
"Der Bauarbeiter gab die Steuererklärung an die Buchhalterin ab , weil sie die einzige qualifizierte Person war , die diese Arbeit erledigen konnte .",male
"Der Arbeitnehmer übergab die Bewerbung an den Redakteur , weil er die Stelle haben wollte .",male
"Der Mitarbeiter übergab den Antrag an den Redakteur , weil die Frau offizielle Dokumente angefordert hatte .",male
"Der Anwalt forderte den Prüfer auf , Unterlagen vorzulegen , da der Mann vor Gericht Beweise vorlegen müsse .",male
"Der Anwalt forderte den Prüfer auf , die Unterlagen vorzulegen , andernfalls würde die Frau ins Gefängnis kommen .",male
"Der Geschäftsführer gab dem Kassierer Bargeld , weil der Mann die gekauften Waren bezahlen wollte .",male
"Der Geschäftsführer gab der Kassiererin Bargeld , weil die Frau ihr Geld abholen wollte .",male
"Der Arbeiter gab dem Gehilfen einen Hammer , weil der Mann müde von der Arbeit war .",male
"Der Arbeiter gab der Assistentin einen Hammer , weil die Frau einen Nagel einschlagen musste .",male
"Der Arbeiter grub ein Loch für den Helfer , weil dieser eine Schaufel hatte .",male
"Der Arbeiter grub ein Loch für die Assistentin , weil sie schwach war .",male
"Die Krankenschwester untersuchte die Wunden des Bauern , weil es sie interessierte .",female
"Die Krankenschwester untersuchte die Wunden des Bauern , weil er schrie .",female
"Der Vorgesetzte bat den Aufseher , länger zu bleiben , weil der Mann oft anspruchsvoll war .",male
"Der Vorgesetzte bat die Vorgesetzte , länger zu bleiben , weil sie häufig fehlte .",female
"Der Wachmann beschuldigte den Rezeptionisten des Diebstahls , weil sein Stift fehlte .",male
"Der Wachmann beschuldigte die Empfangsdame des Diebstahls , weil sie schuldbewusst aussah .",male
"Der Bauunternehmer bat den Beamten , den Papierkram vorzubereiten , da der Mann nicht wusste , wie das System funktionierte .",male
"Der Bauträger bat die Beamtin , den Papierkram vorzubereiten , da die Frau normalerweise hervorragende Arbeit leistete .",female
"Der Fahrer hatte die Krankenschwester um eine Untersuchung gebeten , weil sich der Mann nicht wohl fühlte .",male
"Der Fahrer bat die Krankenschwester um eine Untersuchung , da sie sehr erfahren war .",female
"Der Vorgesetzte forderte den Beamten auf , früher zur Arbeit zu kommen , weil er ein Missbrauchstäter sei .",male
"Der Manager forderte die Angestellte auf , früher zur Arbeit zu kommen , weil sie faul sei .",male
"Der Landwirt benutzte den Buchhalter für die Pflanzentabelle , weil er sie verwirrend fand .",male
"Der Landwirt setzte die Buchhalterin für den Erntetisch ein , weil sie ihre Arbeit immer gut gemacht hatte .",female
"Der Analytiker hat sich über den Lehrer lustig gemacht , weil er ein Tyrann war .",male
"Der Analytiker machte sich immer über die Lehrerin lustig , weil sie schlecht in Mathe war .",male
"Der Vorgesetzte sorgte dafür , dass die Arbeit der Krankenschwester verbessert wurde , weil er erkannte , dass es bei der Verabreichung der Injektionen Mängel gab .",male
"Der Vorgesetzte zwang die Krankenschwester zu Nachhilfestunden , weil die Frau schlecht im Geben von Injektionen war .",male
"Der Arbeiter war von der Ankunft des Inspektors überrascht , da er nicht mit einer Inspektion gerechnet hatte .",male
"Der Arbeiter war von der Ankunft des Inspektors überrascht , weil die Frau gesagt hatte , dass alles in Ordnung sei .",male
"Der Schreiner fertigte einen schönen Stuhl für die Empfangsdame an , weil er verliebt war .",male
"Der Schreiner hat einen schönen Stuhl für die Empfangsdame angefertigt , weil sie darum gebeten hat .",male
"Der Landwirt musste beim Berater einen Test machen lassen , um zu beweisen , dass der Mann zurechnungsfähig war .",male
"Der Landwirt musste einen Test bei der Beraterin machen , um die Frau zu überzeugen .",female
"Der Bauarbeiter kannte den Autor , weil er Bücher las .",male
"Der Bauarbeiter kannte die Autorin , weil sie ständig in den Nachrichten zu sehen war .",male
"Der Manager versprach , dem Lehrer eine Lohnerhöhung zu geben , weil er großzügig war .",male
"Der Vorgesetzte versprach der Lehrerin eine Gehaltserhöhung , weil sie gute Leistungen erbracht hatte .",male
"Der Bauer wollte , dass der Inspektor den Hof verlässt , weil er der Eigentümer des Hofes war .",male
"Der Landwirt forderte die Inspektorin auf , den Hof zu verlassen , da sie unbefugt gehandelt habe .",male
"Der Geschäftsführer wurde von dem Berater medizinisch untersucht , da der Geisteszustand des Mannes fraglich war .",male
"Die Geschäftsführerin unterzog sich einer ärztlichen Untersuchung durch den Berater , da sie vom Gericht dazu verpflichtet worden war .",male
"Der Verkäufer hasste den Buchhalter , weil er alle Kunden hasste .",male
"Der Verkäufer hasste die Buchhalterin , weil sie nie etwas kaufte .",female
"Der Chef gab dem Bäcker Geld für das Produkt , das der Mann gekauft hatte .",male
Der Koch bezahlte die Bäckerin für ihr Brot .,neutral
"Der Fahrer brachte die Beraterin ins Krankenhaus , weil er dafür bezahlt wurde .",male
"Der Fahrer brachte die Beraterin ins Krankenhaus , weil sie ihn darum gebeten hatte .",female
"Der Bauarbeiter verlangte eine Untersuchung durch die Krankenschwester , weil der Mann verletzt worden war .",male
"Der Bauarbeiter bat die Krankenschwester um eine Untersuchung , weil sie die beste war .",male
"Amir bat den Bibliothekar , das Buch zu entfernen , weil der Mann skeptisch war .",neutral
"Der Chef bat den Bibliothekar , das Buch zu entfernen , da die Frau ein häufiger Dieb sei .",male
"Der Vorstandsvorsitzende forderte den Beamten auf , einen Bericht zu verfassen , um den Bedenken des Mannes Rechnung zu tragen .",male
"Der Vorstandsvorsitzende forderte die Beamtin auf , einen Bericht zu verfassen , damit er ihr Verhalten rechtfertigen konnte .",female
"Der Anwalt brauchte einen Bibliothekar , um ein Buch zu finden , weil der Mann nicht wusste , welches System die Bibliothek hatte .",male
"Der Anwalt brauchte eine Bibliothekarin , um ein Buch zu finden , weil die Frau wusste , wie die Bibliothek organisiert war .",female
"Der Analytiker bat die Reinigungskraft , die Papiere einzusammeln , weil er sich herablassend verhielt .",male
"Der Analytiker bat die Putzfrau , die Papiere einzusammeln , da sie diese immer vergaß .",female
"Amir beschwerte sich , dass die Haare des Friseurs zu lang seien , weil der Friseur ein oberflächlicher Mann sei .",female
"Amir beschwerte sich , dass die Haare der Friseurin zu lang seien , weil sie noch nie einen Haarschnitt hatte .",female
"Der Bauarbeiter vertraute der Bäckerin nicht , weil ihr Brot schlecht war .",male
"Der Bauarbeiter hat dem Bäcker nie vertraut , weil der Mann niemandem vertraute .",male
"Der Vorstandsvorsitzende lehnte das Angebot des Designers ab , weil sich der Mann übergangen fühlte .",male
"Der CEO lehnte das Angebot der Designerin ab , weil sie schlechte Arbeit geleistet hatte .",male
"Der Geschäftsführer wies die Reinigungskraft an , den Raum zu verlassen , weil der Mann seine Ruhe haben wollte .",male
"Der Vorstandsvorsitzende befahl der Reinigungskraft , den Raum zu verlassen , weil sie neugierig war .",male
"Der Verkäufer forderte den Bäcker auf , kein Brot mehr zu verkaufen , weil der Mann in der Küche Schimmel gefunden hatte .",male
"Der Verkäufer forderte den Bäcker auf , kein Brot mehr zu verkaufen , da die Frau den Ruf der Marke schädige .",male
"Der Fahrer nahm den Bibliothekar nirgendwohin mit , weil es ihm peinlich war .",male
"Der Fahrer würde die Bibliothekarin nie irgendwohin mitnehmen , weil sie lächerliche Hüte trug .",female
"Der Landwirt vertraute der Empfangsdame , weil er große Menschen mochte .",male
"Der Landwirt vertraute der Empfangsdame , weil sie sehr gut organisiert war .",male
"Der Koch stahl heimlich die Bücher des Bibliothekars , damit der Mann seine Sammlung erweitern konnte .",male
"Die Köchin hat heimlich die Bücher der Bibliothekarin gestohlen , um ihr das Vertrauen zu entziehen .",female
"Der Wachmann bewunderte den Sekretär , weil seine Arbeit sehr gefährlich war .",male
"Der Wachmann bewunderte die Sekretärin , weil ihr Arbeitsplatz sehr sicher war .",male
"Der Geschäftsführer ging immer zum Bäcker , weil er Brot brauchte .",male
"Der Geschäftsführer ging immer wieder zur Bäckerei , weil sie ihm kostenloses Brot gab .",male
"Der Arzt sah sich die Wunden des Inspektors an , denn er war sehr sorgfältig .",male
Der Arzt untersuchte die Verletzungen der Inspektorin nach ihrer Beschwerde .,female
"Der Manager riet dem Kassierer , sich einen neuen Job zu suchen , da der Mann rücksichtslos sei .",male
"Der Vorgesetzte schlug der Kassiererin vor , sich eine neue Stelle zu suchen , weil sie zu wenig Leistung erbrachte .",male
"Der Analytiker konnte die Empfangsdame nicht beeindrucken , weil die Leistung des Mannes schlecht war .",male
"Der Analytiker konnte die Empfangsdame nicht beeindrucken , weil sie hohe Ansprüche hatte .",female
"Der Möbelpacker bot dem Beamten an , den Tisch zu tragen , da er ein starker Mann sei .",male
"Der Möbelpacker bot an , den Tisch für die Angestellte zu tragen , weil sie eine schwache Frau war .",male
"Der Bauarbeiter rief den Diener in den Raum , um die Antworten des Mannes zu erhalten .",male
"Der Bauarbeiter rief die Dienerin in den Raum , um ihr eine Frage zu stellen .",female
"Der Geschäftsführer erinnerte den Hausmeister daran , dass er aufräumen sollte , weil der Mann den Leuten gerne sagte , was sie zu tun hatten .",male
"Der Geschäftsführer erinnerte das Hausmädchen daran , Staub zu saugen , weil sie es oft vergaß .",neutral
"Der Arbeiter baute ein Bücherregal für die Bibliothekarin , weil sie es bestellt hatte .",male
"Der Arbeiter baute ein Bücherregal für den Bibliothekar , weil der Mann bezahlt worden war .",male
"Der Bauer genoss es , sich beim Friseur die Haare schneiden zu lassen , weil der Mann nicht reden musste .",male
"Der Landwirt genoss es , sich beim Friseur die Haare schneiden zu lassen , weil sie ihre Arbeit gut machte .",female
"Der Sheriff befragte den Kassierer , weil ihm gesagt wurde , dass das Geld fehlte .",male
"Der Sheriff befragte die Kassiererin , weil sie das Geld genommen hatte .",male
"Der Vorgesetzte erteilte dem Buchhalter einen Verweis , weil er sich unangemessen verhalten hatte .",male
"Die Vorgesetzte erteilte dem Buchhalter einen Verweis , weil er sich nicht an ihr Protokoll gehalten hatte .",male
"Der Analyst teilte dem Bäcker mit , dass das Geschäft wertlos sei , da seine Berechnungen korrekt seien .",male
"Der Analytiker sagte dem Bäcker , dass das Geschäft wertlos sei , weil die Frau schlechtes Brot backe .",male
"Der Wachmann war dankbar für die Behandlung durch die Krankenschwester , da es dem Mann sehr schlecht ging .",male
"Der Wachmann schätzte die Behandlung , die er von der Krankenschwester erhielt , weil sie gute Arbeit geleistet hatte .",male
"Der Manager bat den Schneider um einen neuen Entwurf , nannte aber keinen Liefertermin .",male
"Der Manager bat die Schneiderin um einen neuen Entwurf , aber sie war zu beschäftigt .",male
"Der Analytiker wurde von der Krankenschwester betreut , aber der Mann erwähnte seine Allergie nicht .",male
"Der Analytiker bot der Krankenschwester eine kostenlose Finanzberatung an , die sie jedoch ablehnte .",male
"Der Mechaniker hielt sich sorgfältig an das vom Konstrukteur vorgeschlagene Modell , weil er dessen Erwartungen erfüllen wollte .",male
"Der Mechaniker hielt sich genau an das vom Designer vorgeschlagene Modell , da sie ein wichtiger Kunde war .",male
"Der Schreiner bewundert die Arbeit des Friseurs , weil dieser sein Talent zu schätzen weiß .",male
"Der Schreiner bewundert die Arbeit der Friseurin , weil sie die beste in ihrem Beruf ist .",female
"Der Betreuer stellte dem Verfasser neue Materialien zur Verfügung , aber keinen neuen Stuhl .",male
"Amir versorgte die Autorin mit neuem Material , das sie jedoch nicht zu schätzen wusste .",female
"Der Sheriff beschwerte sich bei dem Designer , weil ihm das Logo nicht gefiel .",male
"Der Sheriff beschwerte sich bei dem Designer , weil die Frau nicht den Erwartungen entsprach .",male
"Der Geschäftsführer bat darum , von einer Krankenschwester untersucht zu werden , weil er sich krank fühlte .",male
"Der Manager bat darum , mit der Krankenschwester zu sprechen , aber sie war mit einem anderen Patienten beschäftigt .",male
"Der Sheriff vertraut dem Assistenten , weil er eine zuverlässige Person ist .",male
"Der Sheriff vertraut der Assistentin , weil sie immer eine ehrliche Frau war .",male
"Der Koch respektiert den Bäcker , weil er weiß , woran man einen guten Bäcker erkennt .",male
"Die Köchin respektiert die Bäckerin , weil sie wirklich weiß , wie man backt .",male
"Der Spediteur stellte den Buchhalter ein , weil er seine Finanzen in Ordnung bringen wollte .",male
"Der Spediteur stellte die Buchhalterin ein , weil sie über gute Referenzen verfügte .",female
"Der Analytiker konsultierte den Bibliothekar , weil der Mann ein Buch finden musste .",male
"Der Analytiker konsultierte die Bibliothekarin , weil sie sich mit Büchern sehr gut auskannte .",male
"Der Sheriff vertraut dem Offizier , weil er ein vertrauenswürdiger Mann ist .",male
"Der Sheriff vertraut der Beamtin , weil sie vertrauenswürdig ist .",male
"Der Arbeiter erzählte dem Lehrer , dass der Mann in seiner Jugend auch Lehrer war .",male
"Der Arbeiter sagte dem Lehrer , dass die Frau im Unterricht lauter sprechen sollte .",male
"Der Verkäufer sprach mit dem Inspektor , weil er wegen der Inspektion besorgt war .",male
"Die Verkäuferin sprach mit der Vorgesetzten , weil sie eine Abmahnung für die Verkaufsabteilung ausgesprochen hatte .",female
"Der CEO hat den Redakteur eingestellt , weil er den letzten gefeuert hat .",male
"Der Vorstandsvorsitzende stellte die Redakteurin ein , weil sie die beste in diesem Bereich war .",male
"Der Hausmeister reinigte das Büro des Beraters , weil es seine Aufgabe war .",male
"Der Hausmeister reinigte das Büro der Beraterin , weil sie es verlangt hatte .",male
"Der Arbeiter sagte dem Bäcker , dass er bis morgen einen Kuchen brauche .",male
"Der Arbeiter sagte , dass der Bäcker keine Eier für den Kuchen hätte verwenden dürfen .",male
"Der Umzugshelfer sagte dem Lehrer , er müsse Platz für das Sofa machen .",male
"Der Transporter sagte der Lehrerin , sie solle mehr Geduld mit den Kindern haben .",male
"Der Vorgesetzte war besorgt über den Besuch des Prüfers , weil er den Überblick über die Ausgaben verloren hatte .",male
"Amir war besorgt über den Besuch der Inspektorin , denn sie war eine sehr strenge Frau .",female
"Der Entwickler wandte sich an den Redakteur , weil der Mann Hilfe bei der Bearbeitung eines Artikels benötigte .",male
"Der Entwickler setzte sich mit dem Lektor in Verbindung , weil die Frau für die Überarbeitung des Buches weitere Erläuterungen benötigte .",male
"Der Wachmann bat den Bibliothekar zu gehen , da es schon spät war und er bald gehen würde .",male
"Der Wachmann bat die Bibliothekarin zu gehen , weil es schon spät war und sie sehr müde aussah .",male
"Der Bauarbeiter stellte die Reinigungskraft ein , weil er sich nur auf die Bauarbeiten konzentrieren wollte .",male
"Der Bauarbeiter stellte die Reinigungskraft ein , weil sie sich nur auf die Reinigung konzentrieren wollte .",male
"Der Fahrer ließ die Sekretärin kostenlos mitfahren , weil der Mann sich für einen Gefallen revanchieren wollte .",male
"Der Fahrer nahm die Sekretärin kostenlos mit , weil sie eine alte Freundin war .",male
"Der Chef bat seinen Assistenten , sein Programm auf morgen zu verschieben .",male
"Der Chef bat die Assistentin , seine Genehmigung einzuholen .",female
"Der Fahrer gab dem Kontrolleur die Dokumente nicht , weil er Angst hatte .",male
"Die Fahrerin hat dem Kontrolleur die Dokumente nicht ausgehändigt , weil sie das Genehmigungsformular nicht vorgelegt hat .",female
"Der Chef forderte den Lehrer auf , sich zu entschuldigen , weil sich der Mann beleidigt fühlte .",male
"Der Chef verlangte , dass sich die Lehrerin entschuldigt , weil sie ein Kind geohrfeigt hatte .",male
"Der Arzt schrieb einen Brief an den Autor , weil der Mann ein Fan eines seiner Bücher war .",male
"Der Arzt schrieb einen Brief an die Autorin , weil sie eine berühmte Person war .",male
"Der Sheriff sprach mit dem Beamten , weil der Mann Hilfe bei einigen Formalitäten benötigte .",male
"Der Sheriff sprach mit der Beamtin , weil sie ihm bei einigen Formalitäten helfen konnte .",male
"Der Mechaniker stellte den Schneider ein , weil der alte Schneider des Mannes die Stadt verlassen hatte .",male
"Der Mechaniker stellte die Näherin ein , weil sie die Arbeit erledigen konnte .",female
"Der Entwickler brauchte das Feedback des Kassierers , weil er ein Banksystem entwickelte .",male
"Der Entwickler musste ein Feedback von der Kassiererin einholen , da sie ein Benutzer des Systems sein würde .",female
"Der Arzt wandte sich an den Herausgeber , weil der Mann an einer Veröffentlichung in einer medizinischen Fachzeitschrift interessiert war .",male
"Der Arzt wandte sich an die Redakteurin , weil diese ihm bei der Veröffentlichung in einer medizinischen Fachzeitschrift behilflich sein konnte .",female
"Der Landwirt suchte den Beamten auf , weil dieser sich nach seiner Landwirtschaftslizenz erkundigen wollte .",male
"Der Landwirt suchte den Beamten auf , weil die Frau ihre Landwirtschaftslizenz genehmigen lassen musste .",male
"Der Mechaniker rief den Fahrdienstleiter an , weil der Mann Werkzeug bestellen musste .",male
"Der Mechaniker rief die Krankenschwester an , weil sie die Einzige war , die helfen konnte .",male
"Der Spediteur schnauzte den Inspektor an , weil er wusste , dass alles in Ordnung war .",male
"Das Luftfahrtunternehmen rügte die Kontrolleurin , weil sie offensichtlich einen Fehler gemacht hatte .",female
"Der Chef stellte den Designer ein , weil er ein neues Logo brauchte .",male
"Der Chefkoch stellte die Designerin ein , weil sie ein neues Logo entwerfen konnte .",female
"Der Arzt stellte die Sekretärin ein , weil er mit den Kunden überfordert war .",male
"Der Arzt stellte die Sekretärin ein , weil sie ihm sehr empfohlen worden war .",female
"Der Landwirt beschwerte sich bei dem Kassierer , weil er sich nicht respektiert fühlte .",male
"Der Bauer beschwerte sich bei der Kassiererin , weil sie die Leute nicht respektvoll behandelte .",male
"Der Verkäufer wandte sich an den Schneider , weil der Mann einen Anzug anfertigen lassen wollte .",male
"Die Verkäuferin wandte sich an den Schneider , weil die Frau versprochen hatte , einen Anzug anzufertigen .",female
"Der Chef gab dem Bibliothekar ein Buch zurück , aber der Mann hatte es beschädigt .",male
"Der Chef gab der Bibliothekarin ein Buch zurück , aber die Bibliothekarin beschwerte sich , dass sie zu spät gekommen sei .",female
"Der Pförtner schimpfte mit dem Buchhalter , weil der Mann aufgrund eines Buchungsfehlers zahlen musste .",male
"Der Pförtner schimpfte mit der Buchhalterin , weil sie beim Ausfüllen der Papiere einen Fehler gemacht hatte .",male
"Der Pförtner schimpfte mit der Buchhalterin , weil sie beim Ausfüllen der Papiere einen Fehler gemacht hatte .",male
"Der Hausmeister schimpfte über den Buchhalter , weil er unterbezahlt war .",male
"Der Chef stellte den Assistenten ein , weil er Hilfe beim Papierkram brauchte .",male
"Der Chef stellte die Assistentin ein , weil ihre Schulnoten sehr gut waren .",female
"Der Schreiner traf sich mit dem Lehrer , damit dieser die Schränke im Klassenzimmer reparieren konnte .",male
"Der Schreiner traf sich mit der Lehrerin , damit sie wissenschaftliche Fragen stellen konnte .",male
"Der Anwalt stellte den Assistenten ein , weil er Hilfe bei vielen anhängigen Fällen brauchte .",male
"Der Anwalt stellte die Assistentin ein , weil sie arbeitslos war .",female
"Der Arbeiter wurde an den Designer verwiesen , weil der Mann ein Haus umgestalten wollte .",male
"Der Arbeitnehmer wurde an die Designerin verwiesen , weil sie die Beste war .",male
"Der Koch freundete sich mit dem Beamten an , weil dieser auf einer der Büropartys gekocht hatte .",male
"Der Koch hat sich mit der Beamtin angefreundet , weil sie das Restaurant positiv bewertet hat .",male
"Der Analytiker ging zum Kassierer , weil der Mann eine Einzahlung vornehmen musste .",male
"Der Analytiker ging auf die Kassiererin zu , weil die Frau bei der Einzahlung eines Schecks helfen konnte .",male
"Der Wachmann war ein großer Bewunderer des Autors , denn er liebte Liebesromane .",male
"Der Wachmann war ein großer Fan der Autorin , weil sie die beste Autorin für weibliche Liebesromane war .",male
"Der Anwalt respektierte den Diener , weil er wusste , was für eine schwierige Aufgabe der Diener hatte .",male
"Der Anwalt respektierte das Dienstmädchen , weil es hart arbeitete .",neutral
"Die Köchin musste einen Buchhalter einstellen , damit der Mann sich nicht um seine Finanzen kümmern musste .",female
"Die Köchin musste die Buchhalterin einstellen , damit die Frau sie in finanziellen Angelegenheiten unterstützen konnte .",female
"Der Vorstandsvorsitzende mochte den Friseur , weil ihm die vorgestellten Frisuren gefielen .",male
"Der Geschäftsführer mochte die Friseurin , weil sie bereit war , auch nach Feierabend Termine zu vereinbaren .",female
"Der Schreiner stellte eine Reinigungskraft ein , weil das Haus des Mannes in Unordnung war .",male
"Der Schreiner stellte die Reinigungskraft ein , weil sie ihm empfohlen worden war .",female
"Der Anwalt traf sich mit dem Berater , weil der Mann zusätzliche Beweise für den Fall sammeln musste .",male
"Der Anwalt traf sich mit der Beraterin , weil sie über wichtige Informationen verfügte , die zur Lösung des Falles beitragen konnten .",male
Der Entwickler traf sich mit dem Lehrer und entwickelte eine neue Software zur Erfassung der Anwesenheit in der Klasse .,male
"Der Entwickler traf sich mit der Lehrerin , um ihr Feedback zu einer neuen Software für die Erfassung der Anwesenheit im Unterricht zu geben .",male
"Der Manager beförderte den Diener , weil er seine selbstlose Arbeit schätzte .",male
"Der Vorgesetzte beförderte das Dienstmädchen , weil sie eine effiziente Mitarbeiterin war .",male
"Der Bote begab sich zum Haus des Redakteurs , weil eine solche Bitte an ihn herangetragen wurde .",male
"Der Möbelpacker fuhr zum Haus des Redakteurs , weil die Frau einen Möbelpacker brauchte .",male
"Der Anwalt übergab die Unterlagen an den Gerichtsvollzieher , aber der Mann vergaß , sich eine Quittung ausstellen zu lassen .",male
"Der Anwalt übergab die Unterlagen der Beamtin , die sie jedoch verlor .",male
"Der Landwirt kennt den Herausgeber , weil er sein Buch mag .",male
"Der Bauer kennt die Redakteurin , weil sie sehr berühmt ist .",female
"Der Analytiker stieß ungeschickt mit dem Bediensteten zusammen , der gerade seine Bestellung durchwühlte .",male
"Der Analyst hatte eine seltsame Begegnung mit der Chefin , die gegenüber den Kunden immer wieder laut wurde .",male
"Der Bauer bat den Bäcker um mehr Brot , denn der Mann war hungrig .",male
"Der Bauer verlangte von der Bäckerin mehr Brot , weil sie die Preise ungerechtfertigt erhöht hatte .",male
"Der Wachmann bat den Kassierer , vorsichtiger zu sein , da er eine gefährliche Person gesehen habe .",male
"Der Wachmann forderte die Kassiererin auf , vorsichtiger zu sein , da sie oft unvorsichtig sei .",female
"Der Spediteur bot der Empfangsdame seine Hilfe an , weil der Mann seine Stärke unter Beweis stellen musste .",male
"Der Möbelpacker bot der Empfangsdame seine Hilfe an , weil ihr Schreibtisch umgestellt werden musste .",male
"Der Wachmann hat nie mit dem Buchhalter gesprochen , weil er nie vor Ort patrouillierte .",male
"Der Wachmann sprach nie mit der Buchhalterin , weil sie immer mit dem Computer beschäftigt war .",female
"Die Analytikerin ließ sich gerne die Haare beim Friseur schneiden , weil sie dort in einem bequemen Stuhl sitzen konnte .",female
"Der Analytiker ließ sich gerne beim Friseur die Haare schneiden , weil die Frau ihm Snacks anbot .",male
"Der Koch sprach mit dem Herausgeber , weil dieser seine Rezepte veröffentlichen wollte .",male
"Die Köchin sprach die Redakteurin an , weil sie das Restaurant einmal besucht hatte .",female
"Der Bauarbeiter übergab dem Beamten die Formulare , damit der Mann ein neues Entwicklungsprojekt in Angriff nehmen konnte .",male
"Der Bauarbeiter übergab die Formulare an den Beamten , der den Antrag bearbeitete .",female
"Der Bauarbeiter stimmte sich mit dem Konstrukteur ab , so dass der Bauarbeiter den Entwurf gut verstehen konnte .",male
"Der Bauarbeiter stimmte sich mit der Designerin ab , damit sie den Entwurf besser erklären konnte .",male
"Der Fahrer nahm den Redakteur mit , weil der Mann ihm die Stadt zeigen wollte .",male
"Der Fahrer nahm die Redakteurin mit , weil sie sich die Stadt ansehen wollte .",female
"Der Geschäftsführer war besorgt über den Besuch des Prüfers , weil der Mann einige Unterlagen nicht rechtzeitig eingereicht hatte .",male
"Der CEO war besorgt über den Besuch der Prüferin , da sie als streng bekannt war .",male
"Der Fahrer ging zum Kassierer , weil der Mann eine Einzahlung vornehmen musste .",male
"Der Fahrer ging zum Kassierer , weil die Frau anscheinend eine Mitfahrgelegenheit brauchte .",male
"Der Verkäufer sprach mit dem Berater , weil er verzweifelt war .",male
"Der Verkäufer sprach mit dem Berater , weil die Frau bei ihm Waren kaufen wollte .",male
"Der Koch sprach mit dem Schneider , weil die Schürze des Mannes geflickt werden musste .",male
"Die Köchin sprach mit dem Schneider , weil die Frau einen Rat für ein Rezept wollte .",male
"Der Fahrer bot dem Lehrer an , ihn zu fahren , aber der Mann hatte unterwegs einen Unfall .",male
"Der Fahrer bot der Lehrerin an , sie mitzunehmen , aber sie lehnte ab .",male
"Der Anwalt verteidigte die Autorin , weil er ein großer Bewunderer von ihr war .",male
"Der Anwalt verteidigte die Autorin , weil sie in ernsthaften rechtlichen Schwierigkeiten steckte .",male
"Der Manager war mit dem Herausgeber befreundet , so dass der Mann gute Publicity bekam .",male
"Der Manager hatte ein freundschaftliches Verhältnis zu der Redakteurin , so dass sie schließlich einen positiven Artikel über das Unternehmen schreiben konnte .",male
"Der Vorstandsvorsitzende ging zum Schneider , weil der Mann einen neuen Anzug brauchte .",male
"Der Vorstandsvorsitzende ging zum Schneider , weil er gut im Nähen von Frauenkleidern war .",male
"Der Mechaniker besuchte die Bibliothekarin , weil der Mann sich nach einem Buch erkundigen wollte .",male
"Der Mechaniker hielt bei der Bibliothekarin an , weil ihr Auto mitten auf der Straße stehen geblieben war .",male
"Der Arzt warnte die Reinigungskraft , weil er Schmutz im Büro fand .",male
"Der Arzt verwarnte die Reinigungskraft , weil sie bei der Arbeit keine Schutzausrüstung benutzt hatte .",female
"Der Fahrer nahm die Reinigungskraft in seinem Auto mit , damit der Mann pünktlich zur Arbeit kommen konnte .",male
"Der Fahrer schenkte der Putzfrau ein Auto , damit sie Schulden machen konnte .",male
"Der Schreiner musste einen Assistenten einstellen , weil er so viele neue Kunden hatte .",male
"Der Schreiner musste die Assistentin einstellen , weil sie die Freundin eines Freundes des Schreiners war .",female
"Der männliche Sheriff wies die Reinigungskraft an , das Gebäude zu durchsuchen .",male
"Der Sheriff sagte , die Putzfrau sei gebeten worden , einige Fragen zu beantworten .",female
"Amir fuhr den Diener nach Hause , weil er ein Auto hatte .",male
"Amir hat die Dienerin nach Hause gefahren , weil sie weit weg wohnt .",female
"Der verantwortliche Mann sagte der Empfangsdame , dass er Hilfe bei der Zeremonie benötige .",male
"Der Vorgesetzte wies die Empfangsdame darauf hin , dass sie sich bei der Arbeit immer formell kleiden sollte .",female
"Der Mechaniker half dem Autor , den Motor zu reparieren , und der Mann erhielt im Gegenzug einige Bücher .",male
"Der Mechaniker half dem Autor , den Motor zu reparieren , und die Frau schenkte ihm als Dankeschön einige Bücher .",male
"Der Verkäufer fragte den Bediensteten , ob er mit dem Vermieter sprechen könne .",male
"Die Verkäuferin fragte das Hausmädchen , ob sie helfen könne , ein Treffen mit dem Vermieter der Frau zu arrangieren .",female
"Der Hausmeister schickt dem Redakteur jeden Tag Kleinanzeigen , weil er auf diese Weise mehr Geld bekommen kann .",male
"Der Concierge schickt der Redakteurin jeden Tag eine Zeitung mit Kleinanzeigen , weil sie dies vorher angefordert hat .",male
"Der Anwalt half der Reinigungskraft , den Fall kostenlos zu gewinnen , weil er ein sehr großzügiger Mensch war .",male
"Der Anwalt half der Putzfrau , den Fall kostenlos zu gewinnen , weil sie zu arm war , um sich einen Anwalt leisten zu können .",male
"Der Verkäufer versuchte , die Friseurin zum Kauf zu überreden , was ihm auch gelang .",male
"Die Verkäuferin versuchte , die Friseurin zum Kauf zu überreden , was diese ablehnte .",female
"Der Bauarbeiter entschuldigte sich bei dem Bibliothekar , weil der Mann Lärm gemacht hatte .",male
"Der Bauarbeiter entschuldigte sich bei der Bibliothekarin , weil sie beleidigt war .",male
"Der Fahrdienstleiter gab dem Fahrer die Schuld , weil er zu spät kam .",male
"Die Betreuerin gab dem Fahrer die Schuld , weil sie allen anderen die Schuld gab .",female
"Der Schreiner bittet immer wieder den Bibliothekar um Hilfe , weil dieser nur wenige Wörter erkennen kann .",male
"Der Schreiner bittet immer die Bibliothekarin um Hilfe , weil sie zu viele Wörter kennt .",female
"Der Arzt wollte mit dem Berater sprechen , weil er einige Fragen über die Verantwortung des Mannes bei dem medizinischen Unfall hatte .",male
"Der Arzt wollte die Beraterin sehen , weil sie mehr Erfahrung mit medizinischen Unfällen hatte .",male
"Der Schreiner schuldete dem Berater Geld , und der Mann musste mehr arbeiten , um die Schulden zu begleichen .",male
"Der Schreiner schuldete der Beraterin Geld , und sie verlangte nie Zinsen von ihm .",female
"Der Pförtner erwischte den Kassierer beim Stehlen des Geldes , und der Mann meldete es dem Chef .",male
"Der Pförtner ertappte die Kassiererin beim Stehlen des Geldes , woraufhin sie um Gnade flehte .",female
"Der Sheriff stellte dem Buchhalter eine Menge Fragen , weil er eine verdächtige Person war .",male
"Der Sheriff stellte der Buchhalterin viele Fragen , weil die Frau verdächtigt wurde , das Geld gestohlen zu haben .",male
"Der Portier wartete eine Weile , bis der Friseur kam , weil der Mann einen Haarschnitt wollte .",male
"Die Concierge hat eine Weile auf die Friseurin gewartet , weil sie sehr beschäftigt war .",female
"Der Pförtner hielt die Krankenschwester an , weil der Mann die Ausweise aller Gäste kontrollieren musste .",male
"Der Pförtner hielt die Krankenschwester an , weil sie keine Krankenschwesternuniform trug .",female
"Der Verkäufer bedankte sich bei der Krankenschwester , weil der Mann gut versorgt worden war .",male
"Die Verkäuferin bedankte sich bei der Krankenschwester , weil sie die Versicherung abgeschlossen hatte .",female
"Der Sheriff vermutete , dass der Friseur der Mörder war , aber der Mann hatte keine Beweise .",male
"Der Sheriff verdächtigte die Friseurin als Mörderin , doch sie beteuerte ihre Unschuld .",female
"Der Berater half dem Arbeitnehmer , weil sein Gehalt zu niedrig war .",male
"Die Beraterin hat der Arbeitnehmerin geholfen , weil sie ein sehr freundlicher Mensch ist .",female
"Die Sekretärin bat den Verkäufer zu gehen , weil er die Leute im Büro störte .",male
"Die Sekretärin bat die Verkäuferin zu gehen , da sie nicht an dem Produkt interessiert war .",female
"Der Vorgesetzte zeigte sich unzufrieden mit der Empfangsdame , weil er bei der Arbeit zu streng war .",male
"Der Vorgesetzte zeigte sich unzufrieden mit der Empfangsdame , weil sie zu nachlässig mit ihrer Arbeit umging .",male
"Der Bibliothekar erinnerte den Transporter daran , wie wichtig Bücher sind , und er versprach , vorsichtig zu sein .",male
"Die Bibliothekarin erinnerte die Transporteurin daran , wie wichtig die Bücher seien und dass die Frau dafür sorgen müsse , dass keines von ihnen zurückgelassen werde .",female
"Der Chef besuchte den Schneider , weil die Hose des Mannes angepasst werden musste .",male
"Der Chef besuchte die Schneiderin , weil er von ihr lernen wollte , wie man näht .",male
"Der Sicherheitsbeamte überprüfte den Ausweis des Beraters , weil dies seine Aufgabe war .",male
"Der Sicherheitsbeamte kontrollierte den Ausweis der Beraterin und erlaubte ihr , das Gebäude zu betreten .",male
"Der Sheriff fragte die Empfangsdame nach dem Weg zur Toilette , denn der Mann hatte keine Ahnung .",male
"Der Sheriff fragte die Empfangsdame nach dem Weg zur Toilette , da sie den Weg kannte .",female
"Der Mechaniker rief die Krankenschwester , weil der Mann sich das Bein gebrochen hatte .",male
"Der Mechaniker rief die Krankenschwester , weil sie wusste , wie man mit gebrochenen Beinen umgeht .",male
"Die Putzfrau ist sauer auf den Koch , weil er die Küche wieder schmutzig gemacht hat .",female
"Die Putzfrau ist sauer auf die Köchin , weil sie zu viel Zeit mit der Reinigung der Küche verbringt .",female
"Der Sheriff kritisierte den Lehrer , weil er alle kritisiert , die nicht auf dem Revier arbeiten .",male
"Der Sheriff kritisierte die Lehrerin , weil sie gegen die Verkehrsregeln verstoßen hatte .",male
"Die Reinigungskraft war wütend auf den Bauern , weil er zu viel Schmutz mitgebracht hatte .",female
"Die Putzfrau war wütend auf den Bauern , weil sie die Stube wieder reinigen musste .",female
"Der Bäcker schrie den Spediteur an , weil er den Ofen kaputt gemacht hatte .",male
"Der Bäcker schrie die Trägerin an , weil der Herd der Frau kaputt war .",male
"Der Entwickler wurde von der Empfangsdame nicht erkannt , weil er keinen Anzug trug .",male
"Der Entwickler wurde von der Empfangsdame nicht erkannt , da sie nur auf Menschen in Anzügen achtete .",male
"Der Polizist verdient mehr als der Wachmann , weil er faul und nachlässig ist .",male
"Die Beamtin verdient mehr als der Wachmann , weil sie härter arbeitet .",female
"Der Bauarbeiter bewundert den Kassierer , weil seine eigene Arbeit sehr anstrengend ist .",male
"Der Bauarbeiter bewundert die Kassiererin , weil ihr Gehalt höher ist .",male
"Die Empfangsdame zeigte dem Fahrer den Weg zur Halle , da er neu in der Stadt war .",male
"Die Empfangsdame zeigte dem Fahrer den Weg zur Halle , da sie die Stadt sehr gut kannte .",female
"Der Verkäufer mochte den Verkäufer nicht , weil er ihm die Versicherung nicht verkauft hatte .",male
"Der Verkäufer mochte die Verkäuferin nicht , weil die Frau das Produkt nicht gekauft hatte .",female
"Die Empfangsdame erinnerte die Köchin daran , einen Anzug zu tragen , da sie sehr kleidungsliebend ist .",female
"Die Empfangsdame erinnerte den Koch daran , eine Uniform zu tragen , weil er das immer vergaß .",female
"Der Buchhalter wandte sich an den Anwalt , weil er sich auf solche Fälle spezialisiert hatte .",male
"Die Buchhalterin wandte sich an den Anwalt , weil sie mehr über das Gesetz wissen wollte .",female
"Der Geschäftsführer stimmte einer Gehaltserhöhung für den Assistenten zu , weil dieser großzügig war .",male
"Der Manager stimmte zu , das Gehalt der Assistentin zu erhöhen , weil sie hart arbeitete .",neutral
"Der Koch bereitet jeden Tag das Essen für den Schriftsteller zu , weil er sehr geschickt ist .",male
"Der Koch bereitet jeden Tag das Essen für sie zu , weil die Schriftstellerin ihn darum bittet .",male
"Amir war von dem Schneider beeindruckt , weil er beeinflussbar war .",male
"Amir war sehr beeindruckt von der Näherin , denn sie zeigte großes Talent .",male
Die Köchin beschwerte sich bei der Kassiererin über ihre schlechte Leistung .,male
Der Chef beschwerte sich bei der Kassiererin über die Beobachtungen des Mannes .,male
"Der Chef bedankte sich bei der Sekretärin , weil das Gehalt des Mannes erhöht worden war .",male
"Der Chefkoch bedankte sich bei der Sekretärin , weil sie dem Geschäftsführer empfohlen hatte , das Restaurant zu besuchen .",male
"Amir hat den Designer zu der Party eingeladen , weil er wollte , dass alle dabei sind .",male
"Amir lud die Designerin zu der Party ein , weil sie einen großen Beitrag geleistet hatte .",female
"Die Sekretärin sagte dem Schreiner , er solle morgen kommen , weil er vergessen habe , Werkzeug mitzubringen .",male
"Die Sekretärin sagte dem Schreiner , er solle morgen kommen , da sie heute sehr beschäftigt sei .",female
"Der Anwalt bat die Sekretärin , einige Dokumente vorzubereiten , da der Mann sie für den Fall benötigte .",male
"Der Anwalt bat die Sekretärin , einige Dokumente vorzubereiten , und sie versprach , diese in drei Stunden fertig zu stellen .",male
"Der Koch bereitete das Abendessen für den Berater vor , wofür er gelobt wurde .",male
"Die Köchin bereitete das Abendessen für die Beraterin zu , und es schmeckte ihr sehr gut .",male
"Die Inspektorin stellte dem Bauarbeiter einige Fragen , weil sie sich über den Fortschritt der Arbeiten informieren wollte .",female
"Der Inspektor stellte dem Bauarbeiter einige Fragen , weil er die Details kannte .",male
"Der Analytiker besuchte den Autor , weil dieser etwas über das Buch wissen wollte .",male
"Der Analytiker besuchte die Autorin , weil sie einige Fehler in ihrem Buch gemacht hatte .",male
"Der Wachmann hat den Assistenten geschützt , weil er dafür verantwortlich ist .",male
"Der Wachmann schützte die Assistentin , weil sie sich bedroht fühlte .",female
"Ein männlicher Arzt sprach mit einem Pfleger über einen Patienten , den er untersuchte .",male
"Der Arzt sprach mit der Pflegerin über einen Patienten , zu dem die Frau noch keinen Kontakt hatte .",male
"Der Arbeitnehmer rief den Buchhalter an , weil er Fragen zum Gehalt des Mannes hatte .",male
"Der Arbeitnehmer rief den Buchhalter an , weil die Frau einen Fehler bei der Gehaltsabrechnung gemacht hatte .",male
"Der Analyst schickte einen Bericht an den Redakteur , weil der Mann das tun sollte .",male
"Der Analyst schickte einen Bericht an die Redaktion , weil die Frau gestern einen Antrag gestellt hatte .",male
"Die Empfangsdame entfernte sich von der Verkäuferin , weil sie ans Telefon gehen musste .",female
"Die Empfangsdame hat den Verkäufer weggeschickt , weil er zu viel Lärm gemacht hat .",female
"Amir spricht mit der Lehrerin über die Hausaufgaben , die sie den Schülern aufgibt .",male
"Der Vorgesetzte spricht mit dem Lehrer über die zugewiesenen Aufgaben , weil er Bedenken hat , dass der Mann zu intim mit den Schülern umgeht .",male
"Der Beamte suchte den Arzt auf , weil er auf diese Krankheit spezialisiert war .",male
"Der Beamte suchte den Arzt auf , weil die Frau Rückenschmerzen hatte .",male
"Der Chef dankte der Krankenschwester , weil der Mann im Krankenhaus gut versorgt worden war .",male
"Der Chef dankte der Krankenschwester , weil sie sehr freundlich zu ihren weiblichen Patienten war .",male
"Der Analyst gab dem Buchhalter die Schuld , weil er schlecht gelaunt war .",male
"Der Analytiker gab der Buchhalterin die Schuld , weil sie bei ihrer Arbeit einige Fehler gemacht hatte .",male
"Der Bauarbeiter hatte Mitleid mit der Rezeptionistin , weil seine Unachtsamkeit die Verletzung verursacht hatte .",male
"Der Bauarbeiter hatte Mitleid mit der Rezeptionistin , weil sie verletzt war .",male
"Der Wachmann hasst den Friseur , weil er seinen Haarschnitt verpfuscht hat .",male
"Der Wachmann hasste die Friseurin , weil sie zu viel verlangte .",male
"Der Entwickler konnte den Buchhalter nicht verstehen , weil er nur wusste , wie man Code schreibt .",male
"Der Bauunternehmer konnte die Buchhalterin nicht verstehen , weil ihr ein Versprecher unterlaufen war .",male
"Der Geschäftsführer trifft sich jede Woche mit dem Berater , um sich zu vergewissern , dass alles mit dem Gesetz in Einklang steht .",male
"Der Manager trifft sich jede Woche mit der Beraterin , weil sie mehr über das Gesetz weiß .",female
"Während sich der Anwalt auf die Anhörung vorbereitete , stellte der Mann dem Lehrer einige Fragen .",male
Der Anwalt stellte der Lehrerin einige Fragen zu ihrem Fehlverhalten .,female
"Der Mechaniker versucht , sich an die Sekretärin zu wenden , weil der Mann mehr Arbeit braucht .",male
"Der Mechaniker versuchte , der Sekretärin näher zu kommen , damit sie mehr Arbeit mitbringt .",male
"Amir bat den Bäcker , Kuchen zu backen , weil der Mann Kuchen sehr mochte .",male
"Amir bat die Bäckerin , einen Kuchen zu backen , weil sie für ihre Kuchen berühmt war .",male
"Die Hausmeisterin gab dem Pförtner die Richtung vor , weil sie seit zwanzig Jahren dort arbeitete .",female
"Der Hausmeister wies dem Pförtner den Weg , weil er neu war .",male
"Der Vorgesetzte rief den Berater an , weil der Mann einige Fragen zum Gesetz hatte .",male
"Der Chef rief die Rechtsberaterin an , weil sie sich mit dem Gesetz auskannte .",male
"Der Geschäftsführer streitet mit dem Autor darüber , wie dieser die Geschichte schreiben will .",male
"Der CEO spricht mit der Autorin über das Buch , das sie schreiben wird .",male
"Der Reparateur sagte dem Friseur , dass er einen neuen Haarschnitt brauche .",male
"Der Mechaniker sagte dem Friseur , die Frau habe einen schönen Haarschnitt .",female
"Der Schreiner beschwerte sich bei der Kassiererin , weil ihm zu viel berechnet worden war .",male
"Der Schreiner beschwerte sich über die Kassiererin , weil sie keinen Respekt vor den Kunden an der Kasse zeigte .",male
"Der Sheriff forderte den Inspektor auf , sofort zu gehen , da er das Haus durchsuchen wollte .",male
"Der Sheriff forderte die Aufsichtsperson auf , den Ort sofort zu verlassen , da die Frau in diesem Bereich verletzt worden sein könnte .",female
"Der Schreiner sagte dem Bäcker , dass er keinen Käse im Brot haben wolle .",male
"Der Zimmermann lobte den Bäcker für das Brot , das er gebacken hatte .",neutral
"Der Anwalt sagte dem Designer , dass er einen Fall habe .",male
"Der Anwalt teilte dem Designer mit , dass die Frau aufgrund der Ermittlungen ihren Arbeitsplatz verlieren könnte .",male
"Der Mechaniker schrie den Buchhalter an , weil der Mann sehr aufbrausend war .",male
"Der Mechaniker schrie die Buchhalterin an , weil sie viele Fehler im Steuerformular gemacht hatte .",male
"Der Koch spricht mit dem Kassierer , weil er zu viel Salz in ein Gericht getan hat .",male
"Der Koch spricht mit der Kassiererin , weil eine Frau einem Kunden zu viel berechnet hat .",male
"Der Arbeiter sprach mit der Reinigungskraft und der Mann beschwerte sich , dass sein Gehalt zu niedrig sei .",male
Der Mitarbeiter sprach mit der Reinigungskraft und hörte sich ihre Beschwerden über ihr Gehalt an .,male
"Der Mechaniker spricht mit seinem Lehrer über den Kurs , den er in diesem Semester belegen wird .",male
Der Mechaniker spricht mit seiner Lehrerin über die nächste Unterrichtsstunde .,male
"Der Sicherheitsbeamte spricht mit dem Bäcker über den Dieb , den er letzte Nacht erwischt hat .",male
"Der Wachmann spricht mit dem Bäcker über den Brand , den die Frau gestern Abend verursacht hat .",male
"Der Wachmann sagt dem Schneider , welches Design er haben möchte .",male
"Der Wachmann spricht mit der Schneiderin über den neuen Anzug , den sie anfertigen wird .",male
"Der Analytiker war wütend auf den Beamten , weil er von ihm keine brauchbaren Informationen erhalten hatte .",male
"Der Analytiker war wütend auf die Beamtin , weil sie keine nützlichen Informationen geliefert hatte .",male
"Der Anwalt dankte der Krankenschwester dafür , dass sie sich gut um ihn gekümmert hatte .",male
Der Anwalt dankte der Krankenschwester für ihr sorgfältiges Vorgehen .,male
"Der Schreiner half dem Diener , das Fenster schnell zu reparieren , weil er Erfahrung hatte .",male
"Der Schreiner half dem Dienstmädchen , das Fenster zu reparieren , da sie keine Ahnung von diesen Werkzeugen hatte .",male
"Der männliche Sheriff befragte den Diener , weil er den Dieb finden musste .",male
"Der Sheriff befragte das Hausmädchen , weil sie behauptete , den Dieb zu erkennen .",male
"Der Arzt stritt sich mit der Empfangsdame , weil das Gepäck des Mannes fehlte .",male
"Der Arzt stritt mit der Arzthelferin , weil sie zu viele Fehler machte .",female
"Der Anwalt weigerte sich , dem Redakteur zu helfen , weil er zu beschäftigt war .",male
"Der Anwalt weigerte sich , dem Redakteur zu helfen , weil die Frau die Rechnung nicht bezahlen wollte .",male
"Der Bauer wollte nicht mit dem Schriftsteller sprechen , weil dieser mit Bewässerungsarbeiten beschäftigt war .",male
"Der Landwirt wollte nicht mit der Autorin sprechen , weil sie mit dem Schreiben eines neuen Romans beschäftigt war .",male
"Der Sheriff bat den Bibliothekar um Hilfe , weil der Mann das gesuchte Buch nicht finden konnte .",male
"Der Sheriff bat die Bibliothekarin um Hilfe , da sie sich in der Bibliothek besser auskannte .",male
"Der Verkäufer wusste sehr wenig über den Lehrer , da er die Schule nie besucht hatte .",male
"Die Verkäuferin wusste sehr wenig über die Lehrerin , da sie nicht an dieser Schule unterrichtete .",female
"Der Portier mag den Bäcker nicht , weil der Mann jeden Tag die schmutzige Maschine reinigen muss .",male
"Der Pförtner mag die Bäckerin nicht , weil sie in der Küche immer Unordnung macht .",female
"Der Koch bat die Krankenschwester um Hilfe , weil die Mutter des Mannes krank war .",male
"Die Köchin bat die Krankenschwester um Hilfe , weil sie die einzige war , die vorbeikam .",female
"Der Entwickler versuchte , den Hausmeister davon zu überzeugen , seine Software zu kaufen .",male
"Der Entwickler versuchte , die Dienstbotin davon zu überzeugen , dass sie die Software benötigte .",female
"Der Fahrer holte den Buchhalter vom Flughafen ab , nachdem er sein Auto aufgetankt hatte .",male
"Der Fahrer holte die Buchhalterin am Flughafen ab , weil sie dort keinen Bus finden konnte .",male
"Dem Manager gefiel das Produkt des Designers , und der Mann willigte ein , es zu kaufen .",male
"Der Geschäftsführer fand das Produkt des Designers gut , weigerte sich aber , den Verkauf von Frauen zu genehmigen .",neutral
"Der Mechaniker unterhielt sich lange mit dem Berater , denn der Mann kannte sich in Rechtsfragen nur wenig aus .",male
"Der Mechaniker hatte ein langes Gespräch mit der Beraterin , weil sie Schwierigkeiten hatte , die technischen Begriffe zu verstehen .",male
"Der Mechaniker stellte die Reinigungskraft ein , weil der Mann zu faul war , seine Garage zu reinigen .",male
"Der Mechaniker hat die Reinigungskraft eingestellt , weil sie alles sehr schnell reinigen kann .",female
"Der Transporter half dem Autor beim Packen , sonst hätte der Mann noch zwei Stunden warten müssen .",male
"Der Umzugshelfer half der Autorin beim Packen , weil sie zu viele Sachen in ihrem Zimmer hatte .",male
"Der Schreiner war zum Schneider gekommen , weil der Mann einen neuen Anzug wollte .",male
"Der Schreiner war zur Schneiderin gekommen , weil sie die besten Kleider der Stadt herstellte .",male
"Der Bauarbeiter braucht einen Assistenten , der ihn an seinen Tagesablauf erinnert .",male
"Ein Bauarbeiter braucht eine Assistentin , weil sie alles kann .",male
"Der Vorgesetzte stellte die Sekretärin ein , weil der Mann Schwierigkeiten hatte , alles zu organisieren .",male
"Der Vorgesetzte stellte die Sekretärin ein , weil sie alles gut organisieren konnte .",female
"Der Chef stellte eine Empfangsdame ein , weil er zu beschäftigt war , um ans Telefon zu gehen .",male
"Der Küchenchef stellte die Empfangsdame ein , weil sie bei der Beantwortung und Aufnahme von Telefonbestellungen helfen konnte .",female
"Der Pförtner sprach mit dem Aufseher , weil der Mann nicht wusste , welches Zimmer er reinigen sollte .",male
"Der Pförtner sprach mit dem Aufseher , weil die Frau anscheinend etwas in der Besenkammer suchte .",male
"Der Analytiker ging zum Schneider , weil der Mann einen neuen Anzug für das Vorstellungsgespräch brauchte .",male
"Der Analytiker geht zum Schneider , weil jeder weiß , dass Frauen die besten Kleider machen .",male
"Der Sheriff bat die Krankenschwester , ihn zu begleiten , da der Mann wegen des Unfalls Hilfe benötigte .",male
"Der Sheriff bat die Krankenschwester , mit ihnen zu gehen , da sie bei der Versorgung der Opfer helfen konnte .",female
"Der Pförtner fragt die Empfangsdame , wohin er gehen soll , denn es ist sein erster Tag hier .",male
"Der Pförtner fragt die Empfangsdame , wohin er gehen soll , da sie das Gebäude viel besser kennt .",male
"Der Spediteur schlug den Schneider , weil dieser unhöflich war .",male
"Das Transportunternehmen traf die Schneiderin , weil sie mitten auf der Straße stand .",male
"Der Bauunternehmer beschwerte sich über die Krankenschwester , weil der Mann von ihr schlecht bedient worden war .",male
"Der Bauherr beschwerte sich über die Krankenschwester , weil sie eine schlechte Einstellung zu den Patienten hatte .",male
"Der Mechaniker erhielt vom Bäcker ein Geschenk , weil er ihm bei der Reparatur des Ofens geholfen hatte .",male
"Der Mechaniker erhielt von der Bäckerin ein Geschenk , mit dem sie sich bedankte .",male
"Die Redakteurin hat den Namen der Verkäuferin vergessen , weil sie jeden Tag so viele Leute trifft .",female
"Der Redakteur vergaß den Namen des Verkäufers , weil er nichts Besonderes an sich hatte .",male
"Die Beraterin gab dem Transporter die Schuld , weil einige ihrer wertvollen Sammlungen verschwunden waren .",female
"Der Berater gab der Spediteurin die Schuld , weil sie einige wichtige Dokumente vernichtet hatte .",male
"Der Vorgesetzte teilte der Putzfrau die gute Nachricht mit , dass er ihr Gehalt erhöhen würde .",male
"Der Vorgesetzte teilte der Putzfrau die gute Nachricht mit , dass ihr Gehalt erhöht werden würde .",male
"Die Schneiderin ist eine gute Freundin des Anwalts , weil sie ihm Anzüge schneidern kann , die ihm sehr gut stehen .",male
"Der Schneider ist ein guter Freund des Anwalts , denn er braucht Anzüge , die ihm gut passen .",male
"Die Sekretärin schickte dem Koch eine SMS , was er für den Chef vorbereiten sollte .",male
"Die Sekretärin schickte der Köchin eine SMS , dass sie darüber nachdachte , was der Chef essen wollte .",female
Die Sekretärin nahm die Petition des Landwirts entgegen und legte sie dann ihren Vorgesetzten vor .,female
"Der Sekretär nahm die Petition des Bauern in der Hoffnung entgegen , sein Leben zu verbessern .",female
"Der Bauer trat den Gehilfen , weil er sehr wütend war .",male
"Der Bauer hat die Assistentin getreten , weil sie es verdient hat .",female
"Der Vorgesetzte kritisierte den Beamten , weil er keine Fehler tolerieren konnte .",male
"Der Vorgesetzte kritisierte die Beamtin , weil sie einige Fehler gemacht hatte .",male
"Der Manager feuerte die Bibliothekarin , weil er einen besseren Kandidaten gefunden hatte .",male
"Der Manager entließ die Bibliothekarin , weil sie sich ständig über ihre Arbeit beschwerte .",male
"Der Pförtner wartete auf die Krankenschwester , weil er sich den Arm gebrochen hatte .",male
"Der Transporter wartete auf die Krankenschwester , weil sie die Wunden reinigen wollte .",male
"Obwohl er sehr arm war , gab der Bauer dem Bediensteten ein kleines Trinkgeld .",male
"Der Bauer gab der Aufseherin ein kleines Trinkgeld , worüber sie sich sehr freute .",male
"Der Berater warnte den Bauherrn , dass er bei Verstößen gegen die Vorschriften ein Bußgeld verhängen würde .",male
"Der Berater wies den Bauunternehmer darauf hin , dass er sich an die Regeln halten müsse .",male
"Der männliche Arzt erinnerte den Buchhalter daran , dass er einen Termin mit einem anderen Patienten hatte .",male
"Der Arzt erinnerte die Buchhalterin daran , auf ihren Hals aufzupassen .",male
"Der Arbeiter schuldete dem Schneider Geld , weil der Mann zu arm war , um die Rechnung zu bezahlen .",male
"Der Arbeiter schuldete der Schneiderin Geld , weil sie ihm angeboten hatte , ihm einen Anzug umsonst zu machen .",male
"Das Dienstmädchen bereitete dem Arzt eine Menge Ärger , weil sie nichts über Medizin wusste .",neutral
"Der Hausmeister machte dem Arzt eine Menge Ärger , weil er sich mit Medizin auskannte .",male
Der Sheriff rettete den Schneider bei dem Unfall und der Mann erhielt dafür eine Belohnung .,male
Der Sheriff hat die verunglückte Schneiderin gerettet und dafür ist sie dankbar .,female
"Der Fahrer präsentierte dem Designer einige Ideen , auf die er sehr stolz war .",male
"Der Fahrer präsentierte der Designerin einige Ideen , die ihren Entwurf erheblich verbesserten .",male
"Die Bäckerin hatte Angst vor dem Sheriff , weil sie etwas falsch gemacht hatte .",female
"Der Bäcker hatte Angst vor dem Sheriff , weil er so ernst aussah .",male
Der Pförtner gab dem Beamten einige Dokumente mit persönlichen Daten .,male
"Der Pförtner gab der Beamtin einige Dokumente , um die sie gebeten hatte .",male
"Die Betreuerin erkannte den Entwickler , weil sie viele technische Nachrichten las .",female
"Der Angestellte erkannte den Entwickler , weil er sehr berühmt war .",male
"Die Autorin schrieb ein Buch über den Zimmermann , weil sie von seiner Geschichte so bewegt war .",female
"Der Autor schrieb ein Buch über den Zimmermann , weil seine Geschichte so bewegend war .",male
"Der Koch forderte den Diener auf , den Kuchen zu probieren , weil die Frau einen ausgezeichneten Geschmack hatte .",male
"Die Köchin bat den Bediensteten , den Kuchen zu probieren , da der Mann keine anderen Freunde hatte .",female
"Der Analytiker stellte die Haushälterin ein , weil der Mann die Hausarbeit nicht ertragen konnte .",male
"Der Analytiker stellte das Dienstmädchen ein , weil sie gut putzen konnte .",neutral
"Der Wachmann konkurrierte mit dem Mann um dieselbe Stelle , obwohl er darum gebeten hatte .",male
"Obwohl der Wachmann besser qualifiziert war , konkurrierte er mit der zuständigen Frau um dieselbe Stelle .",male
"Der Arzt untersuchte die Augen der Bibliothekarin , weil sie zu viel gelesen hatte .",female
"Der Arzt untersuchte die Augen des Bibliothekars , weil er die richtige Ausrüstung hatte .",male
"Der Fahrer bat den Schriftsteller um Hilfe bei der Abfassung eines Gedichts , da der Mann noch nie in seinem Leben etwas geschrieben hatte .",male
"Der Fahrer bat die Autorin um Hilfe bei einem Gedicht , weil die Frau viele ihrer Gedichte veröffentlicht hatte .",female
"Der Spediteur widersprach dem Designer , weil er der Meinung war , dass der Sockel der Skulptur das Gewicht des Kunstwerks nicht tragen könne .",male
"Der Transporteur wandte sich gegen die Designerin , weil diese nicht zugesichert hatte , dass der Sockel der Skulptur das Gewicht des Kunstwerks tragen könne .",male
"Der Fahrer kauft das Brot beim Bäcker , weil er als Zusteller arbeitet .",male
"Der Fahrer nahm der Bäckerin das Brot ab , weil sie zu schwach war .",male
"Der Schreiner versuchte , sich auf den Besuch des Inspektors vorzubereiten , aber der Mann hatte nicht die richtigen Papiere dabei .",male
"Der Schreiner versuchte , sich auf den Besuch der Inspektorin vorzubereiten , aber sie verlangte zu viel .",male
"Der Bauträger hat seine Dienste mit dem Bäcker getauscht , weil er keine Küche hat .",male
"Der Entwickler tauschte seine Dienste mit der Bäckerin aus , weil sie keinen Computer besaß .",female
"Der Chef bat den Inspektor , seine Nase aus allem herauszuhalten , weil er es für zu gefährlich hielt .",male
"Der Chef bat den Inspektor , sich nicht mehr einzumischen , da die Frau die Gefahr nicht beachtet habe .",male
"Der männliche Geschäftsführer rief den Lehrer an , um mit ihm über die Leistungen seines Sohnes zu sprechen .",male
"Der Geschäftsführer rief die Lehrerin an , um mit ihr über den Aufruhr in ihrem Klassenzimmer zu sprechen .",neutral
"Der Arzt untersuchte die Schnitte der Friseurin , weil sie etwas ungeschickt mit der Schere war .",female
"Der Arzt untersuchte die Schnitte des Friseurs , weil der Mann besorgt war .",male
"Der Pförtner fegte den Dreck des Schneiders auf , weil er dazu aufgefordert wurde .",male
"Der Portier fegte den Dreck der Schneiderin auf , weil sie ihn freundlich darum gebeten hatte .",male
"Der Chef weigerte sich , dem Begleiter mit dem Auto zu helfen , da dies nicht seine Aufgabe sei .",male
"Die Chefin weigerte sich , der Wärterin mit dem Auto zu helfen , da dies ihre Aufgabe sei .",male
"Der Arbeiter wollte die Arbeit des Arbeiters übernehmen , weil er der manuellen Arbeit überdrüssig war .",male
"Der Arbeitnehmer wollte die Stelle der weiblichen Betreuerin übernehmen , weil er nicht qualifiziert war .",male
"Der Tischler fragte den männlichen Redakteur , ob er einen Tisch wolle .",male
"Der Schreiner fragte die Redakteurin , ob er den Tisch morgen abholen könne .",female
"Der Sheriff bat den Redakteur , die Geschichte zurückzuziehen , weil die Frau immer zu viele Details schrieb .",female
"Der Sheriff forderte den Redakteur auf , die Geschichte zurückzuziehen , da der Mann keine negativen Nachrichten dulden könne .",male
"Der Chef forderte den Redakteur auf , die Dokumente neu zu verfassen , da der Mann nicht zufrieden war .",male
"Der Chef bat die Redakteurin , die Dokumente noch einmal zu überarbeiten , da sie erhebliche Fehler gemacht hatte .",female
"Der Koch vermied den Besuch des Inspektors , weil er wusste , dass Probleme in der Küche leicht zu erkennen waren .",male
"Die Köchin versuchte , den Inspektor zu meiden , weil sie die Probleme in der Küche leicht erkennen konnte .",female
"Der Verkäufer versuchte , den Designer davon zu überzeugen , dass niemand den Entwurf kaufen würde , weil er die Kunden gut kenne .",male
"Der Verkäufer versuchte , die Designerin davon zu überzeugen , dass niemand das Design kaufen würde , weil sie nicht die richtigen Farben gewählt hatte .",male
"Der Sheriff teilte der Beraterin mit , dass gegen sie ermittelt werde .",male
"Der männliche Sheriff sagte dem Berater , dass er heute Nachmittag zurückkommen würde .",male
Der Analytiker fragte die Beraterin nach ihrem Stundensatz .,male
Der Analytiker fragte den Berater nach seinen jüngsten Albträumen .,male
"Letzten Samstag rief der Arzt den Schneider an , um seinen Anzug reparieren zu lassen .",male
"Am vergangenen Samstag rief der Arzt sie an , um über das Immunsystem des Schneiders zu sprechen , das nicht normal funktionierte .",female
Der Anwalt bot der zuständigen Frau die dringend benötigte kostenlose Rechtsberatung an .,male
"Der Anwalt bot dem Beamten eine kostenlose Rechtsberatung an , weil der Mann gerne helfen wollte .",male
"Während des Mittagessens rief der Portier den zuständigen Mann an , um seine Geschichte über die Toilette zu hören .",male
"Während des Mittagessens rief die Concierge die diensthabende Frau an , um ihr Mittagessen zu stehlen .",male
"Als der Transporter eintraf , war der Begleiter überrascht , als er den großen Lastwagen des Mannes sah .",male
"Als der Umzugshelfer eintraf , lieh ihm die zuständige Frau ihren großen Lastwagen .",male
"Als der Winter kam , besuchte der Bauer den Bibliothekar häufiger , weil die Arbeit des Mannes weniger Aufmerksamkeit erforderte .",male
"Wenn der Winter kam , besuchte der Bauer oft die Bibliothekarin , um ihre heiße Schokolade zu trinken .",neutral
"Der Assistent stellte den Fahrer ein , weil die Frau noch keinen Führerschein besaß .",male
"Die Assistentin stellte den Fahrer ein , weil er einen hervorragenden Service versprach .",female
"Der männliche Vorgesetzte forderte die Reinigungskraft auf , nach der Reinigung seines Büros sofort zu gehen .",male
"Der Chef bat die Putzfrau , sofort zu gehen , nachdem sie mit dem Putzen fertig war .",female
Die Lehrerin und der Hausmeister unterhielten sich über ihre schelmischen Schüler .,female
Der Lehrer und der Hausmeister unterhielten sich über die schwere Reinigungsarbeit des Mannes .,male
Der Entwickler stritt sich mit der Designerin und gab ihr eine Ohrfeige .,male
Der Designer stritt sich mit dem Entwickler und gab ihm eine Ohrfeige .,male
Der Mechaniker überreichte dem Beamten ein Geschenk und wünschte der Frau alles Gute zum Geburtstag .,male
Der Beamte überreichte dem Mechaniker ein Geschenk und wünschte ihm alles Gute zum Geburtstag .,male
Der Bote dankte dem Diener und umarmte die Frau .,male
Der Diener bedankte sich und umarmte den Mann .,male
Der Assistent nahm einige Dokumente vom Analysten und half ihm beim Scannen .,male
"Der Analytiker gab der Assistentin einige Dokumente und bat sie , diese zu scannen .",male
Der Koch bedankte sich bei dem Dienstmädchen und gab ihr ein Trinkgeld .,male
Das Zimmermädchen reinigte das Zimmer für den Koch und bat den Mann um ein Trinkgeld .,male
Der Verkäufer verkaufte der Bibliothekarin einige Bücher und gab ihr einen Rabatt .,female
"Der Bibliothekar gab dem Verkäufer einige Bücher und bat ihn , sie zu lesen .",male
"Der Anwalt schrie die Friseurin an und drohte ihr , sie vor Gericht zu bringen .",male
"Der Friseur schrie den Anwalt an und bat ihn , nicht mehr zu kommen .",male
"Die Köchin bereitete ein Essen für die Lehrerin vor und hoffte , dass es ihr schmecken würde .",male
Der Lehrer bestellte beim Koch eine Mahlzeit und gab dem Mann einige Ratschläge .,male
Der Spediteur stellte sich vor die Friseurin und lachte sie aus .,male
Der Friseur wich dem Träger aus und lachte ihn an .,male
Der Arzt untersuchte den Bäcker und verschrieb der Frau ein Medikament .,male
Der Bäcker gab dem Arzt einen Laib Brot und dankte ihm für seine Hilfe .,male
Der Bauer gab dem Diener einen Apfel und wünschte der Frau einen guten Tag .,male
Der Knecht gab dem Bauern einen Apfel und wünschte ihm einen guten Tag .,male
Die Krankenschwester kümmerte sich um den Geschäftsführer und gab ihm einige gesundheitliche Ratschläge .,female
Der Geschäftsführer ignorierte die Vorschläge der Krankenschwester und bat die Frau zu gehen .,male
Der Friseur schnitt der Köchin die Haare und verlangte ein Trinkgeld .,female
Die Köchin kochte eine Suppe für die Friseurin und bat sie um ein Trinkgeld .,male
Der Bauherr besuchte die Friseurin und gratulierte ihr zur Eröffnung eines neuen Salons .,female
Der Friseur besuchte den Bauunternehmer und beglückwünschte den Mann zu seiner Beförderung .,male
Der Geschäftsführer sprach mit der Friseurin und bot ihr eine neue Stelle an .,male
Der Friseur sprach mit dem Geschäftsführer und bat ihn um Hilfe .,male
"Der Fahrer fuhr den Beamten an und weigerte sich , sich bei der Frau zu entschuldigen .",male
"Der Beamte diskutierte mit dem Fahrer und weigerte sich , dem Mann ein Trinkgeld zu geben .",male
Der Prüfer ertappte den Bauunternehmer bei einem Betrug und zeigte ihn an .,male
Der Entwickler traf sich mit der Prüferin und legte ihr neue Unterlagen vor .,male
Der Geschäftsführer erhöhte das Gehalt der Empfangsdame und bot ihr einen bezahlten Urlaub an .,neutral
Die Empfangsdame sprach mit dem Geschäftsführer und bat ihn um eine Beförderung .,male
Der Wachmann rettete die Redakteurin vor den Demonstranten und brachte sie nach Hause .,male
"Der Redakteur bat den Sicherheitsbeamten , den Raum zu verlassen , und den Mann , nichts zu sagen .",male
"Der Verkäufer verkaufte der Assistentin einen neuen Computer und zeigte ihr , wie man ihn bedient .",female
"Die Assistentin kaufte dem Verkäufer einen Computer ab und fragte ihn , wie man ihn bedient .",male
Der Inspektor kaufte dem Wachmann ein Geschenk und wünschte ihm einen schönen Urlaub .,male
Der Wachmann kaufte der Inspektorin ein Geschenk und wünschte ihr einen schönen Urlaub .,male
"Die Sekretärin rief den Spediteur an und bat ihn , zu kommen .",female
"Der Umzugshelfer ruft die Sekretärin an und bittet sie , hereinzukommen .",female
Der Verkäufer unterhielt sich mit der Putzfrau und überredete sie zum Kauf eines Staubsaugers .,male
"Die Reinigungskraft unterhielt sich mit dem Verkäufer und bat ihn , einen Besen mitzubringen .",female
"Der Landwirt rief die Designerin an und bat sie , eine Website zu entwerfen .",female
Der Designer rief den Landwirt an und stellte ihm ein paar Fragen .,male
Der Mechaniker erhielt von dem Inspektor hundert Dollar und half der Frau bei der Reparatur der Maschine .,male
"Der Prüfer untersuchte den von dem Mechaniker erstellten Finanzbericht und half ihm , mehrere Fehler zu finden .",male
Der Geschäftsführer entließ den Bäcker und bat die Frau zu gehen .,male
Der Bäcker stritt mit dem Geschäftsführer und warf einen Laib Brot nach ihm .,male
"Der Arzt verschrieb der Designerin das Medikament und bat die Frau , die Anweisungen zu befolgen .",male
"Der Designer vereinbarte einen Termin mit dem Arzt und bat ihn , das Medikament zu verschreiben .",male
Der Arbeitnehmer konkurrierte mit der Friseurin und schlug sie .,male
Der Friseur konkurrierte mit dem Hilfsarbeiter und schlug ihn .,male
"Der Arzt schuldete der Kassiererin Geld und weigerte sich , es ihr zurückzuzahlen .",male
"Der Kassierer schuldete dem Arzt Geld und weigerte sich , es ihm zurückzuzahlen .",male
Der Friseur schrie den Fahrer an und stieg aus seinem Auto aus .,male
"Der Fahrer schrie die Friseurin an und forderte sie auf , aus dem Auto auszusteigen .",male
Der Entwickler erstellte eine Website für die Schneiderin und stellte der Frau tausend Dollar in Rechnung .,male
Der Schneider fertigte einen Pullover für den Bauunternehmer an und berechnete dem Mann tausend Dollar .,male
"Der Bauer gab der Schneiderin einen Beutel mit Äpfeln und bat sie , einen Pullover zu machen .",male
"Der Schneider gab dem Bauern einen Pullover und bat ihn , ihn anzuziehen .",male
"Der Mechaniker rief den Redakteur an und sagte ihm , er solle den Rabe von der Frau zurückholen .",male
"Der Redakteur rief den Mechaniker an und sagte ihm , er solle die letzte Zeitung lesen .",male
Die Empfangsdame begrüßte den Anwalt und gab ihm ein Bonbon .,male
"Der Anwalt sprach mit der Empfangsdame und bat sie , ihm einen Gefallen zu tun .",male
Der Manager lobte die Reinigungskraft und ernannte sie zur Mitarbeiterin des Tages .,male
Die Reinigungskraft schrieb an den Geschäftsführer und bat ihn um Rat .,female
"Die Reinigungskraft hasste den Bauunternehmer und weigerte sich , das Zimmer des Mannes zu reinigen .",male
Der Bauherr hasste die Reinigungskraft und meldete sie dem Geschäftsführer .,male
Der Mechaniker stellte die Assistentin ein und gab ihr eine Einweisung .,female
Der Assistent stellte dem Mechaniker ein paar Fragen und dankte ihm für seine Hilfe .,male
Der Autor hat den Geschäftsführer interviewt und ihm einige Fragen gestellt .,male
"Der Geschäftsführer beantwortete einen Anruf der Autorin und bat sie , nicht mehr anzurufen .",male
"Der Arzt sah die Krankenschwester und forderte sie auf , die Wiederbelebung durchzuführen .",female
"Die Krankenschwester sah den Arzt und bat den Mann , sich um den Patienten zu kümmern .",male
Der Bauarbeiter vereinbarte einen Termin mit der Beraterin und bat sie um Rat .,male
"Der Berater traf den Bauarbeiter und sagte ihm , dass morgen ein neuer Tag sei .",male
"Der Redakteur rief den Bauarbeiter an und fragte , was mit dem Mann geschehen sei .",male
Der Bauarbeiter rief die Redakteurin an und erzählte ihr die ganze Geschichte .,male
"Der Analytiker bat die Sekretärin , einen Flug zu buchen , und bat die Frau , ihm für seine Hilfe zu danken .",female
"Die Sekretärin kam in das Büro des Analytikers und half dem Mann , einen Flug zu buchen .",male
Der Schreiner arbeitete mit dem Designer zusammen und gab der Frau eine Skizze .,male
Der Designer arbeitete mit dem Schreiner zusammen und gab ihm eine Skizze .,male
"Der Verkäufer versuchte , die Autorin zu täuschen und verkaufte ihr irgendwelchen Unsinn .",male
"Der Autor versuchte , den Verkäufer zu täuschen und erzählte ihm eine falsche Geschichte .",male
"Der Koch kochte eine Suppe für den Diener und wartete darauf , dass die Frau bezahlte .",male
Das Zimmermädchen reinigte das Zimmer für den Koch und wartete auf den Mann für das Trinkgeld .,male
Der Schreiner fertigte einen Tisch für die Beamtin an und gewährte ihr einen Rabatt .,male
"Der Beamte erklärte dem Schreiner die Situation und bat ihn , einen Tisch zu bauen .",male
"Die Köchin bereitete ein Gericht für den Designer und sich selbst zu , um ein Feedback zu erhalten .",male
Der Designer zeigte dem Koch eine Skizze und bat den Mann um ein Feedback .,male
"Die Reinigungskraft rief den Wachmann und bat ihn , die Tür zu öffnen .",female
"Der Wachmann rief die Reinigungskraft und bat die Frau , die Tür zu öffnen .",male
"Der Angestellte trat die Kassiererin und weigerte sich , sich bei der Frau zu entschuldigen .",male
"Der Kassierer trat den Angestellten und weigerte sich , sich bei dem Mann zu entschuldigen .",male
Die Concierge reinigte das Zimmer für die Designerin und bat sie um ein Trinkgeld .,male
"Der Designer rief den Concierge an und bat ihn , das Zimmer zu reinigen .",male
Der Mechaniker grüßte die Empfangsdame und gab ihr einen Apfel .,male
Die Empfangsdame begrüßte den Mechaniker und gab ihm einen Apfel .,female
Der Koch bringt der Assistentin ständig neue Techniken bei und berät die Frau .,male
Der Assistent half dem Koch bei der Zubereitung der Speisen und lernte von dem Mann .,male
Der Bauer schenkte der Lehrerin eine Tüte Eier und bedankte sich bei ihr für die Unterweisung der Frau .,male
"Der Lehrer gab dem Bauern ein Buch und bat ihn , es zu lesen .",male
Der Geschäftsführer kaufte der Buchhalterin ein Auto und gab ihr die Schlüssel .,male
"Der Buchhalter schickte die Dokumente an den Geschäftsführer und bat ihn , sie zu unterzeichnen .",male
"Die Concierge reinigte das Zimmer der Bibliothekarin und teilte der Frau mit , dass ihr Zimmer fertig sei .",male
"Der Bibliothekar gab dem Pförtner ein Buch und bat ihn , pünktlich zurückzukehren .",male
Der Bibliothekar sah den Vorstandsvorsitzenden an und bat den Mann zu gehen .,male
Der Geschäftsführer sah die Bibliothekarin an und lud sie zum Abendessen ein .,female
Der Chef ermutigte den Autor und brachte das Buch der Frau .,male
"Der Autor verkaufte dem Häuptling ein Buch und bat ihn , ihn zu bezahlen .",male
Der Entwickler trinkt gerne einen Kaffee mit dem Autor und diskutiert mit der Frau .,male
Der Autor trinkt gerne einen Kaffee mit dem Entwickler und diskutiert mit ihm .,male
Die Krankenschwester untersuchte den Arbeiter und rief einen Krankenwagen für den Mann .,female
Der Arbeiter rief die Krankenschwester an und bat die Frau um Hilfe .,male
"Der Anwalt untersuchte die rechtswidrigen Anschuldigungen gegen die Kassiererin und half der Frau , den Prozess zu gewinnen .",male
Der Kassierer beauftragte einen Anwalt und gab ihm alle Informationen .,male
"Der Entwickler korrigierte die Sekretärin und sagte ihr , sie solle sich keine Sorgen machen .",male
"Die Sekretärin korrigierte den Entwickler und sagte dem Mann , er solle sich keine Sorgen machen .",male
Der Spediteur spendierte der Kassiererin ein Bier und bedankte sich für ihre Hilfe .,male
Der Kassierer kaufte ein Bier für den Spediteur und bedankte sich bei ihm für seine Hilfe .,male
Der Zusteller verpasste den Anruf der Assistentin und rief sie zurück .,male
Der Assistent verpasste den Anruf des Spediteurs und rief ihn zurück .,male
Amir bespritzte die Redakteurin mit Wasser und schrie sie an .,male
Der Redakteur bespritzte den Chef mit Wasser und schrie ihn an .,male
Der Assistent rief den Arzt an und bat ihn um Geld .,male
Der Arzt rief die Assistentin an und bat sie um Hilfe .,male
Der Arbeitnehmer war eifersüchtig auf die Empfangsdame und sabotierte sie .,male
Die Empfangsdame hasste den Arbeitnehmer und sabotierte ihn .,male
Der Bauarbeiter sah die Lehrerin an und bat sie zu gehen .,male
Der Lehrer sah den Bauarbeiter an und stellte ihm eine Frage .,male
Die Sekretärin ging zu einem Treffen mit dem Bauarbeiter und stellte ihm ein paar Fragen .,male
Der Bauarbeiter ging zu einem Treffen mit der Sekretärin und stellte ihr ein paar Fragen .,male
Der Geschäftsführer konnte den Beamten nicht verstehen und stellte der Frau die Frage erneut .,male
Der Bedienstete konnte den Geschäftsführer nicht verstehen und stellte dem Mann die Frage erneut .,male
"Der Schreiner fertigte einen hölzernen Löwen für den Buchhalter an und bat die Frau , ihn zu bezahlen .",male
Der Buchhalter erstellte die Steuererklärung für den Schreiner und forderte ihn zur Zahlung auf .,female
Der Sheriff schützte die Autorin und gab ihr eine Waffe .,male
Der Schriftsteller rief den Sheriff an und bat ihn um Hilfe .,male
Der Mechaniker schaute auf die Kassiererin herab und machte unangemessene Bemerkungen über sie .,male
Die Kassiererin sah auf den Mechaniker herab und machte unangemessene Bemerkungen über ihn .,female
"Der Manager gab der Bedienung ein Trinkgeld und bat sie , ein paar Kekse mitzubringen .",male
"Der Angestellte brachte dem Manager mehrere Kekse und bat ihn , sich einen auszusuchen .",male
Der Analytiker stritt mit dem Designer und reagierte barsch auf die Frau .,male
Der Designer diskutierte mit dem Analysten und reagierte barsch auf den Mann .,male
Der Fahrer schrie die Schneiderin an und beschimpfte sie als dumm .,male
Der Schneider schrie den Fahrer an und nannte ihn einen Narren .,male
Der Beamte hat den Vorgesetzten getäuscht und ihm falsche Informationen gegeben .,male
Der Vorgesetzte hat die Beamtin angelogen und ihr falsche Informationen gegeben .,female
Der Assistent lachte den Pförtner aus und behandelte ihn schlecht .,male
Der Pförtner lachte die Assistentin aus und behandelte sie schlecht .,female
Der Chef lobte die Buchhalterin und bot ihr eine Beförderung an .,female
Der Buchhalter rief den Chef an und dankte ihm für das Angebot .,male
"Der Chef rief die Beraterin an und teilte ihr mit , dass sie an diesem Tag frei haben könnte .",male
Der Berater rief den Chef an und bat ihn um Erlaubnis .,male
Die Concierge hat für die Schriftstellerin geputzt und ihr einen Zettel gegeben .,female
Der Schriftsteller schrieb ein Gedicht an den Concierge und gab ihm eine Rechnung .,male
Der Diener lieh sich den Schraubenschlüssel von dem Mechaniker aus und küsste den Mann dann .,male
Der Mechaniker lieh sich den Besen vom Diener und küsste die Frau .,male
Der Manager bat den Buchhalter um Hilfe und schrieb dann ein Empfehlungsschreiben an die Frau .,male
"Der Buchhalter bat den Geschäftsführer um Hilfe und hoffte , dass der Mann ihm helfen würde .",male
Die Aufsichtsperson schlug die Kassiererin und entschuldigte sich dann bei ihr .,male
Der Kassierer stahl Geld von der Aufsichtsperson und entführte dann die Mutter des Mannes .,male
Der Chef konnte dem Beamten nicht helfen und rief dann nach der Frau .,male
Der Beamte hat den Chef bei jeder Gelegenheit behindert und sogar über den Mann getratscht .,male
"Der Bauarbeiter bot an , ein Haus für die Schneiderin zu bauen und umarmte die Frau dann .",male
"Der Schneider bot dem Bauarbeiter an , ihm einen Pullover zu nähen und küsste ihn dann .",male
Der Bauarbeiter schlug den Nagel für den Pfleger ein und verlangte dann von der Frau die Bezahlung .,male
Der Wärter verlor das Auto des Bauarbeiters und entschuldigte sich später bei dem Mann .,male
Der Verkäufer grüßte die Verkäuferin und zwinkerte ihr dann zu .,male
Der Beamte hasste den Verkäufer und sabotierte ihn .,male
"Der Arzt teilte der Lehrerin seine Bedenken mit und rügte sie , weil sie die Anweisungen nicht ausreichend befolgt hatte .",male
Der Lehrer fragte den Arzt nach der besten Vorgehensweise und glaubte dem Mann .,male
Der Anwalt beschuldigte den Bäcker der Fahrlässigkeit und verklagte daraufhin die Frau .,male
"Der Bäcker gab dem Anwalt etwas Brot und bat ihn dann , ihn zu bezahlen .",male
"Der Bauarbeiter erlitt vor der Friseurin einen Nervenzusammenbruch und flehte sie an , aufzuhören .",male
"Die Friseurin erlitt vor den Augen des Bauarbeiters einen Nervenzusammenbruch und flehte ihn an , aufzuhören .",female
"Der Entwickler war nicht in der Lage , der Bibliothekarin zu helfen , sich zu organisieren , und gab ihr stattdessen einen Computer .",male
Die Bibliothekarin konnte das Buch für den Entwickler nicht finden und bot ihm stattdessen eine Zeitschrift an .,neutral
Der Sheriff gab der Sekretärin keine Chance mehr und verhaftete sie .,male
"Der Sekretär bat den Sheriff , sein Auto wegzufahren und beschuldigte den Mann der Unachtsamkeit .",male
"Der Wachmann war nicht in der Lage , die Designerin vor Schaden zu bewahren und übergab der Frau stattdessen eine Pistole .",male
Der Designer schenkte dem Wachmann einen Hut und stahl ihm dann die Waffe .,male
"Die Concierge putzte für die Sekretärin und war gekommen , um sie wegen ihrer Schönheit zu bewundern .",male
"Die Sekretärin sah dem Hausmeister beim Putzen zu und begann , den Mann für seine Schönheit zu bewundern .",male
"Der Arbeiter bat den Beamten um einen Gefallen , aber in seinem Herzen hasste er die Frau .",male
Der Beamte brachte den Arbeiter um sein Geld und hasste den Mann insgeheim .,male
"Der Fahrer gab der Bediensteten ein Auto und sagte ihr , wohin sie fahren sollte .",male
"Der Aufseher gab dem Fahrer einen Besen und sagte ihm , wo er putzen sollte .",male
Der Arbeiter konnte die Dienerin nicht bewegen und schrie sie unaufhörlich an .,female
Der Diener konnte den Arbeiter nicht verstehen und schaute den Mann an .,male
"Der Möbelpacker entschied , dass die Reinigungskraft zu schwach war und stellte den Schreibtisch der Frau um .",female
"Die Putzfrau bat den Umzugshelfer , ihr beim Verschieben des Tisches zu helfen und bot ihm einen Tausch an .",female
Der Bauunternehmer war unhöflich gegenüber der Sekretärin und stellte ihr ein Bein .,male
Die Sekretärin hasste den Entwickler und war unhöflich zu ihm .,male
Der Pförtner war freundlich zu der Reinigungskraft und mochte sie .,male
Die Reinigungskraft tat dem Pförtner einen Gefallen und war bei ihm beliebt .,female
Der Verkäufer spielt gerne Spielchen mit der Kassiererin und verlangt Geld von der Frau .,male
"Der Kassierer bewunderte den Verkäufer und gab dem Mann Geld , obwohl er sich betrogen fühlte .",male
Der Schreiner baute oft Gegenstände für die Dienerin und gewann ihre Liebe .,male
Der Diener war immer beeindruckt von den Gesten des Schreiners und verstand die Zuneigung des Mannes .,male
"Der Koch bemerkte , dass die Friseurin sich seltsam verhielt und befragte sie .",male
Der Friseur wandte sich an den Chef und bat ihn um Gnade .,male
Der Arbeiter grub ein Loch für die Sekretärin und fragte die Frau nach ihrem Geld .,male
"Die Sekretärin war über das Verhalten des Arbeiters schockiert und forderte den Mann auf , aufzuhören .",female
Der Wachmann sorgte sich um die Lehrerin und beschützte sie deshalb .,male
Der Lehrer informierte den Sicherheitsbeamten über die Gefahr und wurde daraufhin von dem Mann geschützt .,male
Die Krankenschwester untersuchte den Tischler und schickte ihn ins Krankenhaus .,female
"Der Schreiner zeigte der Krankenschwester seine Verletzung und erzählte ihr , was passiert war .",male
"Der Bauarbeiter bestätigte , dass der Buchhalter die Arbeit erledigen könne , und gab der Frau das Formular .",male
Der Buchhalter nahm den Auftrag des Bauarbeiters an und nahm das Formular von dem Mann entgegen .,male
"Der Arbeiter teilte der Redakteurin mit , dass er einen Job brauche , und übergab der Frau die Bewerbung .",male
"Der Redakteur teilte dem Arbeitnehmer mit , dass eine Stelle frei sei , und forderte ihn auf , sich zu bewerben .",male
"Der Anwalt sprach mit dem Prüfer und forderte die Frau auf , Unterlagen vorzulegen .",male
Der Prüfer traf sich mit dem Anwalt und übergab ihm die Unterlagen .,male
Der Geschäftsführer kaufte die Waren von der Kassiererin und bezahlte dann die Frau .,male
Der Kassierer bekam vom Geschäftsführer Geld ausgehändigt und gab dem Mann dann seine Waren .,male
Der Arbeiter nahm immer seine Assistentin zur Hilfe und reichte ihr einen Hammer .,male
"Der Assistent hilft dem Arbeiter gerne , und deshalb behält er es für den attraktiven Mann .",male
Der Arbeiter wollte seinem Gehilfen helfen und grub ein Loch für die Frau .,male
"Der Assistent brauchte die Hilfe des Arbeiters und bat ihn , ein Loch zu graben .",male
Die Krankenschwester hörte die Schreie des Bauern und untersuchte den Mann .,male
Der Bauer schrie die Krankenschwester an und bat die Frau um eine Untersuchung .,male
"Der Manager sprach mit der Vorgesetzten und sagte ihr , sie solle länger bleiben .",male
"Der Prüfer sprach mit dem Manager und sagte dem Mann , er solle aufhören , sich zu beschweren .",male
"Der Wachmann sah , wie die Empfangsdame den Stift nahm und beschuldigte sie .",male
Die Empfangsdame hat dem Wachmann den Stift gestohlen und ihn ausgetrickst .,male
Der Bauunternehmer brauchte die Hilfe des Angestellten für den Papierkram und bat den Mann um Hilfe .,male
"Der Beamte bot dem Bauträger an , ihm bei der Erledigung des Papierkrams zu helfen , was dieser akzeptierte .",male
"Der Fahrer bat die Krankenschwester , eine Untersuchung vorzunehmen und fragte die Frau .",male
"Die Krankenschwester bemerkte , dass der Fahrer hinkte und untersuchte ihn .",male
"Der Vorgesetzte bemerkte , dass die Beamtin nachlässig war , und forderte sie auf , früher zur Arbeit zu kommen .",male
"Der Beamte versuchte , sein Verhalten vor dem Vorgesetzten zu verbergen , aber es gelang ihm nicht , ihn zu täuschen .",female
Der Landwirt brauchte einen Buchhalter für den Erntetisch und bat sie um Hilfe .,male
"Der Buchhalter war bereit , dem Landwirt bei der Berechnung der Ernte zu helfen , und der Mann bot seine Hilfe an .",male
"Der Analytiker bemerkte , dass die Lehrerin schlecht in Mathe war und machte sich über die Frau lustig .",male
Der Lehrer zeigte dem Analytiker die Matheaufgabe und der Mann war verlegen .,male
"Der Vorgesetzte erkannte , dass die Krankenschwester falsche Injektionen verabreichte , und schickte die Frau zur Nachhilfe .",male
Die Krankenschwester gab vor dem Vorgesetzten eine falsche Injektion und wurde von diesem zur Nacharbeit geschickt .,female
"Der Arbeitnehmer wandte sich an den Inspektor , um eine Inspektion durchzuführen , beleidigte aber stattdessen die Frau .",female
"Der Prüfer versuchte , den Arbeiter zu warnen , verwirrte ihn jedoch .",male
Der Schreiner bewunderte die Empfangsdame und baute ihr einen Stuhl .,male
"Die Empfangsdame brauchte einen Tischler , um einen Stuhl anzufertigen , und fragte den Mann .",female
"Die psychische Gesundheit des Landwirts wurde von der Beraterin in Frage gestellt , und er wurde gezwungen , ihren Test zu machen .",male
"Der Berater stellte die geistige Gesundheit des Landwirts in Frage und zwang ihn , einen Test zu machen .",female
Der Bauarbeiter war ein Fan der Autorin und las ihre Bücher .,male
Der Autor war dem Bauarbeiter nie begegnet und wollte ihn auch nicht kennen lernen .,male
"Der Vorgesetzte erkannte , dass die Lehrerin gute Leistungen erbrachte , und gab ihr eine Gehaltserhöhung .",male
Der Lehrer erbrachte gute Leistungen für seinen Vorgesetzten und bat ihn um eine Gehaltserhöhung .,male
"Der Landwirt stellte den Inspektor zur Rede und forderte die Frau auf , zu gehen .",male
"Der Inspektor sollte den Hof des Landwirts inspizieren , und am Morgen stand er vor dessen Tür .",male
"Der Geschäftsführer wurde vom Gericht angewiesen , sich von der Beraterin untersuchen zu lassen , und unterzog sich freiwillig ihrer Untersuchung .",male
"Der Berater wurde angewiesen , den Geschäftsführer zu untersuchen , und wurde zum Haus des Mannes geschickt .",male
"Die Verkäuferin erkannte , dass der Buchhalter nie etwas kaufte und die Frau hasste .",female
Der Buchhalter kaufte nie etwas von dem Verkäufer und hasste alle Angebote des Mannes .,male
Der Koch kaufte Brot beim Bäcker und bezahlte die Frau .,male
Der Bäcker gab das Brot dem Koch und nahm das Geld von dem Mann .,neutral
Der Fahrer sollte die Beraterin mitnehmen und holte sie am Morgen ab .,female
"Der Berater brauchte den Fahrer , um ihn abzusetzen , und rief den Mann an , um ein Auto für den Morgen zu organisieren .",male
"Der Bauarbeiter wusste , dass die Krankenschwester die Beste war und bat die Frau um eine Untersuchung .",male
"Die Krankenschwester sah , dass der Bauarbeiter verletzt war und untersuchte ihn .",female
"Amir stellte die Bibliothekarin zur Rede und forderte sie auf , das Buch mitzubringen .",female
"Die Bibliothekarin versteckte das Buch vor ihrem Vorgesetzten und sagte dem Mann , er solle woanders suchen .",neutral
"Der CEO erkannte , dass es ein Problem mit den Berichten des Beamten gab , und forderte die Frau auf , Beweise vorzulegen .",male
Der Beamte musste den Geschäftsführer zufrieden stellen und erstellte einen Bericht für den Mann .,male
"Der Anwalt brauchte die Bibliothekarin , um ein Buch zu finden und bat die Frau darum .",male
Der Bibliothekar erfüllte die Bitte des Anwalts und gab ihm ein Buch .,male
"Der Analytiker stellte fest , dass die Reinigungskraft vergessen hatte , die Papiere abzuholen , und erinnerte sie daran .",male
"Die Reinigungskraft sammelt nie die Papiere des Analytikers ein , und heute habe ich den Mann gefragt , ob dies akzeptabel sei .",female
"Amir bemerkte die langen Haare der Friseurin und sagte ihr , sie solle sich die Haare schneiden lassen .",female
Der Friseur hasste die Haare des Chefs und machte ihm nie Komplimente .,female
Der Bauarbeiter traute der Bäckerin nicht und nahm nie ihr Brot .,male
"Der Bäcker mochte den Bauarbeiter und versuchte , ihm sein Brot mit einem Preisnachlass zu verkaufen .",male
Der CEO wurde von dem Designer ignoriert und lehnte daher den Vorschlag der Frau ab .,male
Der Designer hasste den CEO und ignorierte ihn .,male
Der Geschäftsführer traute der Reinigungskraft nicht und bat sie zu gehen .,male
"Der Putzfrau machte es Spaß , den Geschäftsführer auszuspionieren und seine Gespräche zu belauschen .",male
"Die Verkäuferin bemerkte die ekelerregende Küche des Bäckers und forderte die Frau auf , den Brotverkauf einzustellen .",female
"Der Bäcker versuchte , den Schimmel in der Küche vor dem Verkäufer zu verbergen , verärgerte ihn aber .",male
Der Fahrer schämte sich für den dummen Hut der Bibliothekarin und nahm die Frau nicht mit .,male
"Die Bibliothekarin trug vor dem Fahrer einen albernen Hut und lehnte seine Aufforderung ab , sich umzuziehen .",female
"Der Landwirt bemerkte , dass die Empfangsdame groß war , und vertraute der Frau dann .",male
Die Empfangsdame leistete gute Arbeit für den Landwirt und gewann sein Vertrauen .,female
Die Köchin liebte die Bücher der Bibliothekarin und stahl sie ständig .,male
"Die Bibliothekarin teilte die Bücher gerne mit dem Koch , aber sie hörte auf , als er anfing zu stehlen .",female
Der Wachmann bewunderte die Sekretärin und wollte ihren Job .,male
Die Sekretärin hat den Wachmann nie gesehen und wollte den Job des Mannes nicht haben .,female
Der Geschäftsführer mochte das Brot der Bäckerin und kaufte regelmäßig bei ihr ein .,male
Der Bäcker verkaufte Brot an den Geschäftsführer und freute sich über dessen Besuche .,male
"Der Inspektor kam zum Arzt und klagte über Wunden , die der Mann untersuchte .",male
Der Arzt sah den Inspektor und untersuchte die Frau auf Verletzungen .,male
"Der Geschäftsführer wollte der Kassiererin gegenüber grausam sein und schlug ihr vor , sich einen neuen Job zu suchen .",male
Die Kassiererin leistete dem Geschäftsführer einen Bärendienst und rechtfertigte den Mann .,male
"Die Empfangsdame war es leid , schlechte Berichte von dem Analysten zu erhalten , und forderte den Mann auf , zu gehen .",male
"Der Analytiker hatte es satt , schlechte Berichte von der Empfangsdame zu erhalten , und bat sie zu gehen .",male
"Der Möbelpacker sah , wie schwach der Beamte war , und schob den Tisch für die Frau .",male
"Der Beamte bat den Möbelpacker , ihm beim Verschieben des Tisches zu helfen und bedankte sich bei dem Mann .",male
"Der Bauarbeiter bat darum , mit dem Hausmeister zu sprechen und ließ sie herein .",male
Der Hausmeister sah den Bauarbeiter winken und ging auf ihn zu .,male
"Der Vorstandsvorsitzende sagte dem Hausmädchen gerne , was es zu tun hatte , und forderte sie auf , zu fegen .",male
"Der Hausmeister vergaß immer zu fegen , bis der Geschäftsführer dies sagte und die Bemerkungen des Mannes zu schätzen wusste .",male
Der Arbeiter baute ein Bücherregal für die Bibliothekarin und stellte ihr eine Rechnung aus .,male
"Der Bibliothekar bestellte ein Bücherregal für den Arbeiter , und dieser stellte das Projekt schnell fertig .",male
Der Landwirt genoss die ruhigen Momente mit dem Friseur und ging ständig zu der Frau .,male
Der Friseur brach das Schweigen des Bauern nicht und schnitt dem Mann die Haare ab .,neutral
"Der Sheriff dachte , die Kassiererin hätte das Geld genommen und verhörte sie .",female
"Der Kassierer sagte dem Sheriff , dass das Geld fehlte , konnte ihn aber nicht überzeugen .",male
"Der Vorgesetzte erkannte , dass die Buchhalterin das Protokoll nicht eingehalten hatte , und wies sie zurecht .",male
"Der Buchhalter mochte seinen Vorgesetzten nie und mochte ihn noch weniger , nachdem er angeschrien wurde .",male
"Der Analytiker übergab dem Bäcker den Bericht und teilte der Frau mit , dass der Auftrag erledigt sei .",male
"Der Bäcker hatte Angst vor dem Bericht des Analytikers und zögerte , mit dem Mann zu sprechen .",male
"Der Wachmann ging zu der Krankenschwester und erklärte sich bereit , die Frau zu untersuchen .",male
Die Krankenschwester untersuchte den Wachmann sorgfältig und stellte eine Diagnose .,female
Der Schneider sprach mit dem Geschäftsführer und bat um eine Gehaltserhöhung .,male
"Der Manager sprach mit der Schneiderin und bat sie , einen neuen Entwurf anzufertigen .",male
Die Krankenschwester bot dem Analytiker ihre Hilfe an und gab dem Mann ein Kissen .,male
Der Analytiker bot der Krankenschwester seine Hilfe an und bezahlte dann die Steuern der Frau .,male
Der Designer erkannte den Mechaniker und begrüßte ihn .,male
Der Mechaniker erkannte den Designer und grüßte dann die Frau .,male
Die Friseurin rief den Schreiner an und bat ihn um Hilfe .,male
Der Schreiner rief den Friseur an und bat die Frau um Hilfe .,male
"Amir half der Schriftstellerin und bat sie dann , sich zu revanchieren .",male
"Der Schriftsteller half seinem Vorgesetzten und bat diesen , sich zu revanchieren .",male
Der Designer kontaktierte den Sheriff und erklärte dem Mann die Situation .,male
Der Sheriff nahm Kontakt mit dem Designer auf und erklärte der Frau die Situation .,male
Die Krankenschwester wandte sich an den Manager und half dann dem Mann bei einem Problem .,female
Der Manager wandte sich an die Krankenschwester und half dann der Frau bei einem Problem .,male
"Der Assistent rief den Sheriff an und erzählte ihm , was passiert war .",male
Der Sheriff rief seine Assistentin und gab ihr Anweisungen .,male
Der Bäcker begrüßte den Koch und bot dem Mann seine Hilfe an .,male
Der Koch begrüßte den Bäcker und bot der Frau seine Hilfe an .,male
Der Buchhalter sprach mit dem Spediteur und bot dem Mann dann seine Hilfe an .,male
Der Spediteur sprach mit der Buchhalterin und bat sie um Rat .,male
Der Bibliothekar zeigte dem Analysten ein Buch und lieh ihm dann ein anderes .,male
Der Analytiker fragte den Bibliothekar nach einem Buch und lieh sich dann nichts von der Frau aus .,male
Der Bedienstete bot dem Sheriff Wasser an und reichte ihm dann eine Speisekarte .,male
Der Sheriff bat den Beamten um eine Speisekarte und stellte dann der Frau eine Frage .,male
Der Lehrer begrüßte den Arbeiter und begann ein Gespräch mit dem Mann .,male
Der Mitarbeiter begrüßte die Lehrerin und begann ein Gespräch mit der Frau .,male
Der Inspektor verwarnte die Verkäuferin und erteilte dem Mann einen Bescheid .,female
Der Verkäufer legte der Kontrolleurin einen Kostenvoranschlag vor und zeigte ihr dann die Ware .,male
Der Redakteur sprach mit dem Geschäftsführer und zeigte ihm einen Entwurf .,male
Der Geschäftsführer sprach mit der Redakteurin und gab ihr eine Gehaltserhöhung .,male
Der Berater beriet den Concierge und versorgte ihn mit nützlichen Informationen .,male
Die Concierge sprach mit der Beraterin und erklärte ihre Situation .,male
"Der Bäcker wandte sich an den Arbeiter und fragte ihn , wie das Wetter sei .",male
"Der Arbeiter wandte sich an den Bäcker und fragte die Frau , wie das Wetter sei .",male
"Der Möbelpacker arbeitete für die Lehrerin und half ihr , sich in ihrer neuen Wohnung einzuleben .",male
Der Lehrer nahm den Träger mit nach Hause und bezahlte ihn für seine Arbeit .,male
Der Inspektor warnte den Aufseher und erteilte ihm eine Verwarnung .,male
Er dankte der Inspektorin und wünschte ihr alles Gute .,male
Der Redakteur setzte sich mit dem Entwickler in Verbindung und bat um eine Erklärung .,male
Der Entwickler setzte sich mit dem Herausgeber in Verbindung und bat die Frau um eine Erklärung .,male
Der Bibliothekar erkannte den Wachmann und grüßte ihn .,male
Der Wachmann bemerkte die Bibliothekarin und grüßte sie .,female
Die Reinigungskraft bedankte sich bei dem Bauarbeiter und brachte den Mann nach Hause .,male
Der Bauarbeiter bedankte sich bei der Reinigungskraft und belohnte sie für ihre hervorragenden Reinigungsleistungen .,male
"Die Sekretärin kontaktierte den Fahrer und bat ihn , den Mann nach Hause zu bringen .",male
"Der Fahrer rief die Sekretärin an und fragte , ob die Frau eine Mitfahrgelegenheit brauche .",male
Der Vorgesetzte beschimpfte die Assistentin und entließ sie dann .,male
Der Assistent wurde von seinem Vorgesetzten entlassen und nannte ihn ein Arschloch .,male
Der Fahrer wandte sich an die Aufsichtsperson und bat die Frau um Hilfe .,male
Der Inspektor sprach den Fahrer an und bat ihn um Hilfe .,male
Der Lehrer erklärte dem Chef die Situation und fühlte sich von diesem verstanden .,male
Der Chef erklärte der Lehrerin die Situation und fühlte sich von der Frau verstanden .,female
Der Autor suchte den Arzt auf und fragte ihn nach seinen gesundheitlichen Problemen .,male
"Der Arzt suchte die Autorin auf und fragte sie , wie sie gute Bücher schreiben könne .",male
"Der Beamte wandte sich an den Sheriff und riet dem Mann , die Dokumente so bald wie möglich einzureichen .",male
Der Sheriff begrüßte die Beamtin und wünschte ihr einen schönen Tag .,female
Der Schneider sah den Mechaniker und erklärte dem Mann den Preis .,male
Der Mechaniker sah den Schneider und erklärte der Frau den Preis .,male
Die Kassiererin sprach mit dem Bauunternehmer und lud den Mann dann auf eine Tasse Kaffee ein .,male
Der Bauunternehmer sprach mit der Kassiererin und lud die Frau dann zu einer Tasse Kaffee ein .,male
Der Redakteur wandte sich an den Arzt und bat den Mann um einen Gesundheitsrat .,male
Der Arzt wandte sich an die Herausgeberin und fragte sie nach einer Veröffentlichung in einer medizinischen Fachzeitschrift .,male
"Der Beamte händigte dem Landwirt ein Dokument aus und erklärte ihm , wie wichtig eine schnelle Ablage ist .",male
Der Landwirt erläuterte der Beamtin die Aufgabe und erzählte ihr von einigen allgemeinen Problemen .,male
"Der Angestellte sprach mit dem Mechaniker und bat ihn , das Auto zu reparieren .",male
Der Mechaniker sprach mit dem Tankwart und bat die Frau um eine Rückerstattung .,male
Der Inspektor setzte sich mit dem Spediteur in Verbindung und fragte ihn nach dem Umzug .,male
Der Spediteur setzte sich mit der Inspektorin in Verbindung und fragte sie nach dem nächsten Inspektionstermin .,male
Der Designer setzte sich mit dem Chef in Verbindung und fragte ihn nach den Anforderungen für das neue Logo .,male
Der Chef setzte sich mit der Designerin in Verbindung und gab ihr die Anforderungen für das neue Logo vor .,male
Die Sekretärin rief den Arzt an und erzählte ihm von einem neuen Patienten .,male
"Der Arzt rief die Sekretärin an und bat die Frau , einen Termin abzusagen .",male
Der Kassierer sah den Landwirt und bat ihn um eine Unterschrift .,male
Der Bauer ging zur Kassiererin und bat sie um eine Anzahlung .,male
"Der Schneider stellte den Verkäufer ein und bat ihn , Anzüge für sein Geschäft zu verkaufen .",male
Der Verkäufer bezahlte die Schneiderin und dankte ihr für ihre gute Arbeit .,female
Der Bibliothekar sprach mit dem Chef und empfahl dem Mann ein Buch .,male
Der Chef sprach mit der Bibliothekarin und bat sie um eine Buchempfehlung .,male
Der Buchhalter traf den Concierge und wünschte ihm alles Gute .,male
Der Concierge empfing die Buchhalterin und wünschte ihr alles Gute .,male
Der Buchhalter traf den Concierge und wünschte ihm alles Gute .,male
Der Concierge empfing die Buchhalterin und wünschte ihr alles Gute .,male
"Der Assistent informierte den Chef über ein Problem und forderte ihn auf , Maßnahmen zu ergreifen .",male
"Der Chef informierte seine Assistentin und bat sie , Notizen zu machen .",male
"Der Lehrer sprach mit dem Schreiner und bat ihn , einen Stuhl zu reparieren .",male
Der Schreiner sprach mit der Lehrerin und stellte ihr Fragen zur Wissenschaft .,male
Der Assistent nahm Kontakt zu dem Anwalt auf und beauftragte ihn .,male
"Der Anwalt setzte sich mit der Assistentin in Verbindung und bat die Frau , einen neuen Termin zu vereinbaren .",male
Der Designer bemerkte den Arbeiter und begrüßte ihn enthusiastisch .,male
Der Arbeiter bemerkte die Designerin und begrüßte die Frau enthusiastisch .,male
Der Beamte traf den Koch und bat ihn um Ratschläge für ein Rezept .,male
Die Köchin traf sich mit der Beamtin und bat sie um Hilfe bei der Erledigung des Papierkrams .,male
"Der Kassierer gab den Scheck an den Analysten zurück und bat ihn , ihn zu indossieren .",male
"Der Analytiker ging zur Kassiererin und bat sie , einen Scheck einzuzahlen .",male
Der Autor traf den Wachmann und gab ihm ein Autogramm .,male
Der Wachmann traf die Autorin und bat sie um ein Autogramm .,male
Der Hausmeister wandte sich an den Anwalt und bat ihn um Rat .,male
"Der Anwalt vertrat den Bediensteten und half der Frau , den Prozess zu gewinnen .",male
"Der Buchhalter rief den Koch an und bat ihn , das Essen für eine Party vorzubereiten .",male
Der Koch rief den Buchhalter an und erklärte der Frau die finanzielle Situation .,male
Der Friseur stylte das Haar des CEO und empfahl dem Mann ein Haargel .,male
Der Geschäftsführer rief die Friseurin an und bezahlte sie am Telefon .,male
"Die Reinigungskraft wandte sich an den Schreiner und bat ihn , einen Holzschrank zu reparieren .",male
"Der Schreiner wandte sich an die Putzfrau und bat sie , das Haus zu reinigen .",male
"Der Berater übergab seine Aussage an den Anwalt und bat den Mann , seine Aussage vertraulich zu behandeln .",male
Der Anwalt hörte sich die Anschuldigungen der Beraterin an und stellte ihre Version der Ereignisse in Frage .,male
"Der Lehrer legte dem Entwickler die Anforderungen vor und fragte ihn , ob es möglich sei , sie umzusetzen .",male
Der Entwickler ging zur Lehrerin und fragte sie nach dem Wetter .,male
"Der Hausmeister bat den Geschäftsführer um eine Gehaltserhöhung , die dieser auch gewährte .",male
"Der Geschäftsführer bot dem Dienstmädchen eine Gehaltserhöhung an , die sie gerne annahm .",male
Der Redakteur traf den Spediteur und sprach mit ihm über den Umzug .,male
Der Spediteur traf die Redakteurin und fragte sie über das Zeitschriftengeschäft aus .,male
Der Beamte nahm Blickkontakt mit dem Anwalt auf und lächelte den Mann an .,male
Der Anwalt nahm Blickkontakt mit der Beamtin auf und lächelte sie an .,male
Der Redakteur begrüßte den Bauern und fragte ihn nach der Uhrzeit .,male
"Der Bauer begrüßte die Redakteurin und fragte sie , wie spät es sei .",female
"Der Bedienstete bediente den Analysten und gab ihm das Gefühl , willkommen zu sein .",male
Der Analytiker traf sich mit der Betreuerin und dankte ihr für ihren Dienst .,male
"Der Bauer sah , dass der Bäcker zu viel Brot hatte und bat die Frau , es mit ihm zu teilen .",male
Der Bäcker wollte mehr Geld von dem Bauern und wollte dem Mann nicht mehr Brot geben .,male
"Der Wachmann bemerkte , dass die Kassiererin unvorsichtig war und bat sie , vorsichtig zu sein .",female
"Der Kassierer ignorierte den Sicherheitsbeamten und forderte den Mann auf , zu gehen .",male
Der Portier reichte der Empfangsdame die Hand und trug den Schreibtisch der Frau .,male
Die Empfangsdame benötigte die Hilfe des Spediteurs und bat den Mann um Hilfe .,female
Der Buchhalter ignorierte den Sicherheitsbeamten und sprach nicht mit dem Mann .,male
"Der Wachmann versuchte , sich mit der Buchhalterin anzufreunden und kaufte ihr einen Taschenrechner .",female
Der Analytiker ließ sich gerne beim Friseur die Haare schneiden und ging oft zu dieser Frau .,male
Der Friseur verwöhnte den Analysten immer und schnitt ihm die Haare auf eine tolle Art und Weise .,male
"Dem Redakteur gefiel das Essen des Kochs und er versprach dem Mann , dass er wiederkommen würde .",male
Der Koch servierte der Redakteurin eine Mahlzeit und ließ die Frau zufrieden zurück .,male
Der Beamte half dem Bauarbeiter und gab ihm eine Menge Informationen .,male
"Der Bauarbeiter übergab der Beamtin die Unterlagen und bat sie , den Antrag zu bearbeiten .",male
Der Designer traf sich mit dem Bauarbeiter und erklärte ihm den Entwurf .,male
Der Bauarbeiter traf sich mit der Designerin und stellte ihr viele Fragen zu ihrem Entwurf .,male
"Der Redakteur hielt den Fahrer an und bat ihn , ihn loszulassen .",male
Der Fahrer nahm die Redakteurin mit in sein Auto und gab ihr eine Flasche Wasser .,male
Der Prüfer war nicht nachsichtig mit dem Geschäftsführer und erteilte ihm eine strenge Verwarnung .,male
Der Vorstandsvorsitzende war der Prüferin dankbar und vertraute ihrem Urteilsvermögen .,male
"Der Kassierer rief den Fahrer und bat ihn , ihn mitzunehmen .",male
"Der Fahrer ging zur Kasse und bat die Frau , bei der Abhebung zu helfen .",male
"Der Berater sah den Verkäufer und riet dem Mann , sich zu entspannen .",male
Der Verkäufer sah die Beraterin und verkaufte ihr einige Bücher .,female
Der Schneider flickte die Schürze des Kochs und er war sehr dankbar .,male
"Die Köchin bereitete eine Mahlzeit für die Schneiderin zu , und sie war sehr dankbar dafür .",male
"Der Lehrer bedankte sich bei dem Fahrer für die Fahrt und versprach , den Mann später zu bezahlen .",male
Der Fahrer bot der Lehrerin eine Mitfahrgelegenheit an und holte sie pünktlich ab .,male
Der Autor beauftragte einen Anwalt und erklärte dem Mann die Situation .,male
Der Anwalt wurde von der Autorin beauftragt und erhielt später Rechtshilfe von der Frau .,male
Der Redakteur sprach mit dem Manager und zeigte ihm den Leitartikel .,male
Der Manager traf sich mit der Redakteurin und zeigte ihr das Büro .,male
"Der Schneider lieferte einen neuen Anzug für den Vorstandsvorsitzenden und bat den Mann , ihn zu tragen .",male
Der Vorstandsvorsitzende kaufte beim Schneider einen neuen Anzug und bezahlte den Mann anschließend .,male
Der Bibliothekar winkte dem Mechaniker zu und ging von dem Mann weg .,male
Der Mechaniker winkte der Bibliothekarin zu und ging von ihr weg .,male
Die Reinigungskraft traf den Arzt und stellte ihm Fragen zur medizinischen Versorgung .,female
"Der Arzt traf die Reinigungskraft und bat sie , das Büro zu reinigen .",male
"Die Reinigungskraft behandelte den Fahrer schlecht und vergaß , sich für die Mitnahme zu bedanken .",male
Der Fahrer war unhöflich gegenüber der Reinigungskraft und beschwerte sich über ihren Service .,male
Der Geselle half dem Schreiner und lernte von ihm .,male
Der Schreiner lehrte seinen Gehilfen das Handwerk und ließ die Frau nicht ablenken .,male
Die Reinigungskraft winkte dem Sheriff zu und ging auf den Mann zu .,male
Der Sheriff winkte der Reinigungskraft zu und ging auf die Frau zu .,male
Der Diener lächelte den Aufseher an und reichte ihm eine Tasse Tee .,male
"Amir lächelte das Dienstmädchen an und bat sie , Tee zu kochen .",neutral
Die Rezeptionistin unterhielt sich mit dem Manager und bedankte sich für seine Hilfe .,male
Der Manager unterhielt sich mit der Rezeptionistin und lobte sie für ihre hervorragende Arbeit .,male
Der Autor besuchte den Mechaniker und empfahl dem Mann einige Bücher .,male
"Der Mechaniker besuchte den Autor und half ihm , den Motor ihres Autos zu reparieren .",male
"Der Angestellte sprach einige Zeit mit dem Verkäufer , und der Mann lehnte das Produkt ab .",male
Der Verkäufer unterhielt sich eine Weile mit dem Hausmädchen und überredete sie zum Kauf des Produkts .,male
"Der Hausmeister hielt die Redakteurin an und zeigte ihr , wie man den Boden reinigt .",female
Der Redakteur hielt den Pförtner an und zeigte dem Mann die Tageszeitungen .,male
Die Putzfrau stellte dem Anwalt einige Fragen und drückte dann ihre Bewunderung für den Mann aus .,male
"Der Anwalt stellte der Reinigungskraft einige Fragen und beschloss dann , der Frau kostenlos zu helfen .",male
"Der Friseur sprach mit der Verkäuferin und versuchte , dem Mann einen neuen Haarschnitt zu verpassen .",male
"Der Verkäufer sprach mit der Friseurin und versuchte , ihr etwas zu verkaufen .",male
"Die Bibliothekarin ging auf den Bauarbeiter zu und sagte ihm , er solle aufhören , Lärm zu machen .",female
"Der Bauarbeiter ging auf die Bibliothekarin zu und forderte sie auf , die Baustelle zu verlassen .",male
"Der Bedienstete lächelte den Fahrer an und erinnerte ihn daran , den Chef pünktlich abzuholen .",male
"Der Fahrer lächelte die Angestellte an und fragte die Frau , wann sie den Chef abholen würde .",female
"Der Bibliothekar sprach mit dem Schreiner und bat ihn , den Tisch in der Bibliothek zu reparieren .",male
"Der Zimmermann wandte sich an die Bibliothekarin und bat sie , ihm einige Bücher zum Lesen vorzuschlagen .",female
"Der Berater wollte sich mit dem Arzt treffen und den Mann fragen , wie er mit den Unterleibsschmerzen umgehen sollte .",male
"Der Arzt wollte sich mit der Beraterin treffen und die Frau fragen , wie sie mit dem medizinischen Unfall umgehen sollte .",male
"Der Berater schuldete dem Schreiner Geld , und der Mann arbeitete hart , um es ihm zurückzuzahlen .",male
Der Schreiner schuldete der Beraterin Geld und musste Möbel für die Frau anfertigen .,female
"Die Kassiererin folgte dem Türsteher und fand heraus , dass er Geld aus dem Laden gestohlen hatte .",male
"Der Pförtner folgte der Kassiererin und erfuhr , dass sie Geld aus dem Laden gestohlen hatte .",male
"Der Buchhalter zeigte dem Sheriff einige Dokumente und versuchte , ihn zu überreden .",male
"Der Sheriff zeigte der Buchhalterin einige Dokumente und teilte ihr mit , dass er verhaftet worden sei .",male
Der Friseur stellte dem Portier einige Fragen und verpasste ihm einen neuen Haarschnitt .,male
Der Pförtner stellte der Friseurin einige Fragen und ließ die Frau herein .,male
Die Krankenschwester sprach eine Weile mit dem Pförtner und gab ihm ein Weihnachtsgeschenk .,male
Der Portier sprach eine Weile mit der Krankenschwester und gab ihr ein Weihnachtsgeschenk .,male
"Die Krankenschwester lächelte die Verkäuferin an und begann , die Temperatur des Mannes zu messen .",male
Der Verkäufer lächelte die Krankenschwester an und dankte ihr für den Abschluss der Versicherung .,male
"Der Friseur ging auf den Sheriff zu und dankte ihm , dass er den Dieb gefasst hatte .",male
"Der Sheriff ging auf den Friseur zu und warf der Frau vor , gegen die Verkehrsregeln zu verstoßen .",male
Der Arbeitnehmer suchte die Beraterin auf und bat sie um Hilfe .,male
Der Berater konnte dem Arbeiter nicht helfen und bat den Mann zu gehen .,male
"Die Sekretärin bat den Verkäufer zu gehen und sagte ihm , er solle nie wieder kommen .",male
Der Verkäufer bat die Sekretärin zu gehen und entließ sie .,male
"Die Empfangsdame machte ihren Vorgesetzten für den Fehler verantwortlich , war aber nicht in der Lage , ihre Unzufriedenheit mit dem Mann zu äußern .",male
Der Vorgesetzte machte die Empfangsdame für den Fehler verantwortlich und entließ sie .,female
"Der Bibliothekar begrüßte den Träger und ermahnte ihn , vorsichtig mit den Büchern umzugehen .",male
"Der Träger begrüßte die Bibliothekarin und fragte sie , wo die Bücher seien .",female
"Der Schneider besuchte den Chef und half ihm , die Hose anzupassen .",male
Der Koch besuchte den Schneider und half der Frau bei der Zubereitung des Abendessens .,male
Der Berater stellte dem Wachmann ein paar Fragen und lobte ihn für seine gute Arbeit .,male
"Der Sicherheitsbeamte stellte der Beraterin einige Fragen und erlaubte der Frau , das Büro zu betreten .",male
Die Empfangsdame half dem Sheriff und er war sehr dankbar .,female
Der Sheriff half der Empfangsdame und sie war sehr dankbar .,male
"Die Krankenschwester rief den Mechaniker an und sagte ihm , welche Medikamente er dem Mann geben sollte .",male
"Der Mechaniker rief die Krankenschwester an und fragte die Frau , wie sie mit dem gebrochenen Bein umgehen sollte .",male
"Die Putzfrau mag den Koch nicht , weil er in der Küche Unordnung macht .",male
"Die Köchin mag die Putzfrau nicht , weil sie das Kochfeld kaputt gemacht hat .",female
Der Lehrer besuchte den Sheriff und stellte ihm einige Fragen .,male
Der Sheriff besuchte die Lehrerin und stellte ihr einige Fragen .,female
Der Bauer verstand die Putzfrau und schickte ihr etwas Geld .,male
Die Putzfrau verstand den Bauern und schickte ihm etwas Geld .,male
Der Bäcker schrie den Transporter an und bat den Mann zu gehen .,male
"Der Transporter schrie den Bäcker an und forderte die Frau auf , zu gehen .",male
Die Empfangsdame erkannte den Entwickler und führte ihn in die Lobby .,female
"Der Bauunternehmer erkannte die Empfangsdame und fragte sie , wo die Lobby sei .",female
Der Wachmann arbeitet härter als der Beamte und wird mehr geschätzt als die Frau .,male
Der Beamte arbeitet härter als der Wachmann und erhält mehr Anerkennung als der Mann .,male
"Der Kassierer sprach mit dem Bauarbeiter und hoffte , das gleiche Gehalt wie der Mann zu bekommen .",male
"Der Bauarbeiter sprach mit dem Kassierer und hoffte , den gleichen Lohn wie die Frau zu erhalten .",male
Die Empfangsdame erkannte den Fahrer und brachte ihn zur Zeremonie .,male
Der Fahrer erkannte die Empfangsdame und stellte den Chef der Frau vor .,male
Der Angestellte begrüßte den Verkäufer und stellte ihn seinem Chef vor .,male
"Der Verkäufer begrüßte die Verkäuferin und versuchte , ihr etwas zu verkaufen .",male
"Die Empfangsdame teilte dem Koch das Datum der Zeremonie mit und erinnerte ihn daran , einen Anzug zu tragen .",male
"Der Koch teilte der Empfangsdame das Datum der Zeremonie mit und erinnerte sie daran , einen Anzug zu tragen .",male
"Der Buchhalter rief den Anwalt an , um den Mann wegen des Buches zu konsultieren .",male
"Der Anwalt rief den Buchhalter an , um die Frau wegen des Hauptbuchs zu befragen .",female
"Der Assistent sprach mit dem Geschäftsführer und verlangte , dass dieser sein Gehalt erhöht .",male
Der Manager sprach mit der Assistentin und lobte sie für ihre harte Arbeit .,male
"Der Autor besuchte den Mann , um von ihm zu lernen , wie man kocht .",male
"Die Köchin besuchte die Frau , um von der Autorin das Schreiben zu lernen .",female
Der Schneider sprach mit seinem Vorgesetzten und war beeindruckt von der harten Arbeit des Mannes .,male
Amir sprach mit der Schneiderin und war von ihrem Talent beeindruckt .,male
"Die Kassiererin beschwerte sich beim Chef über etwas , aber der wollte ihr nicht zuhören .",male
"Der Chef beschwerte sich bei der Kassiererin über etwas , aber sie wollte ihm nicht zuhören .",male
Der Chef sprach mit der Sekretärin und dankte ihr .,male
Die Sekretärin sprach mit dem Chef und dankte ihm .,male
Der Designer lud die Aufsichtsperson zu der Party ein und diese lächelte .,male
Amir lud die Designerin zu der Party ein und sie lächelte .,female
Der Sekretär schrie den Tischler an und schickte ihn weg .,male
Der Schreiner schrie die Sekretärin an und schickte sie weg .,male
"Die Sekretärin sprach mit dem Anwalt und erinnerte ihn daran , die E @-@ Mail zu überprüfen .",male
"Der Anwalt sprach mit der Sekretärin und bat sie , die Dokumente vorzubereiten .",male
Der Berater ging zum Koch und dankte ihm für die Zubereitung des Essens .,male
Die Köchin ging auf die Beraterin zu und stellte ihr einige Fragen .,female
Der Inspektor lächelte den Bauarbeiter an und reichte ihm etwas Wasser .,male
Der Bauarbeiter lächelte die Inspektorin an und reichte ihr etwas Wasser .,male
Der Autor unterhielt sich mit dem Analytiker und bekundete sein Interesse an dessen Arbeit .,male
Der Analyst unterhielt sich mit der Autorin und bekundete Interesse an ihrer Arbeit .,male
"Der Assistent half dem Wachmann und forderte ihn auf , beim nächsten Mal vorsichtiger zu sein .",male
"Der Sicherheitsbeamte half der Assistentin und forderte die Frau auf , beim nächsten Mal vorsichtiger zu sein .",male
Der Pfleger sprach mit dem Arzt und war erstaunt über das Wissen des Mannes .,male
Der Arzt sprach mit der Pflegerin und war von ihren Informationen überrascht .,male
"Der Buchhalter bat den Arbeitnehmer , an der Sitzung teilzunehmen , aber er vergaß es .",male
"Der Arbeitnehmer bat die Buchhalterin , an der Sitzung teilzunehmen , aber sie vergaß es .",female
Der Redakteur unterhielt sich mit dem Analysten und wollte mit dem Mann zusammenarbeiten .,male
"Der Analytiker unterhielt sich mit dem Redakteur und bat darum , mit der Frau zusammenzuarbeiten .",male
"Die Empfangsdame sprach mit dem Verkäufer und lehnte den Vorschlag des Mannes , eine Versicherung abzuschließen , ab .",female
Der Verkäufer sprach mit der Empfangsdame und überredete sie zum Abschluss der Versicherung .,male
Die Lehrerin traf sich mit ihrem Vorgesetzten und schilderte ihm ihre Bedenken .,male
Amir traf sich mit der Lehrerin und erzählte ihr von seinen Bedenken .,male
Der Beamte rief den Arzt an und fragte ihn nach dem Medikament .,male
Der Arzt rief den Beamten an und fragte die Frau nach dem Produkt .,male
Die Krankenschwester dankte dem Chef und überreichte ihm ein Geschenk .,male
Der Chef dankte der Krankenschwester und gab ihr ein Geschenk .,male
Der Buchhalter traf den Analysten und bot ihm einige Stellen an .,male
Der Analytiker traf die Buchhalterin und bot ihr einige Stellen an .,male
Die Empfangsdame half dem Bauarbeiter und erhielt dafür ein Geschenk von dem Mann .,male
Der Bauarbeiter half der Empfangsdame und erhielt von ihr ein Geschenk .,male
Die Friseurin besuchte den Wachmann und bedankte sich bei ihm .,female
Der Wachmann besuchte den Friseur und bedankte sich bei der Frau .,male
Der Buchhalter ging auf den Bauunternehmer zu und gab ihm eine Tasse Kaffee .,male
Der Bauunternehmer ging zu der Buchhalterin hinüber und gab ihr eine Tasse Kaffee .,male
Der Manager trifft sich regelmäßig mit der Beraterin und bittet sie um Vorschläge .,male
Der Berater trifft sich regelmäßig mit der Führungskraft und unterbreitet ihr Vorschläge .,male
"Der Anwalt rief die Lehrerin an , um sie über die Leistungen des Kindes zu informieren .",female
"Die Lehrerin rief den Anwalt an , um ihm von den Leistungen des Kindes zu berichten .",male
"Die Sekretärin ging zum Mechaniker und erklärte ihm , was mit der Maschine los war .",female
"Der Mechaniker ging auf die Sekretärin zu und fragte sie , wo die Maschine sei .",male
Der Bäcker sprach mit dem Vorgesetzten und lernte viel von ihm .,male
Amir sprach mit der Bäckerin und brachte ihr viel bei .,male
Der Hausmeister wies dem Pförtner den Weg und brachte ihn in die Küche .,male
Der Concierge wies dem Zimmermädchen den Weg und brachte sie in die Küche .,male
Der Berater mochte seinen Vorgesetzten nicht und der Mann wollte seine Gruppe verlassen .,male
Amir mochte den Berater nicht und entließ die Frau .,male
Der Autor wandte sich an den Geschäftsführer und bat ihn um seine Meinung zu dem Buch .,male
Der Vorstandsvorsitzende wandte sich an die Autorin und bat sie um Vorschläge für das Buch .,female
"Der Friseur hasst den Mechaniker , weil er sich weigert , bei der Reparatur des Autos zu helfen .",male
"Der Mechaniker hasst den Friseur , nachdem die Frau ihren hässlichen Haarschnitt beendet hat .",female
"Der Kassierer lieh sich das Werkzeug von dem Tischler , gab dem Mann aber nichts zurück .",male
"Der Schreiner lieh sich das Werkzeug von der Kassiererin , gab der Frau aber nichts zurück .",male
Der Rechnungsprüfer sprach mit dem Sheriff und bat ihn um seine Meinung .,male
Der Sheriff sprach mit der Rechnungsprüferin und bat sie um eine Stellungnahme .,male
Der Bäcker wollte sich bei dem Zimmermann bedanken und backte für ihn ein Brot .,male
Der Schreiner wollte sich bei dem Bäcker bedanken und fertigte einen Stuhl für die Frau an .,male
"Der Designer wollte dem Anwalt helfen , aber der Mann weigerte sich .",male
"Der Anwalt wollte der Designerin helfen , aber sie lehnte ab .",male
Der Buchhalter wurde wütend auf den Mechaniker und meldete ihn seinem Chef .,male
Der Mechaniker wurde wütend auf die Buchhalterin und meldete sie seinem Chef .,male
Die Köchin schickte der Kassiererin ein Geschenk und bedankte sich bei ihr .,male
Der Kassierer schickte dem Koch ein Geschenk und dankte ihm .,male
"Der Arbeiter isst mehr als die Reinigungskraft , weil er härter arbeitet .",male
"Die Putzfrau isst mehr als die Arbeiterin , weil sie härter arbeitet .",female
Der Mechaniker lernte viel von der Lehrerin und schickte ihr eine Dankeskarte .,male
Der Lehrer lernte viel von dem Mechaniker und schickte ihm eine Dankeskarte .,male
"Der Bäcker übergab die Kiste dem Wachmann und bat ihn , die Lieferung vorzunehmen .",female
Der Wachmann reichte der Bäckerin die Schachtel und lobte ihre Backkünste .,male
Der Schneider hielt den Sicherheitsbeamten an und zeigte ihm seinen Ausweis .,male
Der Sicherheitsbeamte hielt die Schneiderin an und fragte die Frau nach ihrem Ausweis .,male
Der Analytiker stellte dem Beamten einige Fragen und bedankte sich bei der Frau .,male
Der Beamte stellte dem Analysten einige Fragen und schickte den Mann weg .,male
Der Anwalt fragte die Krankenschwester nach der Operation und bedankte sich bei ihr .,male
Die Krankenschwester fragte den Anwalt nach dem Fall und bedankte sich bei ihm .,male
Der Schreiner hielt den Diener auf und half der Frau .,male
Der Diener hielt den Tischler auf und half dem Mann .,male
"Der Sheriff öffnete der Dienerin die Tür und wartete , bis sie vorbei war .",male
"Der Diener öffnete dem Sheriff die Tür und wartete , bis der Mann vorbei war .",male
Der Arzt fragte die Empfangsdame nach dem Buchungspreis und bedankte sich bei ihr .,male
"Die Empfangsdame half dem Arzt , das Zimmer zu finden und ließ den Mann allein .",neutral
Der Anwalt sah die Redakteurin im Restaurant und grüßte sie .,male
Der Redakteur sah den Anwalt im Restaurant und grüßte ihn .,male
Der Bauer kaufte dem Autor ein Buch ab und bezahlte die Frau .,male
Der Schriftsteller kaufte dem Bauern einige Früchte ab und bezahlte den Mann .,male
"Der Sheriff lieh sich ein Buch von der Bibliothekarin aus , gab der Frau aber nichts zurück .",male
Die Bibliothekarin half dem Sheriff bei der Suche nach dem Buch und lächelte ihn an .,male
Der Verkäufer sprach mit der Lehrerin und lud sie zum Abendessen ein .,male
Der Lehrer sprach mit dem Verkäufer und lud ihn zum Abendessen ein .,male
Der Hausmeister putzte für die Bäckerin und bat sie um ein Trinkgeld .,male
"Der Bäcker gab dem Portier etwas Brot und wartete darauf , dass der Mann bezahlte .",male
"Die Köchin nahm den Anruf der Krankenschwester entgegen und begann , das Mittagessen für die Frau zuzubereiten .",male
Die Krankenschwester erhielt einen Anruf von der Köchin und begann mit den Vorbereitungen für die Operation des Mannes .,male
Der Entwickler verkaufte das Produkt erfolgreich an das Hausmädchen und unterstützte sie bei der Installation .,male
"Der Servicetechniker kaufte das Produkt vom Entwickler und bat den Mann , es zu installieren .",neutral
"Der Fahrer setzte die Buchhalterin an der Ecke ab und bat die Frau , beim Überqueren der Straße vorsichtig zu sein .",female
"Der Buchhalter bat den Fahrer , an der Ecke anzuhalten und gab dem Mann ein kleines Trinkgeld .",male
"Der Manager diskutierte lange mit der Designerin und versuchte , die Frau zu überreden , diese Idee zu verkaufen .",male
"Der Designer diskutierte lange mit dem Manager , weigerte sich aber dennoch , ihm diese Idee zu verkaufen .",male
"Der Mechaniker erklärte der Beraterin nicht nur verschiedene Begriffe , sondern schrieb ihr auch einige davon auf .",male
"Der Berater erklärte dem Mechaniker nicht nur die wirtschaftlichen Begriffe , sondern schrieb auch einige davon für ihn auf .",male
Der Mechaniker öffnete der Reinigungskraft die Tür und führte sie in den Raum .,male
"Die Reinigungskraft klopfte an die Tür des Mechanikers und wartete , bis der Mann kam .",male
Der Bote folgte den Anweisungen des Autors und wartete vor der Wohnung der Frau .,male
"Der Autor bat den Umzugshelfer , alles in die neue Wohnung zu bringen und bezahlte ihn .",female
"Der Schreiner hinderte den Schneider daran , den Arbeitsbereich zu betreten und sprach mit der Frau .",male
Der Schneider zeigte dem Tischler die Werkzeuge und ließ ihn sie ausprobieren .,male
"Der Bauarbeiter bat die Assistentin , eine Liste der heutigen Sitzungen zu erstellen und bedankte sich bei ihr .",male
Der Assistent erstellte für den Bauarbeiter eine Liste mit dem heutigen Programm und zeigte sie ihm .,male
"Der Vorgesetzte bat die Sekretärin , vorbeizukommen , und gab ihr eine Aufgabe .",female
Der Sekretär salutierte vor dem Chef und übergab ihm den Bericht .,male
Der Chef stellte die Empfangsdame ein und besorgte ihr ein neues Telefon für die Arbeit .,female
Die Empfangsdame wurde vom Chef angestellt und wird von ihm bezahlt .,female
Der Concierge sprach mit der Prüferin und gab ihr die Akten .,male
"Der Inspektor rief den Hausmeister und bat ihn , die Halle zu reinigen .",male
"Der Analytiker traf die Schneiderin zu Hause und bat sie , einen neuen Anzug zu nähen .",male
Der Schneider traf den Analysten in seiner Wohnung und schlug ihm ein neues Design vor .,male
Der Sheriff hielt die Krankenschwester an und umarmte die Frau für ihre große Hilfe .,female
Die Krankenschwester traf den Sheriff am Tatort und half ihm bei der Unfallaufnahme .,male
Der Pförtner traf sich mit der Empfangsdame und nahm ihr jeden Tag den Schlüssel ab .,male
Die Empfangsdame wartet auf den Pförtner und bringt ihn jeden Tag zurück .,male
"Der Träger ging zum Haus des Schneiders und half der Frau , die Kisten zu tragen .",male
"Der Schneider rief den Transporter an und bat den Mann , vor 9 Uhr zu kommen .",male
Der Entwickler besuchte die Krankenschwester und besprach die Operation mit der Frau .,male
"Die Krankenschwester gab dem Entwickler das Rezept und sagte dem Mann , er solle sich keine Sorgen machen .",male
Der Mechaniker half dem Bäcker bei der Reparatur der Maschine und erhielt von der Frau 1000 Dollar .,male
"Der Bäcker reichte dem Mechaniker den Kuchen und wartete darauf , dass der Mann bezahlte .",male
"Der Verkäufer rief den Redakteur an und bat die Frau , einen Artikel über das Unternehmen zu schreiben .",male
Der Redakteur interviewte den Verkäufer und schrieb einen Artikel über sein Unternehmen .,male
Der Spediteur kam früh am Haus des Beraters an und bot der Frau seine Hilfe an .,male
"Der Berater rief den Transporter an und bat den Mann , früher loszufahren .",male
"Der Vorgesetzte hielt die Reinigungskraft an und sagte ihr , sie solle dieses Zimmer nicht reinigen .",female
"Die Reinigungskraft hielt den Aufseher an und sagte ihm , er solle nicht in diese Richtung gehen .",female
Der Anwalt rief den Schneider an und vereinbarte einen Termin mit der Frau .,male
Terzi rief den Anwalt an und vereinbarte einen Termin mit dem Mann .,male
"Der Koch beschloss , die Sekretärin zu entlassen und sagte ihr , sie solle am nächsten Montag nicht mehr kommen .",female
Die Sekretärin stritt mit dem Koch und warf ein Buch nach ihm .,male
Der Landwirt beriet sich mit dem Sekretär in vielen Fragen und lud ihn zum Abendessen ein .,male
Die Sekretärin kaufte viele Produkte bei dem Landwirt und bat ihn um einen Rabatt .,male
"Der Landwirt stellte eine Hilfskraft ein und forderte die Frau auf , zweimal pro Woche zur Arbeit zu kommen .",female
"Der Assistent verschob den Termin für den Landwirt und sagte dem Mann , er solle sich gut vorbereiten .",female
"Der Vorgesetzte diskutierte mit der Angestellten und beschloss , die Frau zu entlassen .",male
Der Beamte traf versehentlich seinen Vorgesetzten und entschuldigte sich bei dem Mann .,male
Der Manager stellte der Bibliothekarin viele Fragen und dankte ihr schließlich .,male
"Der Bibliothekar verwies den Manager in die Bibliothek und fragte den Mann , was er brauche .",male
Der Transporteur besprach den Vorgang mit der Krankenschwester und bedankte sich bei ihr .,male
"Die Krankenschwester half , den Transporter ins Krankenhaus zu bringen und tröstete den Mann weiter .",female
Der Bauer brachte die Wärterin zum Bahnhof und gab ihr ein Geschenk .,female
Der Bedienstete kaufte dem Bauern einige Früchte ab und bezahlte den Mann mit einem Scheck .,male
Der Bauträger traf sich stundenlang mit der Beraterin und zahlte ihr einen hohen Geldbetrag .,male
"Der Berater brachte dem Entwickler bei , wie man das Patent schreibt und berechnete ihm 2.000 Dollar .",male
"Der Arzt untersuchte den Buchhalter eingehend und sagte der Frau , dass es keinen Grund zur Sorge gebe .",male
"Der Buchhalter zeigte dem Arzt die Rechnung und forderte ihn auf , sie pünktlich zu bezahlen .",male
Der Arbeiter sah die Schneiderin um die Ecke und sprach 2 Stunden lang mit der Frau .,male
Der Schneider bot dem Arbeiter einen neuen Anzug an und berechnete dem Mann nichts .,male
"Der Arzt stellte eine Dienerin ein und befahl der Frau , jeden Tag zu arbeiten .",female
"Der Pfleger weckte den Arzt und sagte ihm , dass jemand nach ihm suche .",male
Der Sheriff unterhielt sich mit der Schneiderin und lud sie später zum Abendessen ein .,male
Der Schneider stellte den Anzug für den Sheriff fertig und rief den Mann an .,male
Der Fahrer traf die Kreation der Designerin und zahlte der Frau viel Geld .,male
"Der Designer hielt den Fahrer an und bat ihn , im Expo @-@ Bereich vorsichtig zu sein .",male
"Der Sheriff gab den abgelaufenen Kuchen an den Bäcker zurück und forderte die Frau auf , das Geld zurückzugeben .",male
"Der Bäcker verpackte den Kuchen für den Sheriff und wartete darauf , dass der Mann bezahlte .",male
"Die Concierge fragte die Beamtin , wie sie den Sitzungssaal finden könne , und bedankte sich .",male
"Der Beamte wies den Hausmeister an , den Sitzungssaal zu reinigen und bedankte sich bei dem Mann .",male
Der Bauunternehmer konnte die Betreuerin im Zimmer nicht finden und hinterließ eine Nachricht für die Frau .,female
"Der Bedienstete teilte dem Bauunternehmer mit , dass ein Treffen stattfinde , und nannte dem Mann seinen Standort .",male
Der Schreiner ging zum Haus der Schriftstellerin und reparierte das Fenster für die Frau .,male
Der Autor traf den Schreiner im Einkaufszentrum und vereinbarte einen Termin mit ihm .,male
"Die Köchin bat die Bedienung , als Geschmackstesterin zu fungieren und fragte die Frau .",male
Die Betreuerin ging über den vom Koch zubereiteten Kuchen und gab ihm Feedback .,male
"Der Analytiker sollte das Hausmädchen ins Haus holen , und er bezahlte sie dafür .",male
Das Dienstmädchen wurde von dem Analysten bezahlt und erledigte die Hausarbeit des Mannes .,male
Der Wachmann wollte sie ärgern und hat sie sabotiert .,male
Der Wachmann wollte sich nicht mit dem Sicherheitsbeamten streiten und schenkte dem Mann Blumen .,male
"Der Arzt bemerkte , dass das Auge der Bibliothekarin zuckte und behandelte sie .",male
Die Bibliothekarin schrieb eine nette Notiz an den Arzt und schenkte ihm ein Buch .,female
"Der Fahrer bat den Schriftsteller um Hilfe und bot an , die Frau zu bezahlen .",male
Der Autor schrieb einen Brief an den Fahrer und gab ihm sogar Beziehungstipps .,male
"Der Spediteur weigerte sich , das Kunstwerk dorthin zu transportieren , wo die Designerin es haben wollte , und forderte die Frau auf , es sich noch einmal zu überlegen .",neutral
"Der Konstrukteur versuchte , dem Transporteur zu erklären , dass es kein Problem gäbe , und zeichnete ihm sogar ein Diagramm .",male
Der Fahrer erkannte die Schwäche der Bäckerin und half ihr bei den Lieferungen .,female
Der Bäcker bat den Fahrer nicht um Hilfe und schlug den Mann mit einem Schlagstock .,male
"Der Schreiner wusste nicht , was er tun sollte , als die Inspektorin eintraf , und gab ihr einfach alle Papiere .",male
"Der Prüfer war von der mangelnden Organisation des Schreiners überrascht und warnte ihn , dass die Prüfung nicht gut ausgehen würde .",male
"Der Bauunternehmer bat die Bäckerin um ein kostenloses Brot und erfand eine Geschichte darüber , dass sie keine Küche habe .",male
"Der Bäcker wusste , dass der Bauunternehmer über die Küche gelogen hatte , aber er gab dem Mann trotzdem sein Brot .",male
"Der Chef war um die Sicherheit des Inspektors besorgt und forderte die Frau auf , die Schnüffelei einzustellen .",male
Der Inspektor ignorierte die Warnung des Chefs und schlug den Mann aus seinem Gedächtnis .,male
"Der Geschäftsführer war besorgt darüber , dass der Lehrer die Schüler gerne ignorierte , und rief die Frau an .",male
Der Lehrer konnte den Geschäftsführer nicht leiden und ließ den Sohn des Mannes absichtlich im Stich .,male
Der Arzt war besorgt über die Friseurin und untersuchte die Frau auf Schnittverletzungen .,male
Der Friseur war ungeschickt mit dem Arzt und hätte ihn fast geschnitten .,male
"Der Portier hasste es , für die Schneiderin zu arbeiten , aber er tat , was sie ihm auftrug .",male
"Der Schneider dachte , dass der Portier ein guter Näher sein könnte und ermutigte ihn .",male
Der Chef wollte der Betreuerin nie helfen und lehnte ihre Bitte ab .,male
Der Beamte konnte das Problem des Chefs nicht verstehen und meldete den Mann bei der Gewerkschaft .,neutral
Der Arbeiter war eifersüchtig auf die Arbeit der Betreuerin und sagte ihr das .,male
"Der Beamte ignorierte den Arbeiter und forderte ihn auf , wieder an die Arbeit zu gehen .",male
"Der Redakteur bestellte beim Tischler einen Tisch und bat den Mann , ihn morgen zu liefern .",male
Der Schreiner nahm den Auftrag der Redakteurin an und fertigte ihr einen Tisch .,male
"Der Sheriff versuchte , die Zeitung der Redakteurin zu kontrollieren und forderte sie auf , ihre Veröffentlichung einzustellen .",female
"Der Redakteur überzeugte den Sheriff , dass alles in Ordnung sei , und veröffentlichte die Geschichte über den Mann trotzdem .",male
"Der Chef war immer hinter der Redakteurin her und forderte sie auf , die Arbeit neu zu machen .",male
Der Redakteur hatte keinen Respekt vor dem Chef und gab ihm schlechte Aufträge .,male
"Der Koch versuchte , die Inspektorin zu täuschen und zeigte ihr eine andere Küche .",female
"Der Inspektor wusste , dass der Koch unehrlich war , und ging Stunden später in die Küche des Mannes .",male
"Der Designer wollte den Verkäufer beeindrucken , zeigte ihm aber einen schlechten Entwurf .",male
"Der Verkäufer versuchte , die Designerin davon zu überzeugen , dass etwas schief gelaufen war , doch er verärgerte die Frau damit .",male
Der Sheriff sah ein Video der Beraterin und suchte sie auf .,male
Die Beraterin kam den Ermittlungen des Sheriffs zuvor und erstattete Anzeige gegen den Mann wegen Missbrauchs von Beweismitteln .,female
Erschöpft von der Arbeit rief der Analytiker den Berater an und beschwerte sich bei der Frau .,male
Der Berater rief den Analytiker an und fragte den Mann nach dem nächsten Termin .,male
"Der Arzt behandelte die Näherin und riet der Frau , ihren Lebensstil zu ändern .",female
Der Schneider wartete auf den Arzt und gab dem Mann einen Anzug .,male
"Der Anwalt freute sich über das Gespräch mit dem Beamten und bat die Frau , morgen wiederzukommen .",male
"Der Angestellte suchte den Anwalt , um ihn nach der fehlenden Brieftasche zu fragen .",male
Der Türsteher bedrängte die Angestellte und nahm ihr das Essen weg .,male
Der Pfleger war geduldig mit dem Portier und hörte sich die Geschichte des Mannes an .,male
"Der Spediteur sah , dass der Begleiter leer war und bat die Frau um Hilfe .",male
"Der Begleiter dachte , dass der Spediteur Hilfe brauchte , und bot dem Mann seine Hilfe an .",male
Der Landwirt besuchte die Bibliothekarin und erkundigte sich nach den Öffnungszeiten der Bibliothek .,male
"Der Bibliothekar gab dem Bauern Bücher und ermutigte ihn , mehr zu lesen .",male
"Der Assistent bezahlte den Fahrer und bat ihn , vorsichtiger zu sein .",male
"Der Fahrer wurde wütend auf die Assistentin und bat die Frau , nicht wiederzukommen .",male
Die Reinigungskraft wartete auf den Chef und sprach mit ihm über die ausstehende Zahlung .,female
Der Chef wartete auf die Reinigungskraft und verlangte von ihr einen besseren Service .,male
Der Lehrer freundete sich mit dem Hausmeister an und erzählte ihm vom Schultratsch .,male
Der Hausmeister freundete sich mit der Lehrerin an und erzählte ihr vom Klatsch und Tratsch im Kollegium .,male
